mean_fmg_Extensor,rms_fmg_Extensor,std_fmg_Extensor,median_fmg_Extensor,wl_fmg_Extensor,ssc_fmg_Extensor,rms_Extensor,mav_Extensor,sd_Extensor,iqr_Extensor,wl_Extensor,ssc_Extensor,iemg_Extensor,kurt_Extensor,log_Extensor,mnf_Extensor,pkf_Extensor,mnpsd_Extensor,mean_fmg_Flexor,rms_fmg_Flexor,std_fmg_Flexor,median_fmg_Flexor,wl_fmg_Flexor,ssc_fmg_Flexor,rms_Flexor,mav_Flexor,sd_Flexor,iqr_Flexor,wl_Flexor,ssc_Flexor,iemg_Flexor,kurt_Flexor,log_Flexor,mnf_Flexor,pkf_Flexor,mnpsd_Flexor,labels
129.738145195132,158.897270037953,91.7599554367108,113,2117,476,53.1439528969448,37.2735329736781,53.1551037019406,50.9944956728024,70422.6997951144,820,88822.8290762749,4.32349311203528,3.37679194076952,0.781471255071801,93.75,6.66685590644343,224.122549019608,280.523888395952,168.743493704107,253.5,2414,407,11.4500162645271,6.77602292159203,11.4523503363249,6.83807351263179,14101.9547883419,866,16587.7041120573,14.8182025542963,1.48032421732418,0.826146976687952,90.8203125,0.287036838747403,ok
292.491084017583,374.043117006288,233.156016172719,323,7598,1765,6.08311939037652,4.61855161202618,6.08337166918685,7.15278221321618,34564.5749228843,3314,55685.8767861996,4.30922565455789,1.59183538136586,0.59607947909476,50.048828125,0.0722863907050035,212.770541245517,304.362375694675,217.644236545057,142,7996,1608,4.18554373022719,2.5452987190068,4.18571429984352,2.77242285151103,22139.2974346768,3299,31225.7246847755,14.8435363488152,1.10350497152386,0.7314062373952,50.048828125,0.0301782434668839,ok
3.17376133984648,16.3961767708398,16.0916919954182,0,300,7,89.609984885215,70.3675851301463,89.641165109828,117.994737045819,108954.782458983,706,100836.7494915,3.31291211625506,5.21818167792534,1.12039282713771,123.046875,16.9452771687747,113.134262655906,126.204221413421,55.9503426647064,134,1126,299,14.6059141808959,10.8938496245811,14.6112740739556,16.9717575281065,10493.764731533,499,14848.317038304,4.72965488191005,2.2814183973299,0.637920127793222,66.40625,0.445269308012118,open
451.918683446273,473.917925792243,142.750016582468,536,1744,316,6.23691435513676,4.62172201630531,6.23842243365066,7.02903369738602,6660.19840410125,661,9548.47768568676,4.88422844625651,1.55039386325202,0.664049405704171,50.78125,0.0873428531117596,320.739450441609,360.231328331779,164.03053681988,394,2628,464,8.37849668138408,5.22631972749537,8.38055259489247,6.25490465455762,7658.45417434582,636,10651.2396046356,12.0044654751415,1.52424884571716,0.670349391656503,44.921875,0.150079835385826,ok
415.428660826033,441.445406515536,149.355395093098,485,2258,380,11.6794529901002,8.82789770316263,11.6831087147977,13.647611235383,10027.5987770237,555,14106.9805296539,4.27568718428846,2.09691671586429,0.668728586919523,50.78125,0.319878433535507,131.938836104513,148.544152365215,68.2662150272926,150,1038,226,12.0741914863383,7.67583331532687,12.0777780394597,9.82830362434039,10109.8081302061,553,12926.1033030105,11.5764790344479,1.75908033306348,0.73464849191981,95.703125,0.32615050947317,point
287.570893776322,296.324700337229,71.5101532483303,317,1828,361,18.8011672776626,14.3842983190836,18.8055670155073,23.1092639370916,16694.3304451176,564,30739.2455078817,3.92086063945277,2.60066740078471,0.490780730486589,58.59375,0.720341210073956,273.561334641806,285.962795331899,83.3206033472817,287,2195,530,10.4282492321436,6.68670606956382,10.4308084703818,8.91262957245917,9834.5423596941,664,13627.5069697711,11.4366734999038,1.75456955541229,0.701571218682951,76.171875,0.232334414148317,point
379.609160305343,395.552634958865,111.191237626854,397,2367,434,80.0321976283116,57.2323468248991,80.0473877496177,81.3248853834171,151191.655443208,1207,149948.748681236,4.58644093514016,4.33645259577121,1.01031897971023,125,12.4910036989227,47.513325608343,72.1637445362453,54.3252227443524,0,1884,413,9.18686985205404,6.58907369605928,9.18864087245393,9.54615940934587,14970.3341132957,918,17059.1117990975,4.9807317608901,1.72149294690967,0.859679231163142,65.4296875,0.189506880301031,open
273.542217700916,281.772131481005,67.6203742273867,259,1765,372,13.6929114901015,10.0506201657306,13.6963890728529,15.7743081046978,10923.1610159261,522,19759.5192458263,7.48921302650357,2.19500119822104,0.500802922634854,50.78125,0.391895886375799,247.306587419515,282.960523309104,137.533553384022,285,2128,366,10.4085476498226,6.57628240399114,10.4111258502772,7.84908965025305,9196.28893025583,630,13277.5141736581,10.521755972359,1.66753143514645,0.680101149979604,58.59375,0.209809258612343,point
55.0693597560976,83.9640284840377,63.4065297540838,25,1914,229,69.3493394492638,51.0485721759043,69.3757809711483,73.6882095465134,66325.9880502256,581,66975.7266947864,4.37874997821687,4.36738094785951,0.997556913249747,107.421875,11.6641040974042,78.3967766692249,119.015619037281,89.5813692127568,0,678,92,10.2070597668478,7.52628350650341,10.2109787375992,10.9553321621767,8805.60295341505,536,9806.74740897395,4.29149584439192,1.90563323023095,0.88978830582955,89.84375,0.245325360991663,open
192.806901128069,205.513631390861,71.1667925092966,211,1450,245,23.3592458270103,17.5331936586324,23.3669917583912,26.0380910411959,19352.5200860273,511,26422.522843559,3.77441654420918,2.75317455578057,0.728608748046675,82.03125,1.1771579973463,142.570787956438,177.455127368414,105.693183281909,208,1368,233,17.0300279489342,11.9228219372242,17.0354853885269,15.9567621609347,14569.864669805,516,18611.525044007,5.44153419430883,2.23312929268805,0.770054139341011,70.3125,0.651022048827472,close
304.971482889734,313.250822739172,71.560509093415,332,1496,414,31.0309830289479,23.4988574272121,31.0383563652057,37.297681922529,38144.6796979066,809,49441.5960268542,4.90025513033215,3.21243086816462,0.756288226958477,50.78125,2.08694117974603,199.106046065259,211.97102955461,72.7395262345149,204,2116,550,4.4542667154986,3.34613954490508,4.45533501336592,5.24049024859859,6161.2196090598,773,6973.35481158218,5.07086490363485,1.38065273915362,0.897936156318259,50.78125,0.0426980668955713,ok
473.050201961916,489.994660639562,127.779871322753,508,2351,375,16.7450490957462,12.9522622954141,16.7498817166974,21.063036336628,15793.2743431543,590,22446.2705579527,3.70156967099091,2.51334057266437,0.672472316666093,74.21875,0.587168685229036,34.7467811158798,50.9406189449218,37.2620336769595,15,810,191,3.37080214919918,2.51838368665051,3.3718359545323,3.79670650694186,3040.38245460833,496,4107.48379292698,4.65827603222341,1.20715096218023,0.759544564299822,50.78125,0.0240586107492509,pinch
371.421252371917,406.218177170385,164.549649015392,463,2006,350,15.8260509918389,11.9611634349072,15.8310289430872,18.7611814573554,15148.3635118977,579,18910.5993905883,4.32161249917254,2.3788585155185,0.799255973433724,87.890625,0.576921866934883,15.0634218289086,22.1500647568255,16.2454091323224,9.5,1436,288,13.8130133396547,9.40972721733528,13.8181094150089,12.573112192268,10729.4382083557,530,12759.5901067066,8.11930793261608,2.01131720354763,0.779753202193807,72.265625,0.500552039016185,ok
476.257252326218,482.887730721815,79.7688716659586,518,1444,341,26.9221261693158,20.6009811091704,26.9294953484228,31.9483610838923,25555.2216050354,616,37637.9924864543,3.75432620608875,3.04858150453155,0.657882922850998,78.125,1.53371025947889,97.9806763285024,114.008032412822,58.3047445360817,108,2222,512,5.78780423076226,4.36472092789484,5.78935663008554,6.64775113038288,5986.58200412946,611,8131.47508866808,4.257008828493,1.53233559632852,0.705768608761669,48.828125,0.0680250484863393,pinch
399.296052631579,422.459109456382,138.006349548951,459,1969,298,47.3561316826485,34.9511531601608,47.3702978379026,53.3281758555292,50645.3054683329,659,58438.3280837889,4.03879735743227,3.5848053595656,0.863936812355277,113.28125,5.3691962567594,29.5437158469945,73.8218021315204,67.6707447117891,0,1748,222,28.6971076775063,19.8599822551796,28.7049515736513,27.2814420975722,24791.3111659616,575,36343.7675269786,5.35359356374675,2.61516473532437,0.626983894538798,46.875,1.76644650052788,pinch
392.490959666203,409.12991170851,115.517607974656,424,1628,427,6.27537435929841,4.37501145597554,6.27682790695927,6.22671273543258,5829.18004576319,571,9436.89971053923,9.02738620963256,1.50619554439015,0.643785644327274,50.78125,0.0849644118305906,258.111476758536,289.823589941732,131.845855236814,283,1976,469,3.08581952189416,2.15917113506932,3.08645004969504,2.98065009249996,4451.38616693203,763,5248.94502935351,6.98928381002257,1.10412175298314,0.893245688901696,80.078125,0.0187469018661295,close
4.46607142857143,14.9150970177072,14.2349900273543,0,186,19,18.7938417448373,11.9067996670481,18.7994316936061,13.7555725885591,9264.83168992064,424,20003.4234406408,8.47136004975234,2.20315864240965,0.404595089531591,39.0625,0.905825755232605,94.3056008700381,152.897741686149,120.382945038322,0,1303,93,4.66067029835822,2.85537604429596,4.6619375927602,3.18622796242911,3765.1875399548,494,5251.03654546027,9.85167889340099,1.17140335553024,0.754333413111125,52.734375,0.0474760385764963,pinch
329.372881355932,350.528974599673,119.974270520854,379,1926,288,33.3856944744158,24.9205169508087,33.3970171207776,38.1058538167413,32649.7779994958,597,36757.7625024428,3.82781063766971,3.16398618786487,0.888894180509495,121.09375,2.50663703802413,95.4749009247028,125.179852118806,80.9868558290506,102,1774,281,19.68443636957,14.5000736256544,19.6909389736199,21.1259508302773,16946.8941967841,540,21953.1114692407,4.03241889217965,2.50313562531116,0.729614312507174,52.734375,0.851050951759391,pinch
86.6465349740933,192.369603318945,171.765011960353,0,2988,124,13.8609757184896,9.04143722070513,13.8620980068579,11.7961763566493,31424.8940119569,1553,55839.9162750749,9.62574434504393,2.02265152516762,0.58633546700166,35.64453125,0.330637096380097,90.6633552315334,134.344791462528,99.1476379955004,56,6386,940,10.0841164466192,3.87538713506254,10.0849243875439,2.65846958081549,12496.3523014351,1362,24186.2911099253,47.4149672308477,1.11666410568312,0.484165542619234,42.96875,0.155280334539442,point
175.511422637591,190.869920583608,75.0332610184707,162,2002,309,23.689963526849,16.8242104903839,23.6961156574653,24.7602487931373,24696.9803869341,686,32403.4294044793,6.80319879240876,2.70672535080185,0.729616744845856,91.796875,1.21154053877108,109.724935732648,132.689329253284,74.6308261114581,101,2058,406,17.1131037483658,12.2975525371526,17.1174945773359,18.0742906477462,18175.4483503882,695,23918.7396847618,5.76838216002431,2.39028800767425,0.728012159319546,72.265625,0.631597865150489,close
264.682020260914,362.633711219047,247.89335465263,196,6473,1323,7.2080749207219,4.76436909268756,7.20833759932841,6.06681279885878,38346.1543066229,3527,65371.908320766,9.76664241327702,1.53440140095416,0.598589651834714,50.048828125,0.0882627033882839,186.368424753868,279.310621993451,208.048738795784,0,7832,1662,6.47288037532725,4.16439715157,6.47310797901911,5.06641193153973,44653.2227507218,4246,59217.7274953255,13.2058578613566,1.3886893889183,0.735833062468407,50.048828125,0.0688312838948742,close
378.244759556104,388.531394183711,88.8392480084651,397,1741,402,7.64858555273364,5.91589851340458,7.65094340771606,9.4297209318485,8163.21978307666,634,9595.58738874223,3.5991885265238,1.77936005954947,0.825183133116674,99.609375,0.121669984167614,0,0,0,0,0,0,8.29608726627388,6.17192968021981,8.29849510334672,9.31433616733294,8640.79721218018,613,10615.7190499781,4.8166655837327,1.78059976153451,0.788579152367409,85.9375,0.130996635674947,pinch
172.879610504574,283.41665857987,224.616405847832,0,1258,179,31.3432996400053,21.8779722808459,31.3479173686927,28.643821227667,60285.1421759205,1208,74144.4480597867,6.18519197281269,2.97164538585511,0.799433087710349,75.1953125,1.9835417659671,123.569435431538,205.76048540079,164.550166908671,0,1672,275,12.0270598164827,7.60529141387256,12.0290114231064,8.3655107735831,16453.7734175427,954,23439.5081375552,8.68283377547549,1.76632709034084,0.699519085762891,83.0078125,0.256587047858577,close
289.471852610031,300.942961347006,82.3105341788375,310,1456,205,19.4280909337155,15.1087721302652,19.4313923173644,24.5142532831121,26429.2586448478,808,44283.8111138074,3.59018937302255,2.69939543832717,0.568385022986436,40.0390625,0.765903963636777,133.066398390342,138.052780077729,36.7744097626469,143,1753,349,6.56995939241233,4.45700624777907,6.57106086076464,6.21023548795903,7639.00632060128,727,13290.7926308772,9.57881329951258,1.48308925899897,0.549993402310673,47.8515625,0.0707921971526546,point
120.897580645161,128.555313186142,43.7239671676355,128,1383,276,25.8287726725502,18.4624597201018,25.8391713720866,27.0255684577251,15882.727185161,418,22893.4500529262,6.30216129996663,2.8149517286781,0.641718014725771,80.078125,1.66317194859931,203.203150912106,236.363099754114,120.781168423166,209.5,1554,272,45.7848759326168,29.1814822659687,45.8038694934288,36.9317994504266,24045.571184095,412,35192.8676127582,11.378941606967,3.15720426368408,0.666498608060591,76.171875,4.73822554168267,open
248.648674242424,261.370510120415,80.5695597802735,275,1706,460,17.8835756868089,13.6366331940155,17.8878064511683,21.5090293421406,21288.9589018513,759,28800.5693057608,4.10136752575216,2.56600664666819,0.711975567213567,91.796875,0.719667249362482,153.783956692913,170.762075753804,74.2488667799943,159,1768,427,3.28847198787171,2.38421415718446,3.28928142490499,3.41593929271139,4090.39219572268,675,4844.72316739883,5.17386216847954,1.16640146308671,0.872421876213256,80.078125,0.0251567468204742,ok
338.625674217907,440.950848151398,282.588832549709,474,1602,59,44.3559024173454,29.3705031591049,44.3798285222909,35.7264060741557,20069.3730082772,324,27226.4564284903,7.21808061063841,3.311219074543,0.691825679805998,89.84375,4.26197536098062,251.937052932761,298.380363297783,159.984934956635,317,1249,136,41.1681879302384,27.4407360036306,41.1976537910951,30.4619872919269,15107.6021822968,256,19181.0744665378,5.49084160047106,2.8511197129266,0.737736761764035,109.375,4.28132692701865,close
405.806428400096,436.169491846523,159.909667989272,494,2781,803,10.0097278985758,7.4544340720861,10.010925225201,10.9701134856227,20729.1411281517,1254,31077.535646527,4.1030069142312,1.90796793887112,0.645777066435547,49.8046875,0.198870622064756,254.106971428571,295.991220719225,151.808159882157,351,2248,601,3.96364199263063,2.84212723833067,3.96409411748889,4.04936074504572,10810.1326894381,1470,12434.3066676967,6.11918946055963,1.23422580382853,0.914518945231666,49.8046875,0.0289107679442241,close
70.7119370979271,77.5338336071689,31.812587266989,80,2412,499,22.853811913231,16.576802456445,22.8619663066686,23.7173103714083,15446.9512732938,459,23190.9466365665,5.00537491669527,2.70805850192537,0.62550828460884,66.40625,1.19100984540136,117.634560906516,151.985191987803,96.2713484140669,120,1144,223,30.1313115609078,20.3122129678775,30.1419846186536,27.7596764887307,19574.1678705107,424,28680.844710643,6.83649813023267,2.7559385648924,0.705171196211029,101.5625,2.06612045247405,open
291.989690721649,346.669445534725,186.927091213324,339,2328,181,35.3286096221903,23.726775934764,35.3386844293819,33.3039756632073,27585.7754735095,563,41426.9507820979,12.1891038953873,3.12315562388958,0.690853435655768,50.78125,2.76601144359862,23.4265842349304,57.4855535914512,52.5090899752377,0,804,84,36.8482319207673,19.6217741811399,36.8577271728311,19.6024431949999,28941.9802040395,615,38085.8636855925,37.6235630152681,2.33723716453229,0.771229542529738,91.796875,3.41956453398667,open
282.488527325824,311.654060190475,131.665171622591,330,2256,416,34.5595157997647,25.833756671313,34.5667269494379,38.8455069599128,51875.906608281,884,61923.5147411373,4.66987471958909,3.31905754619219,0.822126185078406,112.3046875,2.3075177720344,47.3877725523728,76.7952809580527,60.4439920262386,17,1572,361,15.7234229969388,11.6631146441955,15.726784927821,18.0159775672665,25488.5015997231,954,27280.0251527733,4.95429703109686,2.32921129320492,0.952011541814445,88.8671875,0.47481898181541,ok
187.690555291884,239.533223507178,148.858783539538,255,1696,107,29.2542416322333,20.8094869718725,29.2611735066685,29.1288508427474,27929.4664801196,645,43845.5890497353,7.03099677326511,2.98908980133859,0.616729784833758,50.78125,1.70461445277172,188.606333072713,252.528829278734,167.956806021238,257,2002,169,9.92464344671977,6.49563808439151,9.92658355020526,7.11314905943336,10184.6232805139,680,16615.8422198735,8.02032247438944,1.68494362298695,0.613574677683383,44.921875,0.188048837992324,pinch
455.775367931836,481.315670421542,154.734810467705,511,2439,463,8.62673763467069,6.45784591154347,8.62840063934828,10.1047583913588,13348.1378450926,955,16674.1581436052,5.0491133747628,1.83784390229687,0.76558514691467,49.8046875,0.151655315919955,192.601805869074,204.76164307321,69.5273850266455,211,1483,427,5.5388284056628,3.87584177434238,5.54007863863229,5.45649824637671,7453.57168802481,819,8584.98953016837,6.71307039766086,1.40981574897026,0.84611293735459,70.3125,0.060982429063047,point
314.436527847466,415.11826702116,271.033187364684,170,7842,1571,12.8207666674733,7.98452978098073,12.8213025665595,8.3070925956674,64330.0146405854,3586,95479.0071209675,8.59471689696081,1.80098243352352,0.667591792587787,50.048828125,0.231024128622649,254.374065439344,385.572585784146,289.770260768505,0,5420,680,11.002511609885,6.77493948793269,11.0029536193114,7.91251459681306,64187.0672635878,3966,84273.4722903947,17.0786684145087,1.63400671436095,0.732920522506645,99.365234375,0.205216077814825,close
382.738581146744,456.695740102952,249.223511054147,551,2803,395,17.3771673997303,12.9010374155467,17.3813893793368,19.2973909633454,19066.4082838773,712,26550.3350011952,4.65698161992855,2.45339137221828,0.709627713590059,76.171875,0.606121679172415,105.954412624196,128.881562074119,73.398011526297,113,1106,213,7.24960156133924,5.0319425881225,7.25171839565906,6.92209905692096,5949.98098182029,512,8609.6537682776,9.78682789172267,1.60359077523025,0.700592998961884,50.78125,0.114724846857912,pinch
113.435311463325,159.625009795783,112.326419508513,141,1714,225,23.3751981586118,13.9810620563181,23.379506177719,11.4822960852088,27857.2261049281,830,37930.6213587911,11.6244079184265,2.14834751943048,0.729190963007275,97.65625,0.985061865172053,62.9840031213422,107.468359542566,87.094335299534,0,2370,329,16.8468603745369,9.34233589435651,16.8501478812724,6.3103112668249,19335.7211933873,777,23944.4068972357,12.1762429470768,1.50932672952884,0.812637836768499,83.984375,0.614500259776855,close
254.831001076426,262.77304216755,64.1330357607958,266,1168,299,14.11107622571,11.0734480013964,14.1148696880475,18.3315086850836,15306.3226198031,658,20574.4663865944,3.50342559560662,2.36021529984045,0.734391926911406,76.171875,0.399827265204967,84.8400724200362,93.6768415013834,39.7299049804201,98,1212,375,1.65984030065589,1.14410391497556,1.66034096166782,1.49272612737825,1530.99384458109,488,1895.7801871145,5.68790464608042,0.803389534085959,0.852536053436513,72.265625,0.00505983864537716,ok
23.9530900967982,57.323636097149,52.0986543006391,0,966,103,83.9932968095768,61.611565806545,84.0245775216564,86.973264228797,79057.8836783752,576,82744.3328781899,4.3683767474592,4.77031464349963,0.983234502585792,134.765625,15.4371872907417,41.7383399209486,63.3984887788868,47.7397214607851,25,600,142,9.0232214189611,6.58172388756256,9.02678887071255,9.33999491413458,7515.53303397905,520,8325.88071776664,4.90630426507721,1.80399227942556,0.884649313823633,76.171875,0.194130459815368,open
320.492230854606,348.558038836134,137.068824011711,302,2032,354,37.5112338825194,28.5969022300931,37.5216254406474,43.5936057796382,40432.4523248585,670,51531.6178186278,3.96079633368214,3.50037406054682,0.755770732563698,50.78125,3.00004108990551,184.801818181818,196.496697481693,66.7977868390049,206,2090,425,22.8818307624494,17.5713289390912,22.8887654658393,27.5291058130416,25962.1299997175,707,28992.6927495004,3.51668980107724,2.81426174590908,0.888414637558194,101.5625,1.10352364738613,ok
317.296849087894,360.753841890723,171.704227054891,415,1980,295,28.3348750214396,19.7224431401438,28.3427079158381,25.025932247092,31674.7818200147,700,35677.8996405202,5.20586836402553,2.74247760133822,0.906439203784488,148.4375,1.70572694664651,38.9764549089294,82.7191810003906,72.9771524431831,1,2392,208,14.8018504636868,9.40521072832515,14.8051334817305,9.2118487004256,14706.2687477651,633,21171.1293494599,5.5711950042904,1.68072625890876,0.661322283133087,60.546875,0.450759847252428,pinch
100.766041461007,106.810919651326,35.4315832023276,110,2941,653,24.9341795770763,18.3953341763005,24.9403109155391,27.6678200670829,25492.7210039961,708,37268.9470411847,5.34689177764165,2.85867554404692,0.627729948617888,91.796875,1.17954966252217,149.459701492537,189.023142124732,115.750644341257,185,1730,318,31.904496441926,23.0061326363312,31.9124317783974,33.867102508146,30667.8928150136,620,46242.3265990257,6.50030726215568,3.10429776540128,0.661289236740153,91.796875,1.89649248775629,open
378.268847795164,382.115963149283,54.0987595887541,390,1734,390,17.4372050944781,13.4271105540914,17.4413324385185,21.3189295824585,14962.1642902221,539,28317.7761585788,3.61639484665766,2.54176484056157,0.485283305586001,66.40625,0.619690297709731,434.882710280374,449.091306308494,112.097732437857,480,2274,457,14.5519808666003,10.5069215420573,14.5553808495587,15.8870040755628,16206.4588383515,727,22484.8121000027,7.18593218846268,2.22119294430975,0.703021734145254,82.03125,0.434171969275227,point
224.490204251772,226.387878311618,29.2570751606472,217,1548,394,17.5327856303701,13.4040623064281,17.5364091399494,21.7008615858967,18164.7296467647,638,32156.3454731211,4.1730600718507,2.53932874506812,0.520208724880434,69.3359375,0.603829076567859,260.227272727273,273.01814006169,82.6050688674577,283,1924,556,8.6612737591956,5.91924838426409,8.66313137852958,8.1003128408364,9578.05587594622,760,13803.6872321038,9.95130248211721,1.7106411839635,0.637773517476448,48.828125,0.143220314446101,point
258.503211991435,267.206214960183,67.664752564949,277,1057,277,16.6595192221153,13.1066657287817,16.665460517633,21.8218374239666,14227.507669732,529,18362.4386860232,3.29685331202416,2.5352993158701,0.749388607330685,89.84375,0.591732373678667,102.210608424337,112.193837167128,46.283037323536,124,1027,273,2.4580586131151,1.76137151123128,2.45901742498222,2.48546804259942,1893.6278072738,408,2258.0782773985,5.49998994947212,1.00417402692501,0.866096248129208,83.984375,0.0107965117731449,ok
386.890764647468,403.48882804792,114.59411467177,420,1578,234,59.4208271956929,43.4992829074473,59.4503506940941,62.3663090305931,40351.9869748103,448,43803.7778877994,4.992839190413,4.17010174476864,0.92155986323435,121.09375,7.82070470455795,56.3590504451039,81.1069740915712,58.3555224014062,38,696,129,11.6613040221781,8.43761492180059,11.6670745291291,12.1334279672068,6861.6091145094,364,8530.4286859404,4.95473176742275,1.9662045375443,0.803921603299372,62.5,0.299995050890501,open
73.9799839871898,126.776667643408,102.973444324072,3,1230,225,71.7324024609303,54.8194784955969,71.7467529941577,87.6786612355481,119805.577248481,1016,136939.057282001,3.5218000505681,4.56679665237665,0.856550291663065,136.71875,11.7093567015841,0.00694176629386811,0.0833172628803185,0.0830435893616751,0,36,18,21.7533333937919,16.485317040437,21.7575217102892,25.9647719184593,36573.3753375008,971,42746.4270858531,4.06732624593697,2.7185074025415,0.863701688177678,90.8203125,0.926773065159257,point
132.956043956044,158.452264839315,86.2242218671964,130,1716,382,34.1233607217467,24.525747675707,34.1343946096447,34.8593523793529,32344.8804478912,558,37941.3316543187,4.94686092746869,3.1219321717127,0.831368211794525,138.671875,2.59402452117357,136.851600985222,162.131869867096,86.9657379573017,159,1294,298,5.29625979449885,3.52759825714573,5.29789116119387,4.42531946905121,4940.62688256431,532,5728.81956960466,6.45543382595321,1.19010869373708,0.867717203976888,56.640625,0.062687853428201,ok
442.713395638629,481.761038087675,190.094901611556,522,1927,246,28.991532348527,21.8826176880498,29.0065724532216,34.1466110125524,15093.5662522601,325,21072.960833592,4.33068968111767,3.09688941478621,0.687134480848532,85.9375,1.80643659787081,152.984186046512,185.145082017722,104.329600235283,209,1136,182,28.6276049323436,19.4433030190135,28.6409000742798,23.1921221891284,16785.6341206538,367,20901.5507454395,5.32322411426454,2.6342252596856,0.781763538454697,74.21875,1.80935628145979,close
258.503615702479,276.295361071421,97.5701006185992,243,1972,385,14.7855921567902,11.1178726594299,14.7894007389551,17.1343930546934,12104.2231345587,522,21524.2014686564,4.30386615578931,2.33663640042509,0.527810041160636,41.015625,0.459169156028984,275.703605514316,301.854145637591,122.928676816316,262,2053,381,15.2905112978334,8.89159069725644,15.294564948992,11.1053573316709,11443.9887641938,612,16769.5400550256,27.8686075613757,1.93121453439619,0.632454040241091,54.6875,0.583286945209864,point
60.0280189423836,71.4953953402174,38.843582847197,63,1784,442,64.4959388429224,46.6410903443521,64.5086665937157,69.6894919696252,127839.048516089,1186,118188.522932588,4.85059338322213,4.09053584756473,1.1266071215059,146.484375,9.34620754792664,0,0,0,0,0,0,5.46047122964687,3.77622948039626,5.46154180532329,4.85589251368745,7847.59382280195,878,9633.16140449087,5.90454300935106,1.36273234565197,0.79700564257626,70.3125,0.0544900043052941,open
144.30063473745,241.579576669511,193.803229847016,0,1434,67,18.5553367917448,13.0622645357153,18.5606543268545,18.0685728482187,12563.8306082813,447,22636.9044403946,6.33889138886556,2.40104980770434,0.536996257643549,56.640625,0.822813738094256,144.505403687222,164.155340584275,77.903930545549,112,1310,141,10.7871221391246,5.53543269586054,10.7905515135988,3.62908956253497,4920.85429178042,359,8707.23563058863,12.1801068282183,1.35061924028157,0.617106712028213,44.921875,0.277972043134915,point
374.90662202381,398.32080340549,134.577951370979,433,2146,522,20.7245590652426,15.2300712066962,20.7284151141487,22.5653761578294,31100.997840184,978,40938.4314035995,5.92871629091268,2.61043669069801,0.76244650036864,65.4296875,0.925364413304761,221.931954887218,247.111437982856,108.695500380058,250,3182,731,4.15545427092447,2.88326334047697,4.15623558278571,3.87617313966567,6901.21732808705,933,7669.48048566875,6.99865004931922,1.23356279535269,0.902936703305658,78.125,0.0368070231582658,ok
86.8209618752526,203.785577918261,184.378041172487,0,5503,472,25.689693891954,17.1885472438128,25.6914223288454,20.4030019700122,67820.625735774,1786,127590.586190822,6.52737229505836,2.64201158115292,0.52131125328953,49.8046875,1.14190779137661,239.51434060656,373.995299085649,287.257181291604,0,4252,330,36.4334319421136,15.4117094840417,36.4359320891285,5.47264532910147,66099.5748706013,1844,112305.127010212,25.4337125157905,1.72962010049067,0.516440504031207,39.0625,2.22245582148976,point
345.87750385208,380.334520465375,158.247884179937,415,1914,320,10.1301290633034,7.21507542353055,10.1340328761409,10.786712629131,8092.39225993957,504,9365.16789974266,6.62322983941489,1.89556096721786,0.83874869901928,95.703125,0.229264248837772,173.725099601594,191.026556840474,79.4797272664608,201,742,158,9.3398912797503,6.31103764161193,9.3445433434857,8.61168075342636,5163.58235022701,365,6336.28179217837,9.74775130432487,1.71052751446322,0.800468456321203,97.65625,0.215486221046304,point
156.314242270654,178.754373942991,86.7340575509158,189,1602,315,18.4655280698095,13.4171114501277,18.470205601881,19.2180940245547,19510.4957732315,649,26471.9608911019,4.20571068311772,2.35639637979368,0.719199532834228,70.3125,0.702388489584135,1.46732673267327,5.04798754136951,4.83121985342143,0,160,40,13.2493556404558,9.08448213065202,13.2526363852403,12.6046168256694,13965.6393934734,684,18350.6539039171,6.20476298567382,1.9055911937892,0.744299524011506,66.40625,0.333912181882121,close
389.561622464899,434.487344729521,192.483493076189,474,1922,238,48.970388033145,31.6276021533215,48.989497756825,38.6130024497299,34953.3216948971,500,40546.5859605581,10.0311077970099,3.43523616385206,0.840742447376459,83.984375,5.29714974066652,72.0393442622951,111.866833890077,85.6185145516092,14,724,127,10.0968023854819,6.57215895199487,10.1009415925811,8.31727844186775,6638.18077900625,477,8018.03392143374,9.6041524839355,1.70275559381966,0.812328606682574,89.84375,0.253189980305016,open
418.045544554455,448.289191270435,161.907686552507,496,1396,282,35.3178875349721,26.4874545154732,35.3266290795841,39.5022987738921,41722.7322016012,773,53504.6581212559,3.7071879237298,3.26629112197009,0.771160758704208,64.453125,2.66965068310648,0.702160493827161,5.15994186013757,5.11325922783075,0,118,10,10.7650139129055,7.74642451906291,10.7677775167295,11.3898434221832,11583.8489640036,633,15059.0492650583,4.48703233510144,1.84945138494518,0.758758984126783,87.890625,0.246755089900899,pinch
155.2699669967,172.708843301249,75.6528895580318,146,1880,272,28.3446699997758,21.9090046504483,28.3540251517306,34.2613713624462,25973.2163770131,561,33192.1420454292,3.31631335722262,3.11723334859866,0.772450777790993,83.984375,1.79055569078466,170.077551020408,197.897193814687,101.212126716154,226,1816,316,16.7134833716554,12.6420789445644,16.7191683203584,19.1059228160403,13840.2204110373,513,18583.8560485097,4.02454043716265,2.45533348916204,0.724925826651115,107.421875,0.62846439455817,close
379.607429295061,398.826622163343,122.340476159546,425,1848,482,21.8311414275546,16.822932554439,21.8356583659002,27.3511433257461,29501.5014339703,811,39853.5272214659,3.79691651609123,2.80326428448971,0.718001111182009,75.1953125,0.922010778346658,119.62230057294,137.124208218339,67.0487506955745,124,1550,344,21.8668396230442,13.9902228085504,21.8716567698832,18.4436045348936,25034.6731775855,828,31743.8155526009,14.0365845063806,2.38607562252669,0.748001838310212,103.515625,0.89947454624783,point
366.350062735257,379.047381193249,97.3164429047422,400,1582,343,20.1371464556849,14.7520668410152,20.1434594903118,20.8943206246668,12738.4646715374,383,23514.7945445783,4.61942923631467,2.55434328193197,0.493242746099245,68.359375,0.8702439334829,464.412656558998,487.4325523377,148.073734745565,534,1621,233,14.2867720590024,9.78179986198255,14.2914832115951,12.6812915155238,11151.201918383,497,14838.9903906275,6.09944829102597,2.01138164312713,0.721668137437036,87.890625,0.469684902179555,point
226.449275362319,261.159018223361,130.14483528069,225,1681,322,35.2496321464914,26.5598467627636,35.2630711643644,39.868308344706,28342.294834342,517,34819.9591059831,3.6684258553684,3.30622292470955,0.787535627500336,93.75,3.06820537512161,242.76330420969,260.714380281914,95.1059966975451,268,1709,358,8.0767682005975,5.50544603133224,8.07997758344337,7.04258986858123,6192.04157268484,476,6931.3565534473,6.15896364824624,1.53909040572869,0.917218890030877,66.40625,0.143039622141664,ok
462.460057061341,473.826952316769,103.200159158049,494,1290,289,30.7681065160973,24.1598675873534,30.7790324715378,40.0759539884966,28160.7792725318,569,33872.1343574694,3.37240723504589,3.28231653188559,0.8024769508319,103.515625,2.07267727804516,196.235659986178,214.275051072434,86.0841712315023,212,1462,386,19.884026510622,15.3705053885026,19.8908873506387,25.3502977592345,19226.5509285131,597,22241.1212971632,3.76685913663766,2.69680815360125,0.864162014519014,136.71875,0.886425106202925,ok
455.81718061674,458.864032628979,52.8056225821562,480,1157,339,19.3706333480995,14.950443197145,19.3758104250764,24.1072158486802,19388.5179000298,641,27150.0048460152,3.60232582704091,2.64889754060811,0.676560609919322,54.6875,0.737698687216006,0,0,0,0,0,0,4.70198782965172,3.67432160047987,4.70315619156261,6.03150802213565,5309.2275716054,635,7297.20269855302,3.44431681149114,1.46659110623268,0.726413983660711,66.40625,0.044047878411612,pinch
396.424267782427,446.242436500487,204.976270016502,502,2004,254,15.2984447458086,11.0995196886194,15.3048493286444,15.9933941576091,8620.85651281127,349,13263.9260279001,4.79319457945782,2.236003248195,0.631691205939672,66.40625,0.572929038857906,25.3130890052356,39.6050660464606,30.475913890319,0,373,92,2.50724593450925,1.81970065859762,2.50855966048946,2.4928921599829,1294.94719734384,265,1737.81412896073,4.86330771203972,1.03262763961524,0.788573703004092,50.78125,0.0119461097807534,pinch
160.353806890685,266.32199643434,212.645030734875,0,6942,538,15.3189865746741,10.7535865830944,15.3196381937077,15.4370961537882,69343.3532526032,2925,126408.410284275,8.68597588844071,2.2674620023428,0.555609874952012,50.048828125,0.434241151118951,215.869647954329,352.803535252463,279.065164060905,0,5022,244,23.2348957639527,9.69834985895628,23.2359007069065,3.90923898302862,69430.6875342639,3176,112122.622719394,47.7979273846923,1.44604617031667,0.580991115326885,66.40625,0.821170632095111,ok
304.930018879799,363.113059731074,197.164070206453,409,6098,1784,6.63988459509828,4.78601997476777,6.64030218093261,6.68800886869613,23392.6896008118,2136,38024.9286995299,5.28818794391405,1.57624861095993,0.609914688742495,49.8046875,0.078313427053451,204.427972697881,276.191331396802,185.728258912724,275,4782,1099,4.25442449958553,2.85398327269937,4.25467917963358,3.59111722310875,19338.1455280787,2559,23833.6143103124,7.42218588725019,1.19153302107549,0.853542074815827,49.8046875,0.0376548891224376,close
138.800597014925,154.104269798566,66.9716206208274,166,1604,250,25.3304299181839,19.1377230809532,25.3379944469861,30.1378993451145,25421.4628856872,586,32055.6861605966,3.82963925936238,2.87496195599634,0.799790747057336,89.84375,1.3380387089924,2.8561872909699,9.01027531851808,8.54798131506989,0,388,75,18.3769884422205,12.9394940041171,18.382111313965,18.0349411455676,18123.8920360985,626,23213.4522433861,5.5615760086796,2.35101250257619,0.772938321899645,113.28125,0.718591160884795,close
205.601333333333,209.657145517787,41.0482553710684,207,1573,372,16.8111283358091,12.5064551019876,16.8148636992609,19.347641247625,15164.299260855,569,28139.5239794721,4.57843854691072,2.42130050793087,0.505467655756047,48.828125,0.517912855505857,176.707820954255,187.519664815647,62.7686919083177,176,2019,480,10.3267002655445,6.44855354800166,10.3292406978078,8.05367770641761,9702.84497973134,651,13109.9093630874,13.0915699403555,1.69074498890986,0.671325851619734,50.78125,0.227386309505749,point
270.686859688196,315.174120222309,161.47744342066,321,2020,361,30.883772945224,20.9163183577051,30.8906530484781,26.0339817268508,39534.7969250875,833,46957.134713048,5.14313028927344,2.60079477155925,0.837935151709051,91.796875,1.89526025779948,10.5651428571429,27.4339414386111,25.3251928674992,0,906,122,15.3766475743401,9.84929369468235,15.3810426895081,12.805224329057,14019.7740861863,650,17236.2639656941,14.0471864136372,1.99058485490252,0.790808802439449,87.890625,0.348852113044093,point
124.475099601594,131.825623533213,43.4260625519256,129,1487,300,15.4815413940778,12.0729083594425,15.4892382946255,19.251861699355,8746.22326802921,365,12121.1999928803,3.4940938590309,2.45527227454352,0.683323353363577,74.21875,0.552890309674279,92.8147138964578,107.301839834976,53.86788722619,111,846,255,13.7663169633736,9.15739047292846,13.7725698441093,11.8354091615636,9732.21194965512,438,10082.2869106942,8.21390976390469,1.9231418177697,1.00013003512978,85.9375,0.453907607327093,point
230.507335907336,248.406652215404,92.6042330490816,276.5,2182,483,97.7477341329729,72.4943886761568,97.7666069640534,108.852823402947,204188.103916238,1271,187760.466671246,4.30158672006465,5.0314542790435,1.12497986813904,119.140625,21.0804866344644,9.37770775896022,16.4805971587721,13.5551114854668,0,1500,301,9.18787984629578,6.81959582298451,9.18968833756954,10.4843917170628,14051.8695724931,940,17314.9537945577,3.96951251094243,1.7860071489537,0.776153556812023,70.3125,0.174415198369298,open
176.658718330849,199.243038461972,92.1727526217638,200,1806,318,62.2345702076328,43.7660986011331,62.2577396593905,59.6907221611437,55975.2681644893,590,58734.1043227206,6.24003843449897,4.05775125334015,0.9592358652274,177.734375,8.67299682213085,25.6375282592313,45.6308291586522,37.7619423748979,0,772,149,9.50925304023437,6.99414087513584,9.51283711657943,10.104665437121,7742.23083203732,527,9281.22494130526,4.38240907971915,1.86428591002224,0.808297417066641,50.78125,0.191841746671515,open
176.481900452489,185.778860659315,58.050235942105,180.5,2366,541,24.7519109498652,18.4264203280709,24.7589137440064,28.1143547360253,24456.4287138259,624,32577.9111400293,3.88530758008019,2.76603480918815,0.728294914186814,93.75,1.34465234566585,273.057395143488,326.210102395798,178.522486864673,367,2308,357,13.9682146536498,8.86988245345901,13.9720706071587,10.4862551860723,13679.6456274854,658,16072.2270056677,8.87923851316659,1.77268688778765,0.835952936891387,97.65625,0.428746641940486,point
2.83951406649616,14.7752774433989,14.504499225425,0,266,13,95.7001425995293,71.5114007435174,95.7307503897955,110.214764231154,116075.884695642,774,111843.830762861,4.06994994343226,5.02529235267392,1.07166570175453,173.828125,22.0102597215506,65.7309711286089,90.8916533622237,62.795856276019,50,1046,271,11.300834499186,8.45984944367329,11.3045404022476,13.1936410670584,10338.0926647104,546,12892.8105521581,3.69702316667268,2.00474171716072,0.74787506970771,48.828125,0.270160009725845,open
155.542913385827,183.482408133554,97.344372563633,116,2983,621,22.5584785338539,16.8269022560205,22.5629204068788,26.0695734738098,23768.0157362654,672,42740.331730292,5.51906164997912,2.77798873859397,0.509518486186601,49.8046875,0.949254721025764,167.999116607774,196.217921237692,101.401731201645,166,3938,744,7.49766347325793,4.60642976157135,7.49931739711507,6.13006995811832,7638.26260206267,666,10428.9569801975,23.030802113495,1.51819778156284,0.799521679945029,83.984375,0.11463258158335,point
255.30269266481,333.690696552429,214.971916818509,211,1537,179,41.1294456914855,24.346839290851,41.1485524692926,21.3127894452481,22563.5372072242,373,26221.5459162465,8.6066771563103,2.60521683622108,0.846570987730245,50.78125,4.20657335270428,25.5902394106814,55.2327487796255,48.9694220074108,0,428,39,13.2717574678954,7.64472180043527,13.2778720724321,5.5906168130545,6496.68174525107,351,8302.1678752727,8.48505561947761,1.41276526984063,0.77994538034853,97.65625,0.419048544735993,open
141.597872340426,151.237230865948,53.148338775181,160,1164,325,21.4326739771599,15.5664606138667,21.4402645024589,21.4843814314433,16298.7481291074,486,21948.7094655521,4.59822906845308,2.60809969816808,0.739712057362243,48.828125,1.10624615432416,13.7182280319535,23.2164830134732,18.7368688995833,0,516,161,3.26549863645141,2.08549070575478,3.26668255139414,2.43183664691487,2631.56067567158,435,2871.72070182433,9.16749648551483,0.972791504362948,0.937302883682672,148.4375,0.018233626222942,ok
167.998822143698,188.827574172742,86.2358867639569,163,1754,265,27.266944560621,20.9063517817962,27.2749711152883,32.9930406410444,27908.0263785713,623,35498.9853254899,3.77239376637764,3.06097560512113,0.774299377077667,78.125,1.64485102816567,168.157323688969,199.235556848466,106.886894264785,231,1978,390,19.0607587793026,13.7447374016367,19.0665058821822,20.2542162900575,16996.6147673097,597,22802.5193493153,6.81868512649692,2.42588377172141,0.721585362449436,85.9375,0.814092322103061,close
264.042056074766,275.865001523246,79.9141785312183,282,2222,504,38.1589495556897,28.8252182896085,38.1678452393497,44.8826255165311,49561.8880000869,814,61685.9671397623,4.02862649399985,3.49106184047525,0.771742287993028,78.125,3.22815015420878,108.682817406909,129.187303377578,69.8540886044021,116,3642,674,4.9888560681335,3.60519779008617,4.98997536171842,5.21036323942592,7390.10985284648,848,8035.98587410207,5.34037654731107,1.37520657888617,0.890357300943551,83.984375,0.0524334047257254,ok
145.627372052904,176.435802189981,99.6248688221403,124,2208,524,75.1046444737619,50.3809654503403,75.1154368174582,66.5502636861583,191908.209017054,1592,175224.997836284,5.73122969402538,3.44818756141487,1.15141754190164,206.0546875,10.7819897790103,0,0,0,0,0,0,12.6365729024883,8.54719009013616,12.6384657285336,11.4941194020794,19295.2981821737,972,28487.7845704238,6.46655235905859,1.73546452494977,0.649232078598773,60.546875,0.298332751914009,open
5.96341463414634,20.5597569420048,19.6811247496431,0,486,37,92.3724983223655,65.886293472958,92.3969948090719,94.0815041719157,124387.059376268,781,124261.549489999,4.3876363745707,4.57228355531159,0.993092087885506,132.8125,20.0566990885916,193.698271346255,227.658362498976,119.652870134367,251,2174,470,16.8568113138591,11.8907879466173,16.8612281378539,16.9941786989496,15545.6971806911,645,22699.5141900924,5.19370261014771,2.1590673966577,0.647387918014651,70.3125,0.609686819893286,open
236.885691499967,345.6562391475,251.725069093956,110.5,12793,2360,7.16565449511285,4.71784290850132,7.16577354959936,5.980339226241,83279.7913362642,7605,141978.764488439,9.26463389909557,1.52597332050394,0.593075201524549,50.048828125,0.0976190577203975,173.889965941839,272.793249660835,210.19011303657,0,15868,3256,6.30228711138466,4.083514842327,6.30239030823394,4.98640093387789,94803.211037407,9155,124694.209225297,12.4757397789761,1.37779028304686,0.75273054201876,50.048828125,0.0778083212915881,close
258.902130492676,271.790052962725,82.7289330154996,286,1430,368,23.3794822549433,17.8922126999914,23.387251830729,28.4774304327856,21688.0500964204,559,26874.1034753871,3.7661921192697,2.86713554321254,0.788141999876562,85.9375,1.19318032208394,124,142.917897848819,71.0867027564958,145,1634,245,16.2682751149926,11.6281331850961,16.2743845914478,18.1362132486813,12860.0415467978,545,15488.673402548,7.81959174319525,2.3196905901417,0.792446642747165,78.125,0.590184649159592,point
245.824550898204,260.164412548846,85.2065674303415,286,1846,462,23.4032749408559,17.9634110822725,23.410276475949,28.3019381284993,23862.5399673434,622,29998.8965073951,3.53849252858676,2.8437664943882,0.784488803990726,89.84375,1.32422126386565,63.2825567502987,77.765143623117,45.2101379715625,71,1432,232,11.5062258911073,7.49875156959844,11.5096641745586,9.11603428206091,9997.70940843421,604,12552.9101275078,9.26900604839723,1.74113119507644,0.730826436870681,58.59375,0.262536108021605,point
272.303827751196,361.861902999066,238.373341047311,392,2098,283,8.29956077998617,6.43517902581097,8.30153218552863,10.430405172604,8858.25166420715,636,13449.5241639449,3.80869638187822,1.86931004542791,0.664052161393709,50.78125,0.14105772683278,138.339846062759,177.280435670498,110.895089743068,189,990,183,10.1585558936761,6.22852707516867,10.1615642840213,5.92067730743887,8350.06016383414,583,10519.9822299599,7.85659293384391,1.45649865657245,0.75948001999026,99.609375,0.25544628269577,pinch
279.877624167947,299.035492553061,105.339560606539,323,2806,456,43.9195085893986,32.7854221334018,43.9307433218707,48.8619631199582,54395.1804372823,794,64029.9294265338,3.80829237503618,3.59758510816097,0.836370266506055,99.609375,4.07630096744622,18.9722357525572,70.1469197868103,67.5489982345714,0,912,55,22.1728312304476,15.5888710248286,22.1782332298366,22.6328148417007,22155.8048710686,728,32003.9522139731,5.42537482499866,2.41895857307451,0.629948588771836,60.546875,1.05099566353207,pinch
173.560076775432,221.951591616535,138.371813510511,197,2231,417,30.9849160075489,19.9187778098834,30.9908647669606,21.0192423911738,43242.3452714759,940,51888.4161947463,7.88258172484434,2.65426627824482,0.798484616409674,71.2890625,1.81062390574835,0.0644558617468473,0.515069500532043,0.511139962487612,0,26,8,14.3331884273219,7.91614479704996,14.3365369011217,8.54777613826813,13292.6385717115,720,16948.466010484,21.4745699771244,1.6666393756106,0.759200102993656,72.265625,0.280216970288901,point
147.279424216765,152.497173111318,39.5578248623813,152,2023,522,15.6551073332914,11.5498387742682,15.6584210730978,17.9119683810557,14332.0754540312,583,27280.7191848215,7.67796331376057,2.38524944239802,0.474900610066201,50.78125,0.460541621743243,57.5268408551069,81.3210113584493,57.4920838222958,59,3980,537,7.28670996855574,3.76248096258431,7.28844136509364,4.3272674333962,4983.1809964811,595,7920.02242623996,29.5679087342987,1.30847549639566,0.612223237932582,93.75,0.114918896497729,point
352.270612038442,379.566197427591,141.371932829623,412,1819,351,19.6289196310275,14.0592470515846,19.6338830459901,20.1823926417129,20248.4569531196,657,27795.1314209827,5.79969311394837,2.45431548397054,0.705029446969024,83.984375,0.925229309751121,156.614547253835,198.906799515796,122.650894602072,152,2438,520,4.3298641618007,2.75591119575381,4.33093577745149,3.47276973256577,5084.30472619744,674,5569.69652661846,10.0991986923177,1.16171991059962,0.964573040868801,95.703125,0.04405084146572,ok
404.221250840619,443.076940859241,181.475699950994,466,1840,471,9.19016241737246,6.87974768779609,9.19169719256783,10.5533819758277,13383.320288551,894,20460.3696235056,4.62665221262624,1.88119992904029,0.629409982492938,49.8046875,0.178808477719941,315.256770654782,349.496474082293,150.89320558606,348,2118,481,5.35553336483908,3.80745402624196,5.35645082512209,5.1932414318252,10724.9981224169,1074,11106.3433945478,4.75237615580991,1.33681862949864,1.02023157953127,96.6796875,0.0567269929871946,close
391.914668153932,392.644565935849,23.9367416914991,400,1059,346,39.4697120904898,30.3348239098327,39.4807199572604,48.3791170416831,47492.7111710856,741,54390.3392703301,3.88908860674567,3.59895711794716,0.847259135200502,173.828125,3.20064103795139,1.30296456977585,3.41639109694127,3.15930823791525,0,115,52,16.4967850725458,12.5117146551783,16.5026741959588,19.3384510539306,16913.5643342604,621,17303.7013681116,4.10393750030036,2.4487670281949,1.00569946721954,85.9375,0.568544570999713,ok
333.723065250379,348.895848862617,101.809102404621,360,1253,214,18.8462971178179,13.4393714012066,18.8534450135461,19.9404190846076,13933.1164029476,472,17713.0915067903,8.40740906700025,2.49958363427791,0.746717059453596,87.890625,0.799962126695309,265.02875399361,298.688584661397,137.80347504217,287,1536,272,24.0699118896031,13.9687222310111,24.0795301937844,15.8546669448928,14616.5063162036,513,17488.8402332259,14.4922855951432,2.20035922090383,0.757600990428296,72.265625,1.30319707060332,point
330.30319803198,354.138702752478,127.765635257855,381,1984,390,4.78738026861786,3.46270976838836,4.78885095130799,4.93618959454683,5017.96321870931,566,5630.36608339948,5.16340790429035,1.35427901753553,0.934465889478378,160.15625,0.0510432648104455,122.53813559322,138.105231923869,63.7174857284687,144,984,170,11.6685306467029,7.32937370900703,11.6720637729652,8.48888356658101,9425.42769407887,542,12108.1253672796,11.5372645821797,1.67903410417822,0.759234452851196,74.21875,0.354529096385387,point
303.419447092469,310.1348364468,64.2045227184976,325,1764,447,17.9536502335737,13.4147779776921,17.9579292571795,20.3528169452803,16210.1475299869,559,28144.204197198,5.05953335857752,2.51352745245549,0.532545607370484,62.5,0.631156942846985,340.788565264293,364.567219893572,129.54328657393,377,2160,416,11.9390468089607,7.40793110475113,11.9422676666076,8.96928606406119,9907.63246250588,587,13734.3042682086,15.1364412254132,1.78250162800346,0.696260049662597,80.078125,0.317597396998578,point
445.442782348542,467.90052017907,143.272388999897,512,1461,219,37.7852651409244,28.5487964056219,37.799376933715,43.8078728167498,32319.0822489504,549,38169.7407943165,3.80393364272015,3.41225840558562,0.846629097322055,97.65625,3.4401347339368,127.940095846645,148.864066797151,76.1345652652479,171,1468,312,16.2275358759239,12.0643417410332,16.2340187817633,18.0150141293367,14182.1633201403,531,15104.5558597736,4.578000843411,2.33849161246261,0.92217838368613,128.90625,0.581070192108019,ok
303.942929843693,350.718730801797,175.024166684578,408,2406,575,5.80066607616985,4.4031582625694,5.80171315428194,6.85829539141407,7128.51616648543,753,12113.0883803284,4.14461735710153,1.5652376889029,0.552996228347502,49.8046875,0.0547543852045907,238.534108527132,290.505998016772,165.848952799842,344,1760,405,4.25399184020989,3.01687433688756,4.2548154593226,4.15675193076462,6541.14044588056,790,7783.53578916991,5.50595574669821,1.25296636302473,0.891951644971148,95.703125,0.0425247229564576,close
266.498987854251,326.506668003905,188.735124749133,257.5,1934,192,76.4328456904967,49.6395423042893,76.4715167686618,51.6366853680732,42807.8703622349,368,49043.8677966378,6.62283368143652,3.95576813211357,0.8941425164524,113.28125,14.7678287350796,126.729122055675,181.33899129656,129.775155825525,96.5,892,124,17.6709089840813,11.3439815895077,17.6803762854828,12.1562051602139,8355.1329540626,305,10595.2788046002,7.20426653999124,1.91477571180007,0.760612076236601,89.84375,0.760048616629662,open
219.582405935347,234.913394949407,83.4958960259075,232,1710,322,31.9150752139381,23.5618995246939,31.923534170963,34.7848116520533,34526.7791835034,692,44461.3044030973,4.48232512070781,3.16390919815586,0.746868738236162,91.796875,2.35764846848803,176.584823848238,206.096781801256,106.300555090318,234,1964,432,18.7966898825009,13.6468272980749,18.8017855710658,20.3510073020559,19885.1769927089,685,25178.3963649481,4.87245014515094,2.38677269223884,0.767971226647046,85.9375,0.740709303540311,close
148.4824,156.013243027635,47.9055826195329,153,1233,277,24.9784679175963,18.0247754505512,24.9884333101447,25.7524290754767,16117.7172599198,427,22530.969313189,5.02519492135018,2.73453840611343,0.679313579067901,66.40625,1.40453711153488,289.320836965998,320.777043979463,138.593331850796,348,1456,245,40.885795241132,28.2406485229348,40.9036295125458,38.5949994245234,22377.0836590285,363,32392.0238558062,8.33631116124272,3.25503893088066,0.662202832551003,66.40625,3.54421688891236,open
197.437837837838,313.079260608913,243.08467247013,0,1426,44,28.356717240313,19.8451084783575,28.369422589985,27.0540625422104,12662.2780020644,315,22028.0704109769,6.80537197491043,2.90170919279894,0.555217656163977,50.78125,1.67380057305375,21.5802879291251,42.5304398839471,36.6690407115039,1,818,83,7.88414328479693,4.29603312772607,7.88851008013408,3.59793040720696,2764.55763256488,219,3879.31791433665,11.7297411679903,1.30058688562335,0.81964812820952,50.78125,0.137701579143729,open
74.5264602116817,122.63605233703,97.4121544212756,0,2890,214,29.8151475339494,19.8319474871941,29.8209922371931,23.9944767398838,26833.2737171227,669,50591.2980398321,6.45911230077334,2.79410892073968,0.495300262766208,31.25,1.8129628152889,38.7564151666028,64.2725281169777,51.2826032359278,3,1410,114,6.57788126367238,4.47000167860094,6.579141243693,5.76876207681747,8217.84306557679,772,11671.174382827,6.99041047912566,1.46130522756989,0.70601819174203,49.8046875,0.0821966608693949,pinch
384.880411255411,410.589853256754,143.046038853462,432,2431,450,6.71718810890328,5.18362652449385,6.71900587715808,8.64578397079316,6703.82924519864,605,9579.34181726464,4.09050827220108,1.6972696578014,0.687916498608999,50.78125,0.096765432985981,49.6184807256236,76.559459944735,58.3205404969964,37,1478,329,10.5440511240247,6.77329961608542,10.5470409507687,8.61185213270343,9203.7447969146,606,11948.1005227747,9.9295862938933,1.69734332027832,0.772446536261822,97.65625,0.239526335391462,point
605.651910531221,607.62013834766,48.8785134825544,618,416,42,20.6608168863526,15.6952564601765,20.6656133988674,24.0356048035816,23835.7355431258,788,33682.0203635388,3.67741624588357,2.6582064804487,0.661514577928327,64.453125,0.929455438904162,454.412698412698,522.851442181841,258.663617057466,618,1780,225,13.4296274117329,9.38281116963148,13.4320503346679,13.5596335483147,19586.8632228819,933,26009.1525622185,9.49039750482691,2.07976444477423,0.707093876619404,63.4765625,0.311103643064293,close
111.01958041958,215.388475406637,184.615106341715,3,2871,252,25.2051600701458,18.8608342697394,25.2110374251617,28.7839259108806,22596.6568786254,584,40456.489508591,4.70054838339758,2.90519474205659,0.52748809915051,50.78125,1.3396688369965,304.667037037037,415.277100259574,282.245586677759,434,1930,136,37.0237093331494,15.5968120690238,37.0305674705994,8.37011383108092,23394.6846072299,703,42111.3925863642,40.0226118730097,1.91902695853549,0.464702111330062,45.8984375,2.05483489155921,point
352.638565891473,372.265441732814,119.337340180984,387,1197,190,24.5501615528986,17.5969832449547,24.5620558605667,25.5807094809548,13674.3838099889,393,18160.0867087932,5.48084005058957,2.71765328340284,0.742150138782013,109.375,1.35882035973832,340.455266138165,367.354861903292,138.063005199713,396,1618,206,31.9180409436519,21.2196179291408,31.9361147932836,26.0076247064671,16612.2488626512,367,18736.9226314314,8.372402141684,2.88196826504166,0.840571477654215,105.46875,2.29875235634281,point
388.677563150074,390.225924833404,34.7364642596507,385,1281,368,18.4031645256546,14.5127278945827,18.4077082233179,23.9872440169088,16505.8468711589,541,29301.1976191624,3.25551037499329,2.67448662985256,0.533861271534006,52.734375,0.693878479058711,436.195661997289,448.886861939074,106.008666519275,460,1995,439,13.1771955242378,9.40446695723612,13.1801731357976,13.6518332354713,16251.5668377371,736,20812.0853763635,7.08534583800988,2.09704574912544,0.783480502069841,113.28125,0.331386207100375,point
320.911458333333,332.844796946214,88.3452449216175,352,1841,421,18.1747634178154,12.9089112265242,18.1787088779975,18.1982081344391,16062.1570709254,580,29742.1314659118,6.11747544616894,2.39696216685407,0.516865750188178,64.453125,0.635241027142607,328.999567847882,356.157538608538,136.438709318842,379,2356,546,12.7289990571513,7.63663119807426,12.7317501551309,9.19430020617439,12895.6524183034,732,17671.1645923438,14.6336224674747,1.76818137805229,0.63787575990472,50.78125,0.305266139648326,point
354.115370018975,359.579381095883,62.4589187006322,343,2099,622,27.8875100402406,21.5540217035525,27.8927908136645,34.4450080432842,44591.2586793117,948,56794.8471888609,3.54355199464297,3.12341076430971,0.772324441295005,81.0546875,1.5997943075184,10.4341539663931,25.1078720010374,22.8415750507451,0,862,191,14.1037978867778,10.3021874979064,14.1065542226488,15.7502359560865,21693.4897885173,975,26363.2978071426,6.02079782534627,2.21919626238135,0.816049042770994,115.234375,0.328755388513244,point
342.185372918175,363.236499440387,121.904412971129,408,1281,269,18.9595941365813,14.3494676939061,18.9664615140933,21.3914738424855,14763.9848447904,519,19816.6148852843,3.62159105490691,2.58693220008173,0.718928769260083,76.171875,0.803893385594757,220.462686567164,271.627863197296,158.729306796906,275,1594,257,19.8453755885216,12.6387418248466,19.852110550849,14.1830559619276,16533.5746243634,526,18629.5054498239,8.54607524412833,2.04772230592779,0.83978156466412,70.3125,0.968353301919007,point
335.54034620506,407.729883692532,231.669219436455,478,2158,511,9.72635657688866,7.12810338439182,9.72765096981588,11.0126160592969,18452.8769038343,1189,26766.0282083913,6.23203151332722,1.8916478901044,0.682942512665452,49.8046875,0.190535167645457,289.46652150245,354.394839454386,204.490138687961,410,2480,535,5.12087961875269,3.44295809653148,5.12157656232882,4.38560569147033,11137.0672957179,1275,12649.4280466567,7.92803437030526,1.26154982128256,0.911924895966084,81.0546875,0.0483169008357526,close
157.191403626595,164.754488978855,49.3613272205827,182,1168,304,25.6977377378453,19.3426397250176,25.7063699926448,30.1712471240416,21766.46843992,544,28801.1905505512,4.25316035292121,2.92804990329771,0.72795136815659,85.9375,1.46015152236135,65.6447552447552,73.0450287410185,32.0477855209685,79,1146,346,3.62712384274999,2.4591179216167,3.62839268049196,3.29744259886155,3242.24287138962,539,3516.53862791188,7.86440466566556,1.12137158906434,0.931699682932938,115.234375,0.0269859477331561,ok
333.675581395349,373.728461306732,168.374736107903,429.5,2186,381,31.5000953598717,22.8559997369367,31.509250294373,31.4157927150128,31691.2824925609,621,39312.3195475312,4.9179340501094,3.06825895069004,0.79544070219921,68.359375,2.19425159583908,238.714465408805,281.419825596907,149.085549853562,339,2274,370,16.3535759006598,12.1644824205065,16.3587007728091,18.4176849840924,15904.6497887115,554,19341.5270486054,4.42002259426708,2.35491705533044,0.805584271225728,95.703125,0.615664954061434,ok
147.529102844639,193.403522559164,125.087705333832,216,1776,184,25.4961659076144,18.4117258554154,25.5017381896321,25.5419065115085,22523.739101326,600,42070.7935796241,5.13770328742376,2.83597538248008,0.508879153033238,39.0625,1.34139714119274,30.3986143187067,62.1562026952041,54.2280007092788,0,1142,98,7.24436347952449,4.56876161600772,7.24603709427498,5.39336183051112,7316.72011719516,649,9891.36889865672,12.9454750814775,1.44489207662454,0.710781285620527,87.890625,0.122954595699616,pinch
332.188721804511,373.794086091517,171.449039764409,426.5,2234,288,23.9224382556355,17.6512993099935,23.9314367281102,26.0516625870762,17697.039599794,426,23476.2280822914,4.61223546733998,2.80605416408148,0.716064015416357,72.265625,1.31384499415341,51.2490974729242,62.5644312894732,35.9080726706322,55,1215,212,14.1825893911688,10.8839549160652,14.1911262849673,17.3109052593568,7981.83140288613,337,9044.56653525021,3.53437101495381,2.29743470446745,0.848624050213284,74.21875,0.42028309501023,close
2.82231698649609,15.3636099835644,15.1075230957037,0,421,12,99.5100924297922,76.6072815488279,99.5454723867028,124.238333861702,112273.113041886,639,107786.445139201,3.39287178905431,5.29684069375115,1.10654936752068,142.578125,21.3640064814421,71.3591893780573,91.7899609174506,57.7546012858896,83,974,243,13.0434507752224,9.82356173728213,13.0480096754723,15.0744414009205,10985.6620793093,508,14057.5168460507,4.11101164575578,2.18042798974854,0.751635030881559,54.6875,0.361851286780601,open
336.409979423868,400.411253994069,217.213647191414,472,1425,303,24.8676923115134,16.7643232637906,24.8740755144643,19.0465101356026,22895.6493914903,622,32589.8444248089,5.80465179193906,2.50097921360894,0.681794582351143,101.5625,1.28704728360233,198.59649122807,271.807065575357,185.621404081565,248,2168,311,21.1456662519895,12.6830015556171,21.1508162906859,10.3939784991115,19360.482690744,670,26025.5191921262,8.21290739154986,1.93779386909213,0.711170290558242,76.171875,0.891414053560935,close
399.597023468804,471.293929459153,249.9518926274,535,2486,229,16.6937203755947,12.6198010757708,16.6984983960376,19.9471401337474,16409.7640982882,599,22046.7924793716,4.84454924715856,2.46446333537105,0.730201865924693,46.875,0.558462276956736,108.170596393897,134.997102758247,80.7952150952951,131,1096,218,6.59103746988889,4.73832526398713,6.59332242164583,6.76392187208413,4976.91765550922,420,6832.66503066945,5.70955090177643,1.5459056855534,0.738564920007794,50.78125,0.091456550597606,pinch
384.571148569189,407.624309643847,135.165717948173,453,2372,548,6.40511710113182,4.68963580254023,6.40637234426111,7.03155563548884,8060.7829666194,799,11963.2609322801,4.75815180104592,1.5475401176925,0.641394453647828,67.3828125,0.0844084749233497,345.071719641402,376.094466969084,149.605069687528,423,2116,423,5.03032523828212,3.42713522858931,5.03135043836624,4.37839047370231,7800.17729364152,881,8410.18985095818,7.42617659837771,1.27585445384066,0.962394969159739,89.84375,0.0557465245013357,close
236.340323767476,341.418998696736,246.439705806325,129,3006,451,8.14346609442096,5.9722437766105,8.14496042473025,9.23379569601652,10292.0070916544,787,16232.5585848273,6.14208136003253,1.77355350218202,0.626890702662828,49.8046875,0.127703938985816,96.7616179001721,160.910993025399,128.594916606282,0,1100,179,12.2480868155364,6.66877283569647,12.2507224924197,5.5820115808261,11763.0650557067,718,15498.2280701586,16.4761433551842,1.54190525112393,0.72925215873822,103.515625,0.296887844393701,point
193.69670152856,203.413738064732,62.1312277518538,213,1933,551,19.0049328408661,14.2577293252739,19.0087511873425,22.4664778640977,18960.3980118025,641,35444.7151026309,4.73883556912078,2.59013481197518,0.512398300257227,49.8046875,0.662934522693929,157.567533557047,171.722136110058,68.2855791650333,150,4876,949,7.66258821010357,4.52066149243603,7.66419578052867,5.55212883505097,6671.14099919185,711,10777.2569979675,16.5766335144963,1.46412567805442,0.567211032135134,41.9921875,0.107355738202835,point
394.031098153547,416.372938256489,134.62366122034,443,1207,212,28.6193143833878,20.7123044942226,28.63309772078,31.0063679581295,17636.3364878195,403,21312.961324555,7.08871637367599,3.00683519621577,0.774155656140249,89.84375,1.74164639163586,222.546830652791,242.725025558072,96.9393453553262,235,1502,309,16.5752691591267,12.6084170708397,16.5831146135958,20.4346918867024,11231.8383314114,434,13327.0968438775,4.53239026148467,2.46082806309294,0.832787084148494,148.4375,0.584746200990316,ok
383.344797936371,443.122183073197,222.365805392693,463,1397,169,10.3854987330047,7.60072019094504,10.3899522055062,11.098428781783,7846.21275001569,490,8839.63758206908,4.84708966165991,1.93451779218467,0.897175477898843,80.078125,0.232947767267625,63.9172597864769,106.059730200047,84.6736614593542,0,610,67,12.7273345781385,7.41196059113571,12.7329964493805,7.60241701055642,6095.40316225106,345,8331.04370443654,16.5373639223811,1.6990446906785,0.70762656667025,101.5625,0.361246043519106,point
331.960306720794,367.343341244043,157.336108223155,403,2234,430,44.8644136331309,32.3665787750109,44.8745344793217,44.3674457047483,56948.536958154,839,71756.7051441991,3.84637920224044,3.34654539818661,0.771137632422322,68.359375,4.1933811179217,138.301339285714,170.297325339704,99.3897808516149,180,1700,352,30.8485101207993,20.5122305003859,30.8553981542019,24.8745022234018,38200.3174007007,806,45947.3963208645,5.53856210680571,2.44623819663151,0.825509021836491,109.375,1.98871942981871,point
224.730102267675,283.068976317594,172.155756842208,268,2326,207,22.5385712274532,16.5852440058567,22.5435780113172,25.9175071528915,20456.6263491583,613,37300.2137691718,6.28193938911042,2.76860372014394,0.50431919295334,48.828125,1.10216425140794,443.016020671835,500.797663474583,233.587891936278,575,1942,156,25.7331884693779,14.633620608969,25.7398401635758,15.7309707550141,16849.4034280523,572,28316.0558783549,20.9685429693407,2.26825250305224,0.540552047640026,46.875,1.51005369371138,close
352.905282331512,378.121675947695,135.833233821993,411,2238,242,72.9394660093779,50.6483146228794,72.9726959919083,67.2733000204116,56122.7361871864,477,55611.8494559216,6.0443780282393,4.2810161337551,1.00704912810119,93.75,11.5392297704606,79.2201426024955,116.837482539651,85.9170846106311,39,816,159,18.5637576773591,13.2012156960965,18.5720351334765,17.4138830356616,12584.9161917331,442,14811.7640110202,4.25235035238981,2.27282435418344,0.824115032219537,97.65625,0.871493135809398,open
227.8578574406,241.534008714237,80.1383252875587,262,1881,547,19.5056069511024,14.8701904173338,19.5096733848389,23.2693965921901,26048.924112581,863,35673.5868111837,3.91635514317548,2.6425812519271,0.69479803505408,76.171875,0.791737409192458,66.2539682539683,74.4305757727157,33.9234874897778,71,4002,827,3.94403756596696,2.82102788497604,3.9448613353072,4.02770765779263,5651.26909788436,820,6753.54075663264,7.22799106867041,1.24994243064363,0.833328462283676,99.609375,0.0292534689780077,ok
316.421428571429,350.28325386251,150.312238490598,411,1415,235,19.5410701886672,13.9350878614168,19.5488289282699,18.5604496747504,13302.588545277,424,17558.2107053852,5.03748630571551,2.45773706253488,0.731494618765532,74.21875,0.839156758693865,240.003037205771,304.016481889453,186.684294536618,314,1792,236,25.2711982247182,14.8803782926384,25.2807979012987,14.579102581867,16889.5831301936,496,19597.4582114048,11.2374997905733,2.15587929158191,0.813251853309379,76.171875,1.48589338952806,point
306.483691623425,363.645146825155,195.754291386876,419,2298,403,5.92442930764801,4.37660761072533,5.92552306269411,6.91754376337971,7195.70034816869,739,11808.087333737,7.49848795569717,1.55387975164729,0.593741313036578,49.8046875,0.0733972285141777,182.251188299817,239.990602344954,156.169494178871,255,2382,469,5.71335078111997,3.885893990531,5.71439545127297,5.33823415450373,7265.79065478962,742,10627.9200641023,7.94399632105459,1.3938404729375,0.691375154512436,49.8046875,0.0590018506503286,close
363.050086355786,425.075441846262,221.144482534609,479,1989,246,42.6754783195895,28.8508150285785,42.6846924637805,33.9957991858799,52486.745896714,817,66818.4876061878,5.04797232520894,3.04821133379673,0.750437670516083,111.328125,3.5250806417448,119.374642516683,148.716337684787,88.712992327062,143,1596,285,45.4332616154526,29.9152387432534,45.4440932296575,37.3297591053813,52324.8025959879,773,62762.1708833457,6.12089938467873,2.85032321835339,0.823288294547946,132.8125,4.05884574814634,point
52.2736021998167,129.803258374009,118.839508672016,3,2202,202,23.8498776987942,18.3058499534909,23.8553014372607,29.6980829266861,21524.0541888973,603,39943.3645985172,3.88470121623863,2.9037279267971,0.502096902358435,50.78125,1.11184197368997,323.952637658837,419.9794065949,267.329214215158,527,1568,81,36.497458819528,15.093477896332,36.5044876957431,10.0802040613282,23000.6364402999,720,39197.7620967741,43.3710151861522,1.87302426862095,0.527172788898028,67.3828125,2.37793654179055,point
160.199574241618,168.777899158269,53.1373537144638,165,2249,451,20.8644973294055,12.9393249498221,20.8700515370415,15.2213875831025,16708.7250501873,582,24312.9915807157,13.1948864619233,2.22096602856461,0.6902599799883,97.65625,1.06133005548342,119.51391862955,159.401984006954,105.505330382951,127,1476,282,28.5847540745856,17.954197553443,28.5924081472704,21.4774790347769,23812.9879879531,522,33538.4410298316,9.10332056448193,2.37497575521865,0.699260268294788,80.078125,1.97472729196836,open
409.179951690821,423.658368315177,109.842915507776,443,2133,365,52.8582909120695,40.7985259768928,52.8742215828711,64.4545733593713,58589.7625639389,630,67562.3590177345,3.58821132305924,4.08964691220521,0.848913544044137,80.078125,5.7333319344172,44.8594035301278,84.9284400360849,72.1362668851891,0,846,147,27.6233234798204,21.1416899530696,27.6317290161352,32.9388261888005,28473.4311197141,681,34735.7965928934,3.96433125925512,3.07449206480283,0.779430229048224,60.546875,1.65187677437679,ok
328.739409499358,335.37684243871,66.4142920536653,341,1819,466,39.6014979527663,30.4093137371402,39.6142052340818,48.4857784844971,37647.0441900405,597,47377.7108024644,3.909183575535,3.62293470961233,0.784355007013293,83.984375,3.22059222373285,0,0,0,0,0,0,13.6164976975119,9.48040644997513,13.6208494802205,13.3069635257427,11261.080039305,603,14836.8360942111,7.30704853218634,2.09858428356536,0.686609895080972,46.875,0.406784337989404,ok
504.4201411161,533.582651328348,174.040789133285,582,1420,142,33.2247449471728,25.0854133703839,33.235392895741,38.0560318216257,30278.8099735045,567,39108.1594444285,3.81320418315616,3.25755612142258,0.739276488034065,83.984375,2.3512711514433,142.344324667089,162.737131989265,78.9012990687552,184,1358,374,9.46796580791687,6.88793415201286,9.47096841750218,10.2534752400097,9003.56119685473,593,10862.2721577243,5.19192965590598,1.85060988703678,0.781478418164546,50.78125,0.199666924895294,pinch
180.865650578606,295.079822435906,233.159932305689,0,8188,1306,9.46303537064797,6.86255880499142,9.46336923145074,10.0127545467326,64633.582744189,4065,97256.1833843384,5.69122525348611,1.84022353363082,0.639552344605355,50.048828125,0.155436003872838,21.9316221033868,48.517502217142,43.2791581091845,0,5012,1179,2.80898962040252,1.62948305876077,2.80908975124958,1.48419746393919,17019.2285547616,3508,22853.4998991198,11.6388876666327,0.862394754021369,0.805046592312064,50.048828125,0.0111188012549979,close
280.779049295775,304.992410722942,119.120701643308,344,1606,398,22.7922852910249,17.5004207773237,22.7972786192079,27.919622447883,25695.5742777902,775,39760.9560060795,3.93307915223339,2.86617867887377,0.604471071880698,50.78125,1.10440041991003,143.96393182719,174.374407546332,98.4106645079495,188,1342,362,4.31143215119863,3.08025358811753,4.31228555091378,4.32397191215776,6391.08964575228,829,7771.47980282052,5.11931748769213,1.26588307688047,0.832238143299087,49.8046875,0.0388993754697384,ok
306.098384030418,315.478533101555,76.3757592580106,340,1284,309,13.0771115553419,10.1355459848595,13.0802171395955,16.6571855769342,16147.5509307001,758,21325.1887521444,3.7554568940748,2.25316343665416,0.736243835240026,101.5625,0.380469054412422,178.859251449657,185.778812033362,50.2440637179245,175,1540,393,1.62811194175417,1.1268746130009,1.62853990820954,1.49468534323515,1961.57391817482,591,2137.68114086271,5.74506549919105,0.793127138795251,0.994639681716173,115.234375,0.00538877045275969,ok
274.317435496482,297.971051377399,116.392801033334,317,1826,263,63.350898091354,45.350990176469,63.3756279844263,64.9971975244055,55313.2308954759,566,58003.9164357038,5.56436453030931,4.13475441511173,0.936827393733807,82.03125,8.75844697523956,78.1039301310044,103.768439725041,68.3501668466665,81,906,178,12.8659405881505,9.16965982885615,12.8715588197246,13.0573029566193,9279.99277414878,474,10499.2605040403,6.09520479213137,2.04842082804224,0.859791879875156,85.9375,0.351906592674334,open
279.956904995103,300.904181012548,110.360257231913,340,1189,241,17.3303593766045,12.9581058632977,17.3388486475314,20.0899814550968,10230.8754808177,360,13230.226086427,4.19890872823658,2.4150412673389,0.77234875147575,74.21875,0.647689315597925,153.490566037736,180.969494863855,95.9179236357865,213,1132,194,3.05477655542868,2.02522731425074,3.05637617281206,2.64600275610344,1874.61997059223,340,1932.0668577952,9.04658036092635,0.98655272234936,1.00992058272207,109.375,0.019988569260595,ok
1.94038325053229,8.73325224753188,8.51798699281897,0,278,24,15.9652431652107,10.7992558649249,15.9709108843756,14.3205965216355,7440.16622868033,327,15216.1515136793,7.8839707269364,2.18880725730723,0.434603178592194,37.109375,0.590987715467665,170.897186147186,205.770763576503,114.673407995414,167,1112,72,5.42497318984146,3.45183153559264,5.42790516388148,3.86434114115515,2286.98580552629,258,3189.4923388876,7.4942377089797,1.26028400612984,0.712758362282089,85.9375,0.0702123454773551,pinch
346.029925187032,390.530073303726,181.100735321859,458,2200,411,7.3835593570901,5.21800812386273,7.38585964518886,7.06702697226953,7780.28687815751,620,8369.68503067581,5.94060724604885,1.6058263264549,0.888653603334575,44.921875,0.117119802900249,191.86197564276,218.877802797612,105.375460648385,244,1226,264,8.82618849577289,5.67708893323023,8.8291757955904,6.80220783167439,6822.47217716672,504,8390.73744331429,9.2312397191901,1.54692497592984,0.779533392576457,111.328125,0.178663126257414,point
281.491129032258,311.536580723729,133.537134102683,320,1977,366,7.21445631777708,5.60816455773114,7.21736543385257,9.11148839809936,5087.07576607106,425,6954.12405158661,3.91767688746064,1.77356152884927,0.727939121248366,50.78125,0.116368127901567,106.439932318105,116.572265409083,47.5557272389088,109,734,169,5.9065971231167,4.22078647503759,5.90909558459206,5.80690168594406,3800.8235016199,366,4988.96961349443,4.35507556496788,1.42938557384035,0.760622228747042,74.21875,0.0714463272355483,point
219.802698145025,343.084409891045,263.53794085709,0,1698,50,35.5643997676828,23.5197415887457,35.5793691695831,28.7753471378635,14930.7269065456,318,27894.4135242524,8.9619296642894,3.0606163225953,0.532414064404208,58.59375,2.96684704530783,42.8435305917753,68.6031645228385,53.6069811169235,7,1082,110,8.1914565559866,4.06465288665995,8.19556769510356,3.37025362197479,3165.29937519667,262,4052.45892799997,17.5801549067659,1.24855040674807,0.906837269770471,70.3125,0.163481058321591,open
348.614235500879,349.6719062257,27.1883500030473,353,674,205,32.0098591840848,24.6448752562119,32.0236725605346,39.6015182035608,23209.0935827852,452,28045.8680415691,3.76117217799122,3.2865260670763,0.811236185757705,109.375,1.98003005107259,0.0202127659574468,0.142171607423729,0.140802346554748,0,36,17,14.7076058757288,10.9121350632746,14.7152992245164,16.3384189029795,8988.17969547218,355,10257.4069594781,5.78097400879091,2.3063678885793,0.900997565333557,85.9375,0.370340467296207,point
410.400829875519,442.87592466435,166.498487332698,481,1943,376,15.0018307382142,11.6183933003659,15.0049341823161,18.9175797246146,19421.8680530094,722,28000.3278538819,3.60215341003697,2.37877507027879,0.684463892341083,129.8828125,0.422614803780531,100.910617059891,108.974037018464,41.1479808549994,107,1470,442,9.77488809447555,7.35461665576235,9.77710398263203,11.6210444154929,13902.4507629237,805,16209.5751093002,3.8745500189229,1.89761158961481,0.845505475648977,93.75,0.184914482106491,close
169.576638738295,231.990509187085,158.353145235124,185,1430,233,60.7752617688867,35.400790370067,60.7902438822616,27.5066782780916,68820.2448000093,811,71828.2036608659,8.44160617240213,2.73763267195285,0.96640866135111,60.546875,7.62902265324529,0,0,0,0,0,0,9.95487736773484,6.14144696156079,9.95759245632531,6.34116588081423,8533.29844201352,574,11263.4137275025,8.19590067229854,1.47825154297942,0.727057138392553,62.5,0.244706031601023,open
266.049134948097,302.238780233141,143.45863706335,355,1590,282,6.26181224631499,4.56040866189922,6.26397936022195,6.35152455111607,5962.09055489879,547,6589.79051644437,4.75078440042329,1.51948279292217,0.94969950741632,119.140625,0.0917936756705691,146.628571428571,166.126749277161,78.1217160526189,167,918,177,7.8001270304205,5.12032367876937,7.80322398344175,6.03739371687741,5205.69361205837,411,6451.60783524941,7.04833983925884,1.48886473565073,0.791703118153519,105.46875,0.131226381534625,point
287.188914910226,321.13861273139,143.766027048377,332,1943,284,51.1245547458857,37.7238347084926,51.1445202953686,54.6539460132563,45474.5186644073,538,48324.232261579,4.47177964012045,3.85730407919691,0.933059369890044,50.78125,5.73882027660676,38.5075697211155,58.6080709125937,44.1998837933158,7,466,110,15.7586785204865,11.4601976386592,15.7649605289893,17.239533499509,12199.4852636302,479,14382.5480365174,4.94169120101766,2.21848487440539,0.855704288017174,97.65625,0.556607333527097,open
197.188235294118,211.85953210686,77.4840874268171,191,2583,561,57.1495578665239,41.5267577146877,57.1615678608693,62.7764915446092,81695.031413096,948,98833.6833609567,4.08375189401797,3.75462466203164,0.807980841604125,117.1875,6.58243798837165,29.3177878662815,43.8518356689821,32.6173249328223,6,2350,433,30.4693781953093,21.2803255396754,30.4756620975291,28.9592440459977,42695.7613005031,851,51562.2287826334,4.46601907554736,2.59029160341858,0.814124480822319,67.3828125,1.88882477154647,point
123.98875432526,144.229485417053,73.7131849783949,107,1141,177,26.7390454517217,19.6303411863263,26.7505932059337,29.7698649379799,18592.9881909516,445,22692.6744113932,5.70802119859955,2.96038252213206,0.824849693975095,97.65625,1.4961616231796,157.15157480315,184.912551155413,97.4795834853012,190.5,1792,268,19.2918165822168,12.7286349340069,19.2981485971729,16.9673023388823,15051.6666746132,578,19398.4396394265,10.3819452711016,2.28787850218867,0.743921694413511,78.125,0.878653219762651,close
313.45797767564,323.932090128628,81.7207912621576,335,2465,327,24.4666131956744,19.2694607824318,24.4706268060616,31.8714915993297,34447.288648716,859,58694.7775432874,3.14955524972904,2.97984784082978,0.554959114999232,60.546875,1.210783254439,117.100881834215,121.083455412386,30.8045672714801,126,1725,289,7.20603780916432,4.78682380774586,7.207309030149,6.55087027034204,7328.70960059484,678,13570.6454949595,11.3537944016729,1.55306434232774,0.491183845094071,49.8046875,0.0859774254452363,point
329.856429463171,339.982968778598,82.3770536168891,359,1850,475,11.1383393830442,8.6527323795228,11.1406536170824,13.6054150678376,11135.7849965082,579,20792.5159079933,3.44174613259162,2.10519590223654,0.500096673579498,68.359375,0.252232315571983,291.351085620647,313.802620115962,116.585580540689,335,2044,442,9.81626496815172,6.31112335415571,9.81827623134059,8.21379760115587,10851.6589106004,722,15405.4521074941,12.5935868864845,1.68941990875285,0.627697336886605,56.640625,0.179869178137879,point
365.123934426229,387.178701487112,128.851645085358,408,2075,384,6.50516787822341,5.07414795391966,6.50729644048716,8.41680718200842,5125.38711438367,501,7738.07562972748,4.43676679591651,1.68463762506275,0.645384598846825,50.78125,0.0910979010716882,11.6928675400291,23.7347974786749,20.6622404216947,1,434,90,9.82096690960282,6.54222974797353,9.82453936762226,8.78275941989359,7248.60560923171,479,8989.02367371563,10.8252141833491,1.73788638090576,0.812059753836806,123.046875,0.259984895787012,point
8.77567737870195,28.4117821260666,27.0310426043689,0,528,50,81.3476898463677,54.7766075260824,81.3733285458403,65.3677163437794,91984.8718127349,717,86930.4761438928,4.81811569412265,3.83124051656775,1.0920237702591,142.578125,14.236792292485,149.530726256983,175.643338621864,92.1795965547453,197,1406,281,8.92597752155193,6.33823971771625,8.92909546044626,8.9543383794766,7444.52106354256,474,9076.35927576967,4.22054976341053,1.55671449619476,0.832963613410123,80.078125,0.162102736746042,open
411.103296703297,417.53306226546,73.0041839326079,436,2290,631,16.9756924352685,12.7197715409141,16.9783545416723,19.3908076910506,29914.215153459,1156,40512.4723578115,5.02150365035359,2.44805192617479,0.703963406806168,83.984375,0.560923563666806,177.402527075812,202.483769461423,97.6262647914015,162,3752,873,3.5602661482435,2.58323473999465,3.56080121436488,3.77010075892201,7741.09686023694,1172,8586.67227574222,5.46056983421698,1.19275200673222,0.921646195911624,58.59375,0.0230026483459716,ok
389.089880952381,451.357325318918,228.83109165892,546,1390,192,27.7315216421744,19.6654463865582,27.7397705033979,26.2477164936711,21694.3453689069,501,33037.9499294177,4.9768247768481,2.79227101828226,0.633971059033275,82.03125,1.83257116295037,263.451530612245,325.27144472748,190.835084712754,396,2234,342,27.1839601482662,17.355827052919,27.1926294701441,18.6830022946271,20315.5852599677,536,27213.936818977,6.02737440901684,2.33689840881156,0.718280780779521,78.125,1.7168317739699,close
448.685967657799,492.681239606501,203.561592645265,542,2380,369,17.2949452874355,13.0428434428861,17.2994556378833,19.902030015378,17818.6447088081,664,25003.1308800127,4.430408165537,2.48799600656788,0.69559295978104,58.59375,0.642222859613024,94.2552521008403,126.196329801869,83.9354591136895,83,1116,262,6.7790679627332,4.79390021070326,6.78084784101109,6.54605241996266,7010.91245067675,594,9127.58600117901,6.44916538914468,1.54658364610508,0.774718578603329,58.59375,0.0880834637800772,pinch
13.7819467101686,30.7112798169252,27.4526950998091,0,628,119,23.302876014572,16.7206472847714,23.3092082321331,25.9028613064884,21708.6222962573,634,30749.2703566947,7.41372731099423,2.71548176138323,0.664301628386476,70.3125,1.12944818928735,108.559732234809,175.420860711637,137.829768615006,0,1180,196,30.7102016696098,21.1305110974507,30.718108640936,29.3183624543529,31444.4016912833,692,41035.4525512492,7.18560803621431,2.90785024640828,0.769805953136167,115.234375,2.14375846309416,open
402.619139370584,426.510034171009,140.788381438604,482,1469,266,35.6367454397957,26.5719937826322,35.6481935464447,40.1395524297247,35592.4223944999,634,41372.5943195584,4.32185346414775,3.35051715445879,0.875458565760099,113.28125,2.70831152464789,74.5892857142857,85.9922390601119,42.8073250503979,91,1850,366,15.4549366616281,11.8228339553916,15.460688075224,18.6187051007328,14195.9581253277,564,15889.8888360463,3.8305934340767,2.41109133702234,0.894699530616305,64.453125,0.473025481076596,ok
243.51435768262,317.976262916491,204.525633598318,295,2006,113,31.1319716119963,20.1432905423408,31.1398148735277,25.2138953470384,25643.2654273418,612,39984.4317265465,13.0133993216445,2.83018608711539,0.623275723622473,35.15625,2.40488625440539,27.8258785942492,64.5718305397526,58.2842229584579,0,704,44,35.6088921604056,18.2828740417307,35.6183764478465,17.449017815911,25228.4620586197,601,34335.2374503702,28.9564175046953,2.19875121566429,0.683025163277974,89.84375,3.3834883981076,open
371.167888074617,400.292768441244,149.945585001594,419,2393,431,6.0441161158814,4.78374737603635,6.04612978469001,8.27683466548021,4632.66440131596,479,7180.40481143056,3.95251157203692,1.65593298476553,0.644007352193225,50.78125,0.0804274758006125,58.7328413284133,73.1592258346358,43.6363488034772,57,960,186,11.5207907848254,7.60837151311115,11.5250441573323,9.96590250991849,7988.54270907365,447,10309.3434002656,9.11081953645504,1.81885726606572,0.745814621697518,93.75,0.347419321356964,point
147.94656019656,152.226822630756,35.855411604468,156,1595,460,27.7992536767431,21.655856113669,27.8077932950427,35.5730343692877,27318.6488826302,615,35255.7337530532,3.62028162704504,3.14024226982801,0.754020439979592,82.03125,1.63347386138284,117.650371287129,124.457031135287,40.6074270668432,133,1452,373,4.1327935164944,3.07316542866273,4.13407263069693,4.49905494159034,4511.20631291327,600,4966.23533271898,4.22396167235986,1.28506713994421,0.929343602136207,103.515625,0.0360678396242744,ok
390.066839714471,396.389784340032,70.5404190826561,408,1650,253,29.8368733020867,23.5231600399733,29.8464978956554,40.0507262124945,28712.8089014295,595,36249.1896215989,3.29162379203016,3.28040350843079,0.781402556696791,82.03125,1.84459196632137,11.9101988454137,49.6333833113885,48.198651751942,0,686,34,16.1002083619885,12.5018529635899,16.1053639567527,19.5804987166281,13838.6804191245,581,19490.3887702367,3.22359464810915,2.45412135710071,0.668374936795688,50.78125,0.555796583488876,pinch
101.917680744452,126.61860564559,75.1605041552748,95,1895,285,62.0778551982258,47.8556303820568,62.1000787489531,78.7784906178873,65055.231955419,609,66854.3156437333,3.92963147711281,4.41799351415303,1.00980191096142,169.921875,8.49128064551941,0,0,0,0,0,0,8.73869944677496,6.53767280717658,8.74199145038777,9.75938141327674,7174.67973210354,515,8682.0294879305,4.67579968799246,1.84061348455521,0.800930104101949,76.171875,0.166901312201742,open
20.1486251305256,36.5292867738103,30.4753172938464,0,1127,197,54.0714838101194,29.0893346363719,54.0808960882607,13.2533477992287,81786.4251535211,915,83573.6584102965,9.93570549642502,2.61959456974051,1.07130430385638,208.984375,5.79985292632698,41.8127090301003,73.1879926917489,60.0781723305924,0,1108,286,6.03453320155893,3.31912300512584,6.0355422823951,2.09628852234538,7062.41061685962,756,9924.17778532628,9.44948731608213,1.05545141657202,0.727531333626114,63.4765625,0.0645087877638448,open
189.691115086464,207.637211712008,84.4674316839531,236,1308,300,11.6402919753983,8.55260638307843,11.6437559771213,12.0256152794592,11051.8584410492,558,14342.7209044225,4.23846552537334,2.01418427621298,0.754949058597138,82.03125,0.275411735225691,59.1804416403785,70.9493132265465,39.1464841108263,78,1184,353,1.34468907505864,0.848457163931681,1.34511346675122,0.876601493874211,1031.48283076825,393,1344.80460483172,7.60869174900693,0.657087487649951,0.827474909052635,72.265625,0.00341786697410545,ok
414.102233676976,435.583890429128,135.131452765795,457,1840,364,20.7916735538603,15.1865214316904,20.79614055784,22.2923061197799,26445.8689343264,826,35354.2218929753,5.26879666599284,2.57581963411653,0.72990172544921,72.265625,0.993924877055525,259.359498956159,291.450548343002,132.979155958926,330,2614,563,5.56958212582305,3.69400400022661,5.57074495391307,4.62710569272079,7974.29172660278,827,8847.13958054274,7.59863479392104,1.33216260614286,0.937980821852602,117.1875,0.0596757222215419,ok
32.0320182961692,65.6272458027333,57.2953936380313,0,848,101,22.0308803571939,15.7094882267482,22.0371743840819,22.6647714697211,19578.9776951672,608,27475.8949085826,6.86476343439787,2.63549016582616,0.653285328513894,68.359375,1.0399424093766,99.903052064632,156.107218904621,119.989416435565,55,1366,240,29.9204019872849,21.4065783309691,29.9293473489973,31.0513401622946,26215.0182926556,548,35770.3923910493,6.10748902261468,2.96221772253999,0.708262640287767,82.03125,1.87866274603334,open
142.718295218295,157.280209972725,66.1122106520438,122,2010,320,32.7900672632475,25.9015808242138,32.7985462720581,43.0214558792959,39782.7574716332,747,49834.6415057874,3.34732880830649,3.42938392992813,0.79054135556144,82.03125,2.35767080568542,195.170962651236,213.832937095409,87.3890015876933,215,2176,398,18.2259954028941,13.1856218632248,18.2307900914214,19.9257064920289,20177.2509134718,735,25065.8671619904,6.61773582074994,2.45273391735849,0.742000156418886,68.359375,0.660916145331816,close
302.943229901269,366.974142834571,207.148622071467,429,1711,390,37.2849783104509,25.3220431704798,37.2915267643619,28.5210254447655,57317.9517082763,1009,71813.3144314806,4.82355430705471,2.89304681988027,0.788733188389882,64.453125,2.98513562078357,260.883738895326,317.920126200736,181.729572607348,373,2424,527,18.5487568915928,12.9642993899656,18.5523272370924,17.891519232955,25621.4907382825,851,33564.5711206209,4.49096957485329,2.13504026191083,0.769773381852235,85.9375,0.836234209594046,ok
174.288173652695,183.952103812395,58.8608722922031,172,1560,283,29.768195034161,22.1256142785977,29.7793261455079,32.5037083225118,24227.6370212858,524,29559.8206762066,4.0568745968491,3.06366359490418,0.788792580037386,109.375,1.86994768869115,28.6713615023474,51.3786763950417,42.6514343103743,0,1002,144,15.1210492155996,11.4569970584525,15.1269679356654,17.9495636608052,12799.1090259925,493,14642.0422407023,3.82626423069425,2.32569656944416,0.843717179595974,103.515625,0.471972206865146,point
4.88492947290275,18.5998778643881,17.9536129230254,0,376,49,68.1132241743205,46.6385488198731,68.1385215604713,60.7325764946763,65740.6876127826,598,62822.125260369,5.12167441432521,3.79929479155666,1.09187468270347,158.203125,11.1365830309134,85.7033783783784,126.340415844162,92.8582668925939,30.5,1126,186,12.5327416623505,7.98910026335459,12.5369777239342,8.88749145218698,7572.06824441733,437,11823.8683897648,6.72168960298508,1.63730431390558,0.605465957325642,52.734375,0.362864337782406,open
241.886593920499,263.851978065196,105.4185605291,292,2038,459,32.9297463273913,25.2719660820218,32.9361549777027,39.9451293446193,54297.2348652191,1013,64847.8649664679,3.95935305086925,3.34121588557246,0.791848052226499,71.2890625,2.12092011109752,0,0,0,0,0,0,16.7959963878315,12.3683040564942,16.7994427104159,17.8886846613032,29752.8580986397,1034,30141.5569856764,4.48158828651886,2.36694994838615,1.02939180750604,94.7265625,0.616585928294761,ok
38.3118971061093,97.6290425512396,89.8183400048379,0,1298,82,27.4156059042264,19.7515713733377,27.4219023323321,27.7812583693624,24485.9395657573,626,42999.1708797563,5.40457142219676,2.90646998860013,0.542855202527298,48.828125,1.57236939546292,111.044522261131,155.921623825524,109.483620610305,102,1468,141,10.5417876687075,6.58311727641928,10.5444252751525,7.95305053161174,8975.82610114956,578,13159.6514355621,11.7717583201991,1.67004154266976,0.660104327694097,52.734375,0.239257801000525,pinch
147.27174607683,236.157735797392,184.618333873883,31,8015,1933,14.6894440717496,4.4399711842346,14.6899656305599,1.90516540991976,47303.2116343444,3197,62528.1141875759,65.1274501857777,1.02260049232345,0.856778864795052,50.048828125,0.0689360961368001,109.976631035754,190.186908861384,155.170796014309,0,4938,1043,3.40134331898756,1.05554079882069,3.40146869208838,0.315775495362209,12756.0692550503,2508,14318.4109360026,89.9663764863725,0.486368785135339,0.955178823566575,81.0546875,0.00539405259426313,close
92.0435643564356,123.183423298663,81.8936188698086,49,2328,435,17.080133487721,13.0020575216566,17.0857731620038,20.1864525791541,14376.9362337234,529,19698.1171453097,3.63220141744245,2.43646923215965,0.690117185408676,103.515625,0.602620152701812,19.0581639803784,31.117945935025,24.6076672561778,0,526,144,12.8580689632153,8.8436168618722,12.8625746494532,11.6002041843978,11556.9272316016,544,12619.8412618916,6.90780372255859,1.91400176766283,0.935948827992122,68.359375,0.406644442486991,point
484.377142857143,490.324099812708,76.1529243747893,509,1624,467,24.7809632010094,19.2911066963417,24.7868573396433,31.836257687206,32265.5759283937,784,40511.3240623175,3.56382440869757,2.97319831034089,0.774551270721341,56.640625,1.25292946705425,109.532732447818,114.580981115526,33.6439997510796,119,947,316,5.68213085013447,4.32412961449177,5.68347739473603,6.57572018865327,7518.85571274226,744,9115.26522734866,4.29191156608703,1.54819426429064,0.828254377165816,50.78125,0.0663149890231083,ok
423.293621013133,483.409534115274,233.522731978399,556,2228,362,13.3692899454375,9.94109013563956,13.3724176387578,15.2946415887553,15440.7579556975,671,21194.4041691835,4.84842329708429,2.17481682223147,0.698139315265091,103.515625,0.390495331618949,129.247444862829,161.831484152635,97.4147419880592,148,1550,329,8.28193832370017,4.86444989223236,8.28416670526027,5.2173662800351,6901.27364381435,603,9043.01234965995,14.9237092774162,1.37863983013891,0.729158408746222,83.984375,0.173813784909844,close
126.300761990139,183.581993328094,133.260743075968,172,1896,107,26.1687958339594,16.5603280644318,26.1746527474007,20.6511161129803,23195.725473394,651,36946.0919117473,17.8124477128621,2.58379522855657,0.649449363183897,48.828125,1.34731504226044,8.60042507970245,27.6416648658661,26.2766284235206,0,398,27,27.6866341026846,15.7776483347689,27.693992673037,17.2666065850347,20801.1413504833,540,29693.5341660351,20.5229647919577,2.11098778184098,0.65828789965641,52.734375,1.74818166297783,open
25.6791666666667,48.4974164751268,41.153224565014,0,949,192,15.5287493332386,11.6381293847927,15.533372993123,17.1503342120711,13793.0595867912,565,19552.0573664517,4.0168929312189,2.34783887678876,0.664746582970992,46.875,0.566461565204927,62.8820326678766,71.5115768679051,34.0654902345681,77,1328,360,9.80681786004478,6.60657572801123,9.80978555595995,8.52888196518833,9153.55823073583,565,10920.6696784026,8.96553383220744,1.70302082174676,0.865356089536515,91.796875,0.229519475641146,point
428.529078014184,456.644295667818,157.783618649576,488,2089,481,8.55328824036943,6.48147914086421,8.55480464122355,10.0191327291064,11804.0096673392,828,18277.7711772371,4.2653443201248,1.83614942857163,0.623950234273616,49.8046875,0.140451479049108,340.454443614638,366.068689812364,134.550428036357,396,2146,488,5.88860684808103,4.32597763846547,5.88970659389004,6.60452550446012,10522.6816915586,965,11584.9681158105,6.02188885058103,1.52941631249565,0.963342225583691,49.8046875,0.0651514413459672,close
305.087270973963,339.666082695708,149.350459235585,377,2282,295,83.2259710751254,56.3704538629504,83.2460410125139,75.253005914737,124802.816536244,1067,116912.321311759,5.24439125833411,3.76565334490252,1.07282546068298,123.046875,14.1685637601468,8.17432432432432,25.9959716213982,24.6828968568305,0,580,91,7.76239552717066,5.244120842708,7.76414403429094,6.25263689973136,10071.1045958671,729,11641.9482708118,5.76882204275499,1.45736129378568,0.876321740276329,66.40625,0.140829516874691,open
75.9775068930489,103.256780431009,69.9291840772781,62,7259,1618,16.2953350592664,8.5851091555809,16.2965173929781,6.82781658499967,40329.3678657215,1894,59159.987191108,23.3430800876657,1.70532532403851,0.685434535380634,49.8046875,0.400795067549679,67.0565545243619,117.018779354332,95.9069708359553,0,3272,669,20.2337504964632,10.1343553238261,20.2352177112532,4.26388099317469,48255.9338160594,1520,69886.5143131047,14.9155065850835,1.59384606376203,0.714316901358274,79.58984375,0.772063715840168,open
366.635560675883,424.628448322088,214.255253240021,525,2165,426,20.9017497026907,14.4029512214797,20.9057621171386,17.2150677875765,25501.7841210046,826,37505.284980733,4.88632138954052,2.34054901517115,0.659776794364782,58.59375,0.84775031212789,61.6654611211573,91.28102286688,67.3174918153526,16,966,216,5.13985527381136,3.53693302438339,5.14101724208492,4.54531280065057,5973.72648607548,645,7823.69584993606,5.77078996274332,1.28879931212174,0.779337954193093,72.265625,0.0591707432389313,pinch
39.1948955916473,96.3334952377298,88.0164653415895,0,2004,138,29.1697384909632,20.3970533592969,29.1753798400566,25.371790325965,28725.9655622287,682,52746.7799871418,5.72663063172612,2.86640012925042,0.514175880284229,53.7109375,1.67443148501343,54.7445255474453,100.797739590575,84.6551275089607,0,1514,96,9.56137912951922,5.83109138337511,9.56356074878151,6.81284569322716,8999.55313657433,678,12781.7523123582,16.4363275216442,1.57740791112572,0.705484741602242,119.140625,0.204747898197553,pinch
383.673817649927,404.216325904512,127.25224955414,430,2440,305,92.3368929993546,66.295681913765,92.3594105110488,99.4340616279668,138892.056951505,907,135972.443605132,4.42343142531467,4.61232414940715,1.04091919168862,156.25,17.5486656768423,7.07667584940312,21.6775031176135,20.494576123881,0,502,88,11.0746815275535,7.55020583322476,11.0772246158973,9.5843757739609,13222.5933358817,736,16444.3483047635,6.20260039151644,1.79825337861678,0.76885184345122,97.65625,0.254458269103548,open
141.313615023474,156.349872494697,66.9167177448623,173,2462,547,20.2280759955178,14.959971624777,20.2328247824018,22.5775672719739,22981.205187999,753,31864.7395607749,3.80577746856199,2.48771543410829,0.698550642744362,50.78125,0.949844974594327,231.600762066046,276.905875882441,151.814718712371,304,2441,456,8.72169548275894,5.77330230939489,8.72354222506948,7.08424651941152,10669.0053092357,740,13636.5400547907,5.77242469760817,1.44058316720012,0.806961876109758,104.4921875,0.153211462568937,point
148.344988344988,159.268242158859,57.9835895498408,172,1666,448,37.4171773595144,27.8756973739564,37.4280845599299,42.1849277139509,38974.0779477926,642,47834.6966937093,4.61149403126423,3.43845806947513,0.809990722024497,85.9375,3.27893600447033,135.796518607443,144.506588990622,49.4259662325663,146,1293,331,5.48831968421573,3.85283336685612,5.48996690900397,5.49593033404713,5704.29082720844,620,6418.82038918229,7.84147795453524,1.38579020109068,0.870311862909429,87.890625,0.0675276620436945,ok
356.56342780027,400.484816683557,182.409050784476,459.5,2234,306,17.5045337713395,13.4216300422993,17.510441576949,20.5144520027365,14273.1290226848,466,19890.8557226876,3.77634463951683,2.53678155514823,0.688519882368824,62.5,0.691507676229149,10.0781078107811,18.4666619008465,15.4826695193857,0,398,94,8.99992637666603,6.50680513796109,9.00487788806281,9.44635784491012,5105.55681689614,355,5914.68587040663,6.4254881423965,1.82613463867231,0.832072451108895,93.75,0.150497251846512,close
322.135022850021,326.828293264123,55.1998753024456,335,2130,565,17.5360517495521,13.7864810620969,17.5396399286478,22.5186420637198,25079.1643706244,803,33184.0599164673,3.27740708840095,2.61313564904761,0.734539433099851,98.6328125,0.614609692897253,72.021711366539,75.2548755649512,21.8259521211956,69,1212,393,4.08859657420125,3.14310571450019,4.08946712403365,5.10213006902751,5700.11546145708,792,7383.15532336095,3.67733917699448,1.34064075437604,0.754511807221441,49.8046875,0.0311687232676508,ok
116.823272438443,140.946639275697,78.8717227633751,115,2188,304,17.909583491114,12.7365771351352,17.9131405186579,18.2311716861853,22759.7381808566,793,32070.7012262704,6.52240674475467,2.38091398194486,0.721898597347855,49.8046875,0.720104557365241,22.6662987490802,53.1736122432853,48.1094948416047,0,1334,168,13.446241675601,8.60305800311962,13.4487159121307,10.1700453226297,16413.247882733,794,23383.1116524791,8.30502563700735,1.79974670787259,0.694985613117513,82.03125,0.332934087559269,close
350.758265582656,379.545492701218,145.033862054095,398,2158,398,6.08027088401992,4.83103211627124,6.08191870928372,8.23217621215216,5600.29003746136,556,8913.25425452045,3.86314985410125,1.6798709579332,0.606981241119612,50.78125,0.0764412293722246,32.9579405366207,63.6312174538787,54.4504912245465,6,742,151,7.89685766431098,5.33974603836726,7.89972212075574,7.38925411986111,5528.42080299316,431,7363.50978690846,10.682520016541,1.63359404360964,0.748729049569107,113.28125,0.131031449518053,point
24.196981731533,34.7458033419988,24.9453639631025,24,1268,200,81.0099397111831,59.976181854171,81.04212599868,89.5030367211861,72720.1002067806,537,75510.0129544013,4.48971381965731,4.68933327449163,0.984663161817647,103.515625,13.8260760633047,35.853203568532,58.2563830307724,45.9354469224568,0,438,81,9.43506751716387,7.14844177152969,9.43889588713375,10.6810485875671,7891.41126077977,492,8814.02870429611,3.63760970177941,1.89143829074521,0.897742483193126,115.234375,0.188437230519008,open
29.5773101555352,46.4675707635163,35.8551818215175,19,851,170,13.2306618051802,10.0618972637869,13.2367183633047,15.2525313738242,7324.03996031512,346,10997.6537093191,3.69957265746919,2.20872227260273,0.634571308559706,70.3125,0.373332094196667,28.1650390625,43.9379778601326,33.7400085988819,5,820,89,4.87329273819833,2.75686344196717,4.87567158637365,3.37337427001002,2445.7131554256,368,2823.02816457439,25.4240786775712,1.15237174353505,0.87473258191234,101.5625,0.0208276418749145,point
267.233350279614,313.916318479345,164.753121345217,344,2120,168,19.8953684406954,14.830258318431,19.9004265884376,23.5650752614454,16820.3588073269,567,29171.1181123538,5.75694254480625,2.63393754197523,0.560928587528885,50.78125,0.918636807068699,419.752310536044,496.21473926885,264.70633702822,591,1752,148,19.2558712763588,12.6463753825889,19.2603214777826,15.3836738757596,17459.3788136222,650,27366.7563279224,10.5175206061959,2.209024475731,0.578800574647034,48.828125,0.743308804183901,close
359.75786163522,452.078450688064,273.912124805502,517,1630,82,49.0537587172821,33.6271090243535,49.0794845338537,40.1882494702625,24565.0251387577,350,32080.2620092333,5.43556139194947,3.53217431011623,0.741950195013789,97.65625,5.40861427967316,257.512408759124,294.084247326421,142.135134326897,304,1218,158,46.9391953919083,33.0491499796983,46.9734773137599,43.7870334449387,17234.412150277,249,22638.6677360933,4.65374286102869,3.46296746601865,0.729189652884756,85.9375,5.08848254708471,close
53.147619047619,67.9864282174664,42.4111851124888,41,2367,356,26.6766314011875,18.1035144485089,26.6857094691257,24.9175506987443,18533.2310647908,514,26612.1662393081,8.24259882712359,2.73922283677868,0.640989611263902,70.3125,1.66858235984347,108.683146067416,168.208026190507,128.430016326181,2,1170,183,33.2667116433111,23.3520799656812,33.279178089744,32.4927155861709,21405.8902458711,445,31175.0267541845,5.22239871253919,2.9912478493929,0.666854828187442,50.78125,2.42201116919955,open
178.159641728135,188.328098282598,61.0620924959794,180,1985,407,23.4001381082335,17.9509789648647,23.4063036563163,28.1403829397846,26133.1735508369,692,34070.9580753132,3.85574871805423,2.87741246746569,0.758626678138632,72.265625,1.1232200229061,137.155837563452,172.320965725086,104.347105929829,166,2316,462,15.0316659808862,11.35709198993,15.0354790997346,17.4568733993186,16892.5694097904,749,22373.4712201622,4.06957799514594,2.35200086579509,0.729496123690588,82.03125,0.444062144929112,close
29.3512528473804,80.6655741437214,75.1532563126273,0,1176,100,28.1974061029528,19.6042420206636,28.2038310344916,24.2397803812388,24346.200580532,618,43031.3112353566,5.56419796757768,2.80419493129625,0.54743122575926,50.78125,1.54653138466485,32.71802054155,63.8315286695187,54.8215127897127,0,962,82,9.01429856194714,5.46264881563785,9.01640313172669,5.98156000857947,8267.30390089211,684,11700.9937630963,12.9209318676588,1.54392647426605,0.688630418453842,62.5,0.170166974268552,pinch
169.413697362332,275.952197773106,217.877446177973,12,2284,166,36.8531707449085,26.6622073827227,36.8617000948151,37.7894569469891,32992.5473389606,614,57617.0301540637,4.47736115651779,3.24290020009085,0.545031140035406,44.921875,2.77562667103394,403.205552849489,490.285616630072,279.003915425844,588,2080,194,47.7935169172691,25.1234983383257,47.8051609854713,20.6396723397841,31264.6189770899,618,51578.5420885827,14.3217129892839,2.46551395984819,0.528220527008158,44.921875,4.9433340173863,point
252.832087912088,279.768441928144,119.802442659516,311,2227,416,35.4264581988138,26.9171852582899,35.4342446305058,41.2679272620715,50258.395837446,873,61236.5964626095,4.18041358120708,3.416282461687,0.818665793021788,99.609375,2.67588760199067,10.8104308390023,19.7659204181673,16.5514481424691,0,538,142,16.8091903418372,12.7032992907346,16.8130028092506,19.406888593551,27285.9777334646,938,28010.7749360698,3.75061091570192,2.42131615914217,1.00363899963198,103.515625,0.572334973419782,ok
317.550951847704,347.887034219195,142.119986911644,393,2334,373,32.8127870369259,24.2458274553334,32.8219762441754,35.5214690820404,35437.7777615211,683,43303.0478352254,4.08261650170499,3.13197079080014,0.822082446699408,60.546875,2.24524853438197,67.3957388939257,94.5988165011005,66.3984110400048,86.5,1640,268,18.5635131617028,12.1694046366423,18.5677122697409,15.2841107226205,20179.8297501508,677,26845.7066284329,5.34090910942631,1.83069666600732,0.736315969715872,80.078125,0.728385117881556,pinch
193.335637480799,287.986885528767,213.524694178804,52.5,1620,65,19.2168672760296,12.8233894177036,19.2242506494152,17.1415341767687,9632.14833588633,363,16696.05302185,10.2179889126591,2.35784721172751,0.554130186038028,41.015625,0.933212387899253,233.935871743487,266.059770734334,126.798736802682,255,1091,76,25.988457542719,13.0936836464693,26.0014874331748,8.52288425906657,7201.88425288395,267,13067.4962791764,13.3091840793628,1.84447115178058,0.490137582468725,54.6875,1.45732538961413,point
306.48784082535,322.064075885035,98.9650500300027,344,1471,213,22.4750953450587,17.5219424675191,22.4792100902699,28.128851803787,27864.6659965174,753,47554.5518568468,3.60754604706323,2.87330887171263,0.552099750629666,56.640625,0.936084648301896,133.698006769462,139.009645202033,38.0666443606515,143,2206,342,8.9504346260312,5.57171720497863,8.952117918879,6.94518278487246,7766.96315249859,629,14815.1960480382,14.0636410481125,1.59873968351582,0.474344023993152,47.8515625,0.139117413554536,point
115.253068932956,224.249504827739,192.411148945608,6,3082,289,29.8127246742123,22.2955118274258,29.8197633329487,33.5429715610401,27076.5637307517,618,47221.8940504878,4.47584173899134,3.13999084847835,0.53165721296847,50.78125,1.77607118208888,409.864772170505,493.918827275581,275.688075617724,595,1920,155,41.853593618575,21.9526996540465,41.8638505457038,17.0374397737015,28499.7848164065,595,44805.4599939088,14.4119777324183,2.36356771364853,0.599000275808551,66.40625,4.21915679830174,point
420.36563071298,456.30614001857,177.545591040085,500,2499,393,22.5680987140893,16.7424657168901,22.5732538868444,25.4173873142652,26942.4838371115,746,36632.5149885554,4.50899730670313,2.72541620617607,0.722613501661733,62.5,1.10003268478263,116.899422521655,140.954751816577,78.7766049068412,163,1784,425,18.3583430582951,13.0060864757355,18.3627558499096,17.8560982771998,21580.6866151381,757,27026.6476965784,5.29674569296304,2.34326053347724,0.795920712224026,78.125,0.727342744529379,close
365.166444028854,409.588499569297,185.54084297222,453,2466,586,10.3255542040531,6.39192442896091,10.326932963531,8.13786584286884,16077.3822192771,1101,23924.9731376007,18.646132573476,1.72479034796534,0.664704651374459,49.8046875,0.198476266147543,294.813344837504,326.664644626401,140.714521228958,363,2588,632,4.58008873089543,3.19457222371498,4.58074738119221,4.31852452302654,9745.10814643791,1165,11107.527621857,6.09889585710309,1.27978773022197,0.922326453909132,49.8046875,0.0395048892278058,close
343.742700729927,381.250012963184,164.951746319221,432,2108,303,35.2008903533474,24.4917135034694,35.2115989990024,31.9268298731512,36624.9747347892,661,40264.3769997037,5.54144937448034,3.02775335478622,0.913572496750172,123.046875,3.14801886194567,156.185816382628,195.012309841083,116.804504133844,199,2214,272,19.4395406773421,13.6553607296647,19.4448808823316,18.2719559445918,16929.6195811532,549,24839.10116726,4.48655707662934,2.25667642661091,0.657100849365878,70.3125,0.832875464112359,pinch
544.013521457966,564.023103895927,148.944258600337,615,1757,469,52.2039923912302,38.0731110606625,52.2193373660378,53.888634150308,47509.1622038601,644,64762.3619141868,4.60596833343854,3.83143031229011,0.703636221547875,83.984375,5.79404772782255,141.048603351955,164.186692007611,84.0625308642878,167,1476,329,13.7979692439033,10.1918040530845,13.8018250101993,15.1236977117223,14037.4349299056,621,18243.3292550212,4.43891657879874,2.1722473709516,0.784006619203491,109.375,0.387898673229822,pinch
43.6453265044814,85.6867564473866,73.7617036431019,0,1018,100,104.928457825787,77.1676048503036,104.962047576294,116.54921474892,126730.688724973,731,120535.798776174,4.46608256824461,5.21140297668498,1.07570342025789,89.84375,25.9970795806056,68.9230267449446,86.7043736026418,52.6219639955531,79,2064,425,11.3551293039742,8.25857498753721,11.35883059294,11.9417996947438,10679.8791499435,611,12660.3954558945,4.94470124740575,1.99157679906626,0.804796161882166,50.78125,0.265099261316675,open
441.483267158253,502.540545627912,240.15044737815,588,1834,219,19.4660699326871,14.715536085909,19.471592065427,22.5582726008158,18311.2964067979,581,25943.4901194576,4.05028118366994,2.61972555920128,0.683193701041834,72.265625,0.824390654761869,125.312005277045,143.44254777392,69.8275169715009,145,1158,236,6.61938083557153,4.84311372067031,6.62156439035674,7.1493042289703,5258.58476894345,483,7342.16040053619,5.5475086949567,1.59751849715308,0.716192068024765,91.796875,0.0948561118066083,pinch
153.901474530831,169.092672134061,70.0710979202781,155.5,1400,253,18.2117576276836,13.7026031465605,18.2178565728365,21.3167691389332,16033.9229107113,541,20444.2838946682,4.79310615400514,2.54310198701221,0.763945446525414,70.3125,0.759957989807821,94.8260416666667,120.864994415257,74.9814989273724,105,917,164,15.3532728302827,11.1676967498609,15.3612274769107,16.0851433127483,8578.15536958353,391,10720.9888798665,4.67177496645573,2.22777975987648,0.748055607883343,93.75,0.568694124145542,close
270.723404255319,337.864290502521,202.215523650971,349,1712,224,37.7852248396083,24.0981859597695,37.7990287422453,26.0150172499032,28726.0637482348,553,32845.8274631658,7.76949757619957,2.80686978749195,0.872940477493793,95.703125,3.23812909192091,88.2976190476191,129.140012610898,94.2724025978535,38.5,888,136,11.5583698567213,6.61832194517892,11.5626720993897,4.79812470753696,7682.42926065271,458,8895.02469432047,11.5575219588618,1.44378328375396,0.796060985421125,62.5,0.316623250446227,open
305.188493565481,336.932807665194,142.825566596328,345,2595,355,56.5961300439878,40.7464494663437,56.6175560524216,58.7957825136601,51135.5457454131,565,53826.0597450401,6.28148837278606,4.04863420014516,0.967886592328844,123.046875,7.65567333260473,61.4275123558484,93.6811647345914,70.7597745140012,20,1068,166,15.1680823918674,10.0485067803598,15.1743333231942,12.6403758583819,10417.252011458,488,12198.8872313567,8.76288974658211,2.02530324643828,0.788141836974589,85.9375,0.536403584977496,open
290.325481798715,297.725537563281,65.9844007269627,312,2236,420,30.6915148914955,23.3367237231798,30.6997330177594,37.383824502658,35137.06139737,723,43592.9999148998,3.92629482809528,3.18049569784378,0.782843591986087,95.703125,2.10530190884681,19.4381572358538,65.5713535288498,62.6396460456376,0,948,59,16.3919001304798,12.1170646094276,16.3960027766297,18.2422153455019,19316.3032746955,735,24197.778025027,4.55631137814221,2.34191066884753,0.768579336507742,62.5,0.548826289314013,pinch
335.633372048006,363.120276054533,138.614620772547,405,2028,454,13.9578954770864,10.6763838968432,13.9605949812197,16.7533932690751,15131.3985517198,654,27577.099605546,3.68105140987084,2.28350630891151,0.507145571615734,73.2421875,0.378106034528111,297.580853352456,344.784824890947,174.163966323564,400,2596,589,10.6389464889002,6.90949386386206,10.6408540162727,8.85583653519197,14866.8355322179,876,19270.5783863113,11.6516325858133,1.75013831161137,0.757719548519072,81.0546875,0.184027365840159,point
223.27139874739,231.798439816711,62.3091126639336,245,2361,557,29.1915515303175,21.0005574256848,29.1991723491135,30.9519337322675,29439.6275904438,707,40237.0680276121,4.55269731158432,2.810121461307,0.683371211180908,74.21875,1.73819122497942,320.278474661315,348.621362642506,137.72461837051,390,1866,359,14.1528215427435,9.77742466145908,14.156373405655,13.3080169393147,16262.3717523728,735,19486.407350288,6.00676117624449,2.01996551130017,0.825620774732733,107.421875,0.429596733079799,point
212.377358490566,284.021291280836,188.625458038971,248,2370,178,24.7854921990041,18.4372859920393,24.7909246752348,27.4205357455235,22352.0366097972,631,42018.5747758577,4.52843276163229,2.87156525752347,0.505371513746395,50.78125,1.24576038651156,360.410179640719,460.614035352517,286.888471601935,556,2108,180,27.394047447296,14.5799653232314,27.3999076875419,11.721836310115,21540.3000388005,705,34087.958925715,23.9148737314464,2.05452119556198,0.585627721856708,41.9921875,1.67554172618948,close
184.861212121212,186.491366279969,24.6115635132402,184,1380,349,21.4738366892559,15.3393497516838,21.4803428102842,21.555843901326,16836.2537518412,562,25309.9270902783,6.28334029508094,2.61275326858048,0.615823760018539,56.640625,1.02638054963092,250.128651685393,304.187058984981,173.153886560506,340,1622,303,31.2122369251992,20.6303169699468,31.2210078169654,25.2420192937014,26558.7531475217,573,36721.9642065052,8.05240854159979,2.7098625530978,0.705836534499735,76.171875,2.45839925749207,open
363.297169811321,399.263275949608,165.674103207153,444,1892,349,11.0790590147038,8.22104274994995,11.0834046525909,12.1690473005009,9073.61888389085,508,10457.1663779363,4.64940680542333,2.0243288004579,0.841482411399146,128.90625,0.267377947599877,0.0141911069063387,0.153791562980216,0.153207911679329,0,6,0,9.28277981924426,6.25268310431209,9.28717050952253,8.26965006741803,5052.52323003926,365,6609.08604125788,10.6737513346034,1.7251041561741,0.752654959474498,109.375,0.18268009635477,point
379.576874843241,414.917414369931,167.585503401372,457,1937,492,36.0553979573888,26.7253115185716,36.0599097483698,40.421329932452,87743.6151704905,1467,106553.817024545,3.75095874554415,3.19345143483187,0.792771853829191,98.6328125,2.5942539462165,38.8236336032389,56.6045372174638,41.1974339991556,14,2064,610,15.7292822988897,11.3130566325829,15.7312669850557,16.7946246320226,41612.0077062107,1585,44709.1998119674,4.81154569009859,2.08503150926829,0.952550882814651,75.1953125,0.480084930448833,ok
331.394666666667,377.18760083309,180.213566384157,412,1793,222,55.2815728815524,36.0215153755695,55.3061584194426,42.6362895827837,37122.1098877683,515,40524.2047975157,9.76408176750588,3.5698829602216,0.912162749826402,97.65625,6.66506942865996,61.2391304347826,88.0929906405725,63.3543966390275,33,1016,146,17.6187082671754,10.8647434454416,17.6266922574415,10.8429631967452,10441.6821305897,436,11994.6767637675,8.04396051952844,1.90925682481965,0.867278962525052,125,0.764307628182826,open
202.850753295669,220.272065765692,85.876812847417,240,1430,388,13.2748528680255,9.97153550849364,13.2779779389736,14.8878971543998,15973.4236881935,764,21179.5414200405,4.02316803162754,2.1843355501692,0.717888852826501,119.140625,0.382115288871919,22.8539889613648,37.1912376582837,29.3481774129796,0,594,142,1.77513913153041,1.12563520047856,1.77558463680887,1.24820626413307,1911.66496511372,580,2243.39095455377,10.1889377194323,0.741830577763127,0.90544321683318,117.1875,0.00529912760708987,ok
391.140857392826,400.190832650103,84.6443522330571,418,1769,371,17.7843475567683,13.4439045822167,17.7882383453779,20.652127952158,22601.5839674096,813,30732.7658749474,3.79658729759747,2.47042969549349,0.710955051039128,82.03125,0.610308258190844,273.658773784355,305.909191434003,136.745075157075,349,2300,539,4.90023034377102,3.33586303253148,4.90126663144552,4.4803332968828,7302.76024826308,859,7889.31607193696,7.59707671986302,1.30667751561183,0.938266631645483,102.5390625,0.0504877908646226,ok
377.251987767584,421.557394309776,188.184042609689,476,2128,365,13.2986771837802,9.68013207160337,13.3027444073363,13.7503487379557,11093.467904265,499,15827.0159370715,4.79738124550136,2.12264843617156,0.671370109416837,72.265625,0.421131760231803,57.0752762430939,69.4798203940464,39.6351257003296,71,940,238,4.136689552388,3.06772554053374,4.1381165201152,4.60997475612046,3688.20798268482,486,4442.06658269286,4.3025605994513,1.30628763539058,0.828988387891902,99.609375,0.036867387090702,close
304.783265543289,377.838942043229,223.379544771048,431,1360,236,16.7185810135835,10.863320072595,16.7234375810281,14.5017977707601,13088.3414214806,506,18695.7738449359,15.0718143655915,2.19760382108894,0.666203392725895,95.703125,0.641678633933759,88.1401952085182,113.661002217217,71.7962620253621,119,882,164,5.34968881102489,3.35648473539603,5.3520624000375,3.76856512105111,2842.56481197239,345,3782.75829679132,9.17012339910958,1.22188722939132,0.73118764927725,109.375,0.0621059179893682,close
261.358526395746,300.259789402092,147.837622394964,327,2134,408,36.9638024616811,26.9108322896311,36.9708230234327,41.0773412738702,62200.964286354,1024,70856.2214185987,4.30993428951211,3.02201704587711,0.866810453272722,69.3359375,3.11498556584389,0.00146896804994491,0.038327118988321,0.0383059924167637,0,8,4,18.0666276953235,12.2662772496045,18.069943782899,16.0294145763513,31716.2725363914,1096,33401.0729506732,5.84140672772863,1.9989076163535,0.970280506285492,70.3125,0.704029268568301,ok
423.911847672779,442.733684002736,127.762951981604,468,1477,293,38.4939415974107,28.9143989063163,38.5075101392593,43.5275065392501,35432.763592103,563,41000.6176491565,4.13376821706051,3.47118088402699,0.839378995816718,83.984375,3.6298063576089,164.43972179289,176.891746862853,65.219285044864,193,1304,350,16.4576885465327,12.6278809500292,16.4640514598843,20.0840792867967,15050.5108658726,547,16340.4779493377,3.66917191474424,2.46003527558495,0.926762238970418,107.421875,0.607485606261285,ok
244.675068744271,253.065573899221,64.6390770463416,265,1490,393,13.6843847619074,10.5748644966273,13.6875170439024,17.0915206834044,16545.5193679337,781,23074.3543316409,3.80437056207204,2.30198276297409,0.688820858159795,52.734375,0.372506054776129,1.51612903225806,5.4958745524961,5.28394383642077,0,178,40,1.92944971240356,1.30814922922584,1.92993586309804,1.68282238721892,2132.17650950567,630,2595.36807078407,6.9260122654141,0.845950516063552,0.826477908478026,60.546875,0.00714307708806741,ok
214.099120703437,272.226743139347,168.167384648517,281,2598,174,28.2745995790381,16.3903315716087,28.2802430207436,20.0284868558612,21762.7099716185,672,41008.609592165,18.8355753483763,2.55862698093772,0.487873032914788,41.015625,1.46905672831454,373.203651115619,468.844136078389,283.84246145525,588,1832,96,25.2552494682578,13.8243903965065,25.2603737808869,13.6083990406439,19079.8025000151,690,34077.1223273885,19.3402414371357,2.1080077256436,0.472424950348363,53.7109375,1.18424823882029,close
174.82915451895,185.81217828137,62.9542949834985,195,2489,526,34.0993365878745,24.8548397760343,34.1092734602398,36.0131994679922,31641.6709817647,611,42626.0502158988,4.5425725717746,3.10272390317696,0.717405268519691,72.265625,2.84184363730021,219.247586598524,249.61210452565,119.351529230603,255,2252,419,10.2934322988122,7.1568841745646,10.2963561454554,9.55460090755216,10255.4811575705,645,12603.2730314083,5.20147819340704,1.71312506308333,0.77999821314271,83.984375,0.256427328145442,point
83.7185051235684,90.8648321492919,35.332451261109,86,1898,418,24.7420825683063,17.8384744324743,24.7495401766919,26.6391963496466,20055.8775214548,559,29594.0290834748,7.02498418432975,2.77239564528263,0.638258753205656,72.265625,1.32270586496682,184.620872641509,218.071774740977,116.096423207091,228,1770,321,39.5585885227723,27.1436214463354,39.570253873367,38.8241413681733,33396.1207794572,567,46035.5819729849,10.5819008540932,3.18628428824279,0.715255437866912,103.515625,3.38977968038885,open
283.098156452417,288.786168162143,57.0482805407094,290,1666,374,20.1404248745511,14.5817453670219,20.1454276390543,21.7662471155505,15550.6755214399,497,29265.5629516129,6.17393018242771,2.56086065189786,0.508612406277654,54.6875,0.850418708438287,289.923490735206,311.417886160512,113.724227341663,317,1692,348,9.74701117293755,6.46569135605891,9.74992377712923,8.0744829405482,8041.62529663588,519,10817.1016386866,8.76907548496621,1.69478826519688,0.724434647703991,76.171875,0.205065979108219,point
411.356308411215,437.639776069464,149.467923081619,482,1197,196,17.0347148673817,13.026562016806,17.0446687413063,20.762580583087,9303.45753273426,344,11150.737086386,3.93379842695428,2.51038799628741,0.811022764784969,50.78125,0.603751686652317,130.968348170129,141.420863150119,53.3851222195611,151,1129,239,15.3339618087289,11.5420395684048,15.3415507284963,17.8293040765762,9927.5156374837,400,11669.0020036573,4.21757848185878,2.37050942810574,0.867343951683424,97.65625,0.520999918498858,ok
224.568094740509,341.920338075538,257.879529471372,0,1283,180,39.2692318266112,26.7515332980407,39.2760639052245,33.5674645585888,60325.3293797749,1006,76803.6520986747,6.38950317360933,3.16212594672671,0.758336354222997,78.125,3.01270525123925,193.696093163035,305.418929323611,236.185311498556,0,2080,298,24.1445872680648,14.3851844685033,24.1491220264132,11.9835541584525,30540.8169265801,900,38293.3610551557,8.38113458249307,2.14388716742751,0.809015476143744,102.5390625,1.29651156093413,close
354.228244274809,415.690835829185,217.617491522331,466,2252,259,25.1707132029863,18.7793957605144,25.1803254892221,27.5330149876556,18053.7493840246,466,24601.0084462739,4.48351567016287,2.90401405133008,0.712807067797855,93.75,1.49626737373816,78.1286804798255,92.294004172031,49.160227468368,98,1068,241,14.7341031637673,11.1563092032379,14.742128974938,16.9891984428586,7944.20528546165,346,10230.3355393691,3.68204777488105,2.29791872660281,0.73795746440055,105.46875,0.452234707799646,close
491.788407163054,503.433284658246,107.678682776915,526,1616,360,34.1721680986779,26.5225934978289,34.1802147780224,43.9065587905067,46456.8677911656,812,56280.9434023929,3.52414229407219,3.41483437771607,0.81813047257854,105.46875,2.60065759053441,256.593345656192,267.767136466621,76.5624132193719,285,1599,423,6.54598409539105,4.99276892852257,6.54749688437846,7.58789607775599,9524.72580201066,804,10804.3519613228,3.73516460008004,1.64358775663226,0.868644671533896,50.78125,0.0857993489815489,ok
232.736909323116,244.958189671423,76.4315125225188,267,1400,379,14.0530189222756,10.7055800412289,14.0574839844791,16.831717554847,12424.6201084206,554,16764.9383445645,3.9289211197019,2.28989540629543,0.721612405322683,74.21875,0.406136605449509,119.050407709414,126.401612647002,42.493607236747,140,1088,292,1.72788538906528,1.23889532841488,1.72851876920929,1.73352940736344,1435.48416426843,411,1671.26979803168,5.09123894773739,0.852653091284176,0.919305531916834,83.984375,0.00561925665070928,ok
267.655749636099,280.172356756584,82.8368475595474,293,1573,371,20.6334843960154,16.0629864361972,20.6409936495256,26.1793567370273,17575.0214357581,503,22070.5433633349,3.51739651005071,2.76687084426937,0.78056493458476,85.9375,0.965921302153923,59.5139103554869,89.0094684368269,66.2130502228183,5,1212,180,14.1591258838116,9.28428195469247,14.1646000308167,12.4707258655811,9680.75763259626,496,12013.8608493721,8.67314681057102,2.00167223695163,0.740950990363428,46.875,0.47295315092744,point
88.9324497648568,104.141181263162,54.2001933677798,105,1988,537,36.5014608306698,26.9767332743878,36.5092612445973,40.435361910876,49483.7081274596,873,63098.5791287931,5.29161509445609,3.40845014547393,0.771593574567677,93.75,2.70901383297969,33.4650751547303,41.460174450053,24.4805995175056,41,1178,337,4.15707527676117,3.0205414018043,4.15799445689755,4.3115794083585,5753.8128358811,818,6832.46465088132,5.33057073718677,1.28770248126504,0.851621009287715,111.328125,0.0345618166573376,ok
208.545255474453,224.466987477342,83.062271227707,231.5,1214,278,23.8006765584058,18.0666645964086,23.8093654729287,27.5027133473791,19908.1270636031,520,24751.3304970798,4.36694017078017,2.87372807075207,0.780244340647801,97.65625,1.21024100531693,95.7864302235929,127.460502295164,84.1225032702893,114,1250,171,19.1832047144819,11.5615793370166,19.1906028096643,13.7912755284638,10862.4577993632,492,14995.3684001106,15.9153329248794,2.11201080024286,0.695321789730519,95.703125,0.881828025124446,point
4.10576923076923,14.731424240034,14.1538911647401,0,376,19,81.3663571172865,55.4173638017412,81.4019417729088,74.0646611070259,55312.2430949114,437,63397.4641891919,5.15763608978157,3.99038172070895,0.8831214450354,125,15.1783009221914,3.71218668971478,9.5215263551268,8.77186630959188,0,332,52,22.0909259739184,14.2997576971551,22.1004787682909,17.0072456209828,15617.834510474,427,16544.8196556084,6.61499219928359,2.07783142019982,0.964407918056642,87.890625,1.18058133701618,open
153.439725439725,170.014883139861,73.2366857384354,163,2401,493,38.8990504055153,29.7404023991111,38.9073959410092,47.2981875737442,52315.6125596013,860,69324.8779923281,3.75346231266539,3.53953074224412,0.716746909141608,82.03125,3.07845317823213,100.668498942918,117.148800410555,59.926732278777,108,1400,393,4.82728411105666,3.41498077822726,4.82830454535549,4.95956015101181,7162.52594646416,847,8076.42954050748,7.26250538024968,1.33294480921533,0.882988046777414,85.9375,0.0470602506238494,ok
362.136804492088,364.72412812641,43.3772400250884,377,1737,478,68.2232429071654,51.7564158741087,68.2406578117869,81.6835056204372,86924.4961273065,792,101390.818697379,4.27410690021757,4.51633159844885,0.826136983871253,70.3125,11.0056635259001,8.487416538264,21.1717000595223,19.4009784787463,0,530,101,24.553985539408,18.2697452315914,24.5602922990917,27.6267028793496,23086.2284341772,693,35571.1939659084,4.99829923347948,2.85662705087606,0.57870676695559,74.21875,1.33841298497593,ok
154.460893854749,253.80762227476,201.442381183045,71,2574,191,40.6922964929133,30.2162154385309,40.7017705221413,43.2148445355973,39135.4405888338,662,64904.4307619643,3.83143530587711,3.48173854149054,0.57003931826839,42.96875,3.72289498260112,454.967076167076,524.802668425229,261.64181607388,622,2126,214,54.4047858218123,29.9610179254548,54.4181577683622,29.8287446419812,34467.8230718355,566,60970.6714783006,14.6030289393683,2.74698261214117,0.521078791083515,44.921875,6.46933143305624,point
245.870813397129,250.784340062587,49.4128160202472,255,1795,489,24.175844669756,18.6129719700793,24.1822699828646,29.8512879508888,26878.8723007038,727,35011.0002757192,3.60122370620795,2.93231080722333,0.757106533253874,70.3125,1.2547593004773,68.8098445595855,80.8418689295388,42.4446287236993,75,1136,314,4.413658032856,3.31422155131456,4.41480165555692,5.13064807338391,4887.9692821688,626,6396.4475940371,4.24508192027745,1.34869028057675,0.751096186435695,101.5625,0.041051297643084,ok
172.307346326837,197.654809676127,96.8622268534257,178,2558,532,29.104459620622,21.5305417504751,29.1117327537244,32.3774584535902,32030.7694858984,739,43082.6140427007,3.75772729649464,2.9229410613447,0.716722422294167,82.03125,1.74152765758093,293.166898470097,341.510713528578,175.20550339931,386,2512,424,16.4458677520877,10.9355326146994,16.4496811595169,13.1511108788065,21251.1321937381,740,23587.9438499067,5.81701438584126,1.89168483774197,0.930493450864421,72.265625,0.634081836165473,point
78.5259381898455,142.223666075843,118.61286852271,0,1502,116,36.878645886071,26.956069016066,36.8887852454866,38.2441322110155,27246.4981962868,534,48844.3970571115,4.52915829143255,3.29601836024675,0.510659697280402,50.78125,2.77074586030131,54.9890476190476,96.60087005425,79.4414120326026,0,1378,125,12.3147781833651,8.06123431827599,12.3177113207983,9.55984243403124,11656.2625419488,650,16928.5920683796,7.54041006185542,1.79883131954364,0.654586582440984,82.03125,0.308567700835996,pinch
263.797507351912,335.61929581156,207.502328695256,377,3910,752,8.49019393741377,6.15316063367167,8.49078801237656,8.57206457136077,24218.9227495163,1785,43939.7200850494,4.5747651274269,1.7237791824839,0.510343063513621,49.8046875,0.135557302605409,197.254498008515,259.828680099667,169.1317084694,324,4900,1074,9.62998497449409,5.60702365763592,9.63064622825624,6.02219693890022,29824.6150925083,2154,40824.7392512471,22.0690321183568,1.47025149897767,0.712896892478913,49.8046875,0.143952427283867,point
456.113608748481,472.96351897315,125.157432179983,511,1845,331,24.3224645964154,18.3557588729863,24.3298142158529,28.7299236646138,22878.1535042943,609,30213.5791049354,4.03507888061355,2.83610378587301,0.718860251118951,72.265625,1.25373779254843,202.022353714661,210.25227325511,58.2685098215563,223,1144,274,14.4933891568406,10.6123806975283,14.4981559253718,15.1265948151056,13900.5953274844,593,16141.4310409406,4.48167156784299,2.19563249082057,0.840316975669085,82.03125,0.455209273420606,ok
95.4677254098361,113.176660380655,60.8010172106496,90,2573,482,35.4245255464175,25.8452717381916,35.4336027850202,38.4054207091155,40065.6060425711,752,50449.9704329501,4.78032794656828,3.20584643191662,0.783086952695424,99.609375,2.66722934608085,238.15313111546,263.117914047598,111.893914931547,287,2406,449,13.0568572106777,8.50654256780831,13.0600523305312,10.723515340029,14581.066431475,803,17387.3730086002,9.61060731893666,1.83002012023327,0.816693618471081,64.453125,0.350207697054925,point
449.237471526196,506.239570606033,233.442135773791,585,2201,260,21.3361252156568,16.1656030419025,21.3422030111242,24.9184210012598,21011.1235086464,630,28386.7989415809,3.78284361982538,2.69180207579236,0.714376460930401,80.078125,0.988257297101991,134.958868894602,155.388806655863,77.0428425833176,172,1476,328,7.65893194562907,5.72843714837727,7.66139060317112,8.25329118371082,6990.67250184821,517,8913.44820287504,3.73533163829255,1.70302831909954,0.771802018454072,101.5625,0.122419588769861,pinch
388.044570502431,404.934231408772,115.775668044409,428,1413,239,28.7517014967382,21.7051735790278,28.7633579695186,34.7273140318946,20843.701406412,451,26784.1841965203,4.48351210551956,3.09542970289461,0.736857878264979,95.703125,1.74224338632928,185.389197776013,225.57841810874,128.56748116189,223,1488,296,17.2321920186559,11.8951369799993,17.2390361493241,15.9623022304028,12691.581069147,507,14975.9774578192,6.71325176234344,2.31421452432593,0.795498265849787,107.421875,0.656542627010952,ok
0,0,0,0,0,0,4.84071998103982,3.70839808933581,4.84290610964162,6.00166747753358,2510.16118944026,281,4001.36153839334,3.8295837590872,1.41835927190806,0.577304872602802,50.78125,0.0479385356079329,0,0,0,0,0,0,6.24917758954119,4.35277092804577,6.25171749310053,5.76997692070787,4109.71301529692,353,5349.55547056825,5.94468173315035,1.48049393889487,0.846628691070807,70.3125,0.0860783181175814,close
283.851123595506,288.502984230861,51.6176578205288,270,1896,348,41.5753422481883,32.309333177249,41.5899480248177,53.0929102335257,37732.0433670462,546,46008.4904444025,3.65684792367161,3.73545270448521,0.798314493423451,91.796875,3.61023119389822,17.8260869565217,63.4816687409811,60.9475177959055,0,653,53,19.3657894177362,15.2885740721496,19.3721556844832,25.2477846116053,16196.9839200469,567,23208.0554415231,3.09896818399625,2.70424978285643,0.66010246318456,82.03125,0.832430616224601,pinch
124.411477411477,130.058327292675,37.9187365679634,132,2252,449,21.0701241775269,13.6127764568022,21.0765578592659,18.7758302339094,14187.465429737,518,22297.727836242,13.7253066478948,2.42909314928192,0.636066565315758,105.46875,1.02761415341884,52.3669108669109,100.50465761688,85.8101870522131,0,962,126,31.4074346866035,18.8534593336546,31.4170254445008,25.3553047563261,21857.7131008356,497,30881.9663885262,21.6592177247733,2.65366570522312,0.714245362005905,125,2.39482928314432,open
283.493969849246,346.727621799292,199.677862020342,415,2582,198,16.5379332235866,12.5064898033747,16.5420635784811,19.3766198276646,15295.8536417903,559,24887.9147087156,4.67097300217197,2.46504150851179,0.588223152001499,50.78125,0.567264166757472,414.884678747941,479.543306789091,240.549916894348,563,1670,91,29.6224448248924,17.8203527644639,29.6305816660077,19.6122650206745,19933.2306306371,570,32450.8623840887,13.1048102560061,2.40017225818756,0.599951709582024,41.015625,1.89521654094619,ok
386.216274864376,443.194609448812,217.429410894682,524,1693,261,31.0195094318953,21.2187350587415,31.0251137930151,27.1503702221059,43320.0257108067,966,58669.8024374203,5.46367288217502,2.72362418329023,0.716524887816925,83.0078125,1.85870448736413,61.7788461538462,73.5319908021582,39.8876323753118,85,1660,412,11.4447484869169,8.39949363228912,11.4472451873405,12.838285145357,14673.0302529901,771,19218.0414306775,4.36314069508322,1.91854683252961,0.748223149307381,62.5,0.264471791431548,pinch
148.672449979012,230.009451628088,175.513989978169,0,5122,429,17.6096518947812,11.7061101323342,17.6108826875924,16.2967564771076,46903.8899208659,1966,83663.5691157928,13.7537163646093,2.2858944587962,0.540905263082532,49.8046875,0.636507227549292,255.851096098166,390.425383230136,294.930821299549,0,3584,309,17.9119117239707,9.18303012614555,17.9131466402064,5.75921561369472,40534.3229638085,2091,66604.5175049336,25.7322946932285,1.61084509085562,0.533293701860705,48.33984375,0.402964338424275,close
227.453108348135,331.703223675627,241.459039544368,54,3493,628,9.84113486011169,7.30055956643575,9.84200857933464,11.1039790820551,26395.3537339039,1579,41102.1503590333,5.71458178414888,1.92550272356263,0.62181580287205,49.8046875,0.178354493808229,23.7003452662184,47.8777309567825,41.6039095600896,0,2716,593,3.08830076169314,1.90529554127711,3.08858135829771,1.84806931990124,7848.7056644252,1443,10484.8413636479,9.30965164288205,0.942483030154293,0.786439576582968,49.8046875,0.0193048423127826,close
215.476997578693,276.705641623978,173.631338819613,273,2156,193,26.0809909356898,16.8586415065647,26.0862441805158,23.0950806603317,20709.6809914583,652,41775.7136532672,14.6000659967463,2.68969186886161,0.465358261413734,49.8046875,1.26070558402524,398.206808510638,483.528585262503,274.341497662577,588,1740,110,21.318791215491,12.8740123504788,21.3233285764071,13.2695889204408,18809.8269369221,673,30253.9290236251,12.325073425735,2.12596123945269,0.552180336442159,51.7578125,0.891749156058712,close
464.890410958904,509.396312059408,208.299123988581,556,2326,304,10.7780678430925,7.77581492842572,10.7814195398896,11.1551472810654,10731.8223816605,640,12487.9587750517,4.87063952855551,1.89829423175122,0.868550121310847,48.828125,0.261693193434524,213.986784140969,255.393797533836,139.455681507883,247,1398,278,15.8718648688832,10.0540522212178,15.8768615076886,12.3718690269899,12750.8037595402,521,15975.8889795151,12.0208018945637,1.946074822569,0.749300478220324,64.453125,0.67125654963378,pinch
290.46402266289,294.93655437198,51.1830723629153,319,1620,451,42.6258949873127,32.9955401674981,42.6379577735135,53.2107546133865,46307.2953845021,694,58237.1283956342,3.53930536267563,3.76579402992469,0.778535537114664,103.515625,3.6475914326571,235.291132180703,256.424121667394,101.966720403058,263,2079,443,7.08780744593658,5.36156822091525,7.08978350874942,8.24820476291617,8602.02545934046,697,9613.29182010105,3.99338800779543,1.68220423038451,0.906371615914511,119.140625,0.101148090441633,ok
349.729357798165,380.506752583273,149.958858876827,433,1546,335,18.8673204829014,14.4917885418425,18.8727265252395,21.7481237377223,17835.7119087168,568,25273.6792169733,3.50278718075249,2.61843314930058,0.676205342717503,76.171875,0.775093338797251,0.379675370501059,2.63813839113556,2.61159607813541,0,60,3,3.99075709264623,3.01537193623805,3.99216495771796,4.66848376034724,3347.77820342275,467,4272.78203364932,3.59502097145252,1.28234682791543,0.775287349588786,70.3125,0.0324522336675038,pinch
277.209386281588,281.123487390248,46.7648409102402,275,1530,394,22.2818077666727,17.3288645869966,22.2898550530529,28.0998564140024,18428.0858118839,539,24000.4774529904,3.56478852259219,2.80785467493205,0.744011952717141,105.46875,1.01124307754079,13.5421216848674,25.7509523020369,21.9111153379836,0,568,100,10.9043271262614,8.39690190401836,10.9085815825812,13.2206099569021,8887.10107739445,506,10764.8282409515,3.64416485709617,2.0786585222646,0.788897279568181,103.515625,0.22965989689507,point
214.263264616424,239.577161451769,107.202395445267,232,2552,615,86.7188692800681,61.6174646090351,86.7335255897617,85.4363685174697,198190.484699958,1353,182326.077778135,4.35043970960841,4.24621725838798,1.13552503066954,124.0234375,17.1222740477791,0.000636334712058543,0.0252256756511801,0.0252216610612528,0,4,2,11.1796063696215,7.25259030615257,11.1813851851635,8.96047982873106,16660.3310503106,951,22794.8913322375,6.2221879752736,1.50012901141121,0.673584723604118,69.3359375,0.233067315319943,open
144.446653144016,234.319010427526,184.513324321397,0,5008,343,17.4920392168989,11.5495519937943,17.4932219729175,15.5483463460144,46062.0522065522,1961,85408.9369941088,14.2617624003616,2.28154862380094,0.50619510549853,50.29296875,0.426548088720321,244.417330403735,382.531971223993,294.283486326586,0,3488,258,19.8421970808656,8.73948769390203,19.8435596343893,5.31789960269882,40868.1358944304,2189,63640.9493869946,39.1130809008376,1.54201691508879,0.553261552733161,56.15234375,0.432416876509966,close
330.630802272412,440.014174557858,290.347355571495,473,6837,786,12.3985521336298,7.76753393803137,12.3989815747062,7.98825182713039,74693.178697299,4212,112116.584861545,10.3222690317709,1.78051957458983,0.634544398710869,50.048828125,0.269218471991818,288.554359225337,406.264603586094,285.994805007928,266,7927,1301,10.1464876834789,6.05326117377311,10.1468423134508,6.0092802660707,65783.0520349009,4456,86579.7945684768,14.5694215951035,1.48485735629974,0.727885301371467,97.65625,0.200700343927941,close
402.877844311377,418.501843262812,113.35176641669,444,1426,190,56.5262889756466,38.6620488603256,56.5601547528838,53.9262066977763,28923.3730469119,345,32282.8107983719,7.50429520576465,3.80808059812325,0.879103777110673,78.125,7.83213841752147,47.2150837988827,72.5279372102754,55.0933457976712,13.5,496,79,16.9539146400291,11.71686829092,16.9657660784364,15.7133474329518,6811.96398483101,266,8389.2776962987,5.13096061885472,2.07971478864873,0.7733435210289,89.84375,0.724964679715137,open
202.094287298946,231.342188082262,112.623896435739,227,1992,340,24.7872014864365,18.1097067082008,24.7940781358877,26.4924802436465,27044.4818594098,658,32651.801194886,4.50926634056507,2.76642075015516,0.822886451795161,115.234375,1.29446895615046,126.752083333333,166.889031869483,108.590975663991,143,2178,265,22.3173030955866,13.4032151046114,22.3231171521093,14.6765499376294,20260.1591314518,644,25734.1730008539,12.511072945691,2.02928141370115,0.764603863214728,95.703125,1.12293017493019,point
380.046434494196,385.62879953878,65.3960454014584,400,1905,378,63.8162670416085,48.8326766478862,63.8339059535151,75.8110710579398,76113.8178770216,737,88338.3120560261,3.717125476469,4.40782394992862,0.846705324656265,74.21875,8.65270120100864,0,0,0,0,0,0,21.7397162807399,16.3428588676276,21.7455584879206,25.0829782530574,20370.402434438,686,30414.0603526549,4.50687690060173,2.75322989858826,0.612572440052935,66.40625,1.0604246109663,ok
399.185359589041,422.365787327518,138.029210109246,482,1891,418,7.06847919020423,4.94797449096726,7.06999239969899,7.18089069058638,6540.64163461143,612,11558.4684108995,8.82291977946816,1.61159220934334,0.553689748755514,49.8046875,0.109178465423137,237.083404619333,275.609729994698,140.572523849142,297,2098,437,5.2321716452923,3.30090999510165,5.23329029836305,4.22621452604536,5145.45204140685,658,7717.52756854765,13.8034515124828,1.29011797206334,0.650866052058391,46.875,0.0612773782399891,close
328.691367456073,341.844617555354,93.9492970828633,350,1277,261,22.1113743609184,16.4104574822948,22.1198033023278,24.4477496117467,17331.337784367,498,21481.2888443239,4.59427911616207,2.72910787827399,0.752285889086952,83.984375,1.05676292685735,272.031948881789,299.942963161598,126.400796075962,310.5,1428,274,25.1411110594921,15.5172891032694,25.151157382237,18.882099046699,16522.9770779394,517,19427.6459572933,11.8336032900153,2.32400221156851,0.790058446125578,99.609375,1.43897644136104,point
148.281015037594,172.487416452872,88.1586857997636,174,1367,217,88.157853241966,62.0080591150292,88.1992942231758,83.004574096891,64727.0539871839,476,65976.574898391,4.9559709902797,4.51902176737442,0.988043050047429,160.15625,17.4425846799517,69.237322515213,97.3406952581851,68.4555097768882,48.5,1340,164,19.6650522287379,13.2700231466556,19.6750263838428,17.7522735541364,10966.5304396338,367,13084.2428226024,7.12079301022372,2.3558173475551,0.81152527730699,66.40625,0.875002481123131,open
182.169366715758,192.953446200344,63.6187169287131,201,1566,313,17.5038137363184,13.0046238882035,17.508110497573,19.6106022764718,21529.6616735776,752,26490.4188602705,4.58218791418173,2.45997042483174,0.772122005015775,50.78125,0.604666356614821,68.8510242085661,85.8298954311414,51.2594445964693,92,1610,443,16.5299780959624,11.1407756911434,16.5338234751343,15.6466614123576,18327.2325769827,764,23930.3861845759,10.9270878851936,2.16685551051895,0.737013352667312,83.984375,0.586932458572579,close
439.883833494676,460.625003661399,136.732240106402,510,1595,198,70.9541474467917,48.7548987543177,70.9885155666381,63.6747070240315,48082.7405120305,422,50363.8104132102,6.32654972015765,4.11637310879046,0.958406852499235,125,11.7250390355968,175.35342185904,203.464214088642,103.246076273562,210,1057,179,18.5934786587262,12.9533758420786,18.602981181916,16.8372573934285,10549.6817037345,394,12681.354949395,5.06290338591703,2.2824005505761,0.808197039936145,113.28125,0.79715578081539,open
0.00329026082794927,0.0573607952171975,0.0572680644754344,0,106,51,8.84376131586857,5.97210281074861,8.8440258542402,8.39692053237842,48034.2040510731,3858,99829.6705844737,9.38758188263191,1.71533155871803,0.444480864180458,50.048828125,0.116380083945892,60.4048856238428,92.8448406047675,70.5103620921604,56,8808,1288,5.21977714492435,2.21319576311869,5.21993301901654,2.02642918131867,20125.2013328839,2876,37055.5366618962,145.498783417367,0.964055735609501,0.736393628319385,50.048828125,0.0572490039512826,pinch
419.625559423173,448.001560055357,156.945966311389,486,1770,351,9.33341861226213,6.67182622508789,9.33573878450589,9.65730380165823,9911.87617276056,670,13417.0425386517,7.15198839307289,1.81881560535295,0.722063340608553,78.125,0.169287075348993,366.527525387493,390.85790537143,135.784128636382,426,2141,374,3.79918330229926,2.58574538126238,3.80019845862142,3.44569430937021,4451.09092803376,639,4837.92960834191,6.31827298507786,1.10386398000016,0.921764485799549,123.046875,0.0313912977827322,close
76.8415910676902,86.9696949729305,40.7462429392926,97,1816,326,49.5834641490147,35.9492502309466,49.600772222349,53.1178369136701,48360.4113806376,616,51515.2755809464,5.99552288908283,3.81248314641483,0.958662417901373,158.203125,5.46053414535303,0,0,0,0,0,0,9.2082866175314,6.71248978898819,9.21165653007048,9.95845726409913,7916.21077946822,532,9175.97354154685,5.02808444236149,1.82507489933356,0.838853420255703,103.515625,0.177818888894589,open
313.994068801898,327.978816982266,94.7795190683604,312,1810,366,14.8014878847582,11.1822864388372,14.80587873922,18.0391453147211,10484.3677103722,428,18853.3349358795,4.5376731345119,2.32162344029881,0.527935521811345,64.453125,0.48263749020333,361.014093959732,383.052004635185,128.096349482948,396,1724,313,14.3052007377878,9.54308925126024,14.3100035354503,12.5912325478983,10130.181978629,476,14219.2029843778,9.66038855198917,2.00243501743424,0.739393769099608,50.78125,0.519185760251709,point
456.66444579043,475.710215324691,133.298744232344,507,1908,264,40.8713517123879,31.3737407274343,40.8837317865036,49.2119029247018,43378.7859184272,646,51798.045940994,3.8695054581449,3.6779329614403,0.804414530885281,50.78125,3.59706347437906,240.591130012151,261.732501205181,103.08378222765,279,2588,468,28.978536205856,22.3059023651667,28.9873399813741,34.1626790166544,30628.6608307932,632,36715.5152930644,3.67644315430172,3.16679374979885,0.831062522077037,121.09375,1.79811654625294,ok
357.354934924078,395.001327944719,168.318690448087,423,2038,560,33.4845006916976,24.903397661383,33.4890404755031,38.9507040125764,74385.2512265664,1386,91843.7305751805,4.20088512532429,3.10192886747731,0.787690996059929,78.125,2.47944735056402,0.00316789862724393,0.0562840885796681,0.0562022856726762,0,24,12,15.400606689809,10.7782113542369,15.4026384646626,15.421346212351,39544.2509246259,1469,40827.8646098494,5.62427869107463,1.97148483147834,1.00474284508958,88.8671875,0.444888831370932,ok
13.8944405348346,23.41961861863,18.8593042394073,8,830,115,24.3122419405969,17.096476920837,24.3208010670638,25.4789846464121,17037.1487499021,485,24294.0937045094,7.68428622074626,2.6485809939218,0.650047636228223,85.9375,1.33642159255422,141.369955156951,191.563473227642,129.319754898001,79,1482,244,36.1208752457955,25.1481571569752,36.1343774542147,35.588619091018,24498.8249099693,463,33648.2342760328,8.99416983856694,3.16507424297879,0.714623156416649,64.453125,3.17271480926754,open
298.981338742394,331.92386709861,144.194478192567,374,2194,537,7.54682690448862,5.48171082827312,7.54835306085864,8.13643352332279,9539.84342457837,720,13512.4171916932,6.79706307069631,1.67543157385214,0.7071071464517,49.8046875,0.113356216785847,284.756284618662,315.113721432475,134.975102049979,351,2448,579,3.32752589517865,2.40884950741926,3.32823489619542,3.56752364559292,4597.26037930964,719,5653.569793913,4.86392417645376,1.12543155219946,0.814133415471346,85.9375,0.0229447650156451,pinch
261.49226519337,272.601170838537,77.0485133285712,299,1963,441,48.4269279164376,35.449449612323,48.4403108476575,51.5082172470175,53168.1817714705,684,64163.5037983046,4.61597660652044,3.71951409128817,0.829042460259433,93.75,5.04483504044137,129.581128307539,161.573140343559,96.5363326411627,158,1930,420,8.66130692009015,6.03789803652896,8.66346970633048,8.46295301436402,9799.07565302957,704,12093.9097671675,6.6229404959761,1.6586997080555,0.808778834948778,83.984375,0.175768531087691,ok
403.386203150462,465.635189045637,232.648017878053,551,2282,346,7.4122986651315,5.40804820536874,7.41431156210746,7.70293079180616,8257.19691366938,668,9956.21674608386,4.40793413320568,1.64118401739877,0.841641350262466,64.453125,0.130845103964685,177.611980572045,221.448253991533,132.297993888199,257,1224,238,11.0549668065862,6.73757664924792,11.057950898357,7.02953967752085,10148.5772708294,612,12484.7295310564,10.8011869238029,1.50174143670266,0.791609541040399,107.421875,0.26634706488476,pinch
152.735915492958,158.191929692125,41.1967684864696,156,2471,555,24.9869246248655,18.3296087772347,24.992425321712,26.94564957069,31727.2690886838,842,41644.8711418772,4.13486414135009,2.72063176219237,0.747940915711975,78.125,1.31634153868591,105.695127210004,138.8333280272,90.0373746932176,105,4118,672,8.86867364662309,6.08203384897459,8.8705862178825,8.0441066398145,12400.6969729185,869,14104.2364957721,6.6723119894747,1.61876771001808,0.892638200532918,84.9609375,0.174879088580777,point
0.0472610096670247,0.775566734329481,0.774333372323225,0,36,2,22.1388387916863,16.0225898895902,22.1447848204588,24.53820301227,20325.6015620256,616,29834.0623744169,6.52004588556445,2.67398603793935,0.626130807656048,48.828125,1.03271435945887,54.6630309988519,82.1788289714186,61.379766235764,0.5,982,229,31.6628017814163,23.541055557315,31.6718873756955,37.5421762743401,30791.8876056213,572,41008.5187808427,6.13377875251618,3.16240727199419,0.748770505896002,107.421875,1.97241930203128,open
336.282648401826,432.899141975689,272.671225278459,480,1823,297,10.9642556916845,8.11640844326053,10.9667531666136,12.1854186780485,12026.8383014254,661,17774.9344907406,5.12766481970183,2.01374912107395,0.646986158894134,50.78125,0.262093789105538,99.9204134366925,132.558527856542,87.1297744309216,127,1232,283,5.83833909320806,3.93052335502555,5.83984532417265,4.48769161731963,6188.31815954392,609,7605.56269197444,5.58718375909013,1.2982158839081,0.856612989325644,121.09375,0.0736926446757063,close
84.3167602245389,100.861418102205,55.3729938037123,63,1416,293,25.9690049129352,19.0801255949038,25.9794231295133,29.0248314458041,14850.5227236841,415,23792.9166168451,5.21787846936624,2.90386875806942,0.567921347273119,85.9375,1.61814460117083,160.871417505809,217.13647826574,145.894223802716,155,1266,192,37.2295700487184,26.7205644742764,37.2439965578274,41.2464044618873,25732.140435196,453,34496.2487362909,6.09302155808365,3.24078511537539,0.744657319009364,101.5625,3.1067302223121,open
171.819532602424,270.385052473818,208.787962761777,0,4932,408,15.6149023747136,11.0624643066771,15.6160286436235,15.8999777515012,41854.1866810922,1731,76685.002573886,8.02454392527429,2.29454158406819,0.530862354744776,49.8046875,0.452444848588012,238.714581178904,367.949088044957,280.024042410368,0,3312,147,25.2492802550534,10.7652857535075,25.2511455222029,4.45780626004899,44659.177983271,1880,72870.2192654921,41.5964733934077,1.5195645844049,0.58152005011607,73.73046875,0.788034312271524,ok
141.340494092374,143.321336061904,23.7523281671783,145,1834,436,16.8609547369604,11.7250593566766,16.865482518917,15.1686633519539,14091.5005560085,546,21832.0605221317,5.99975895087139,2.24785827461296,0.601208944778431,48.828125,0.604499148865599,80.175965665236,91.8588572908654,44.845258812357,99,1004,236,27.0170692923362,18.7788422473547,27.0253551585935,26.9481335265598,21060.8060632357,476,30628.2917054354,6.7466679563641,2.70232038561689,0.695691366270435,50.78125,1.5479097181952,open
468.665634674923,495.344625736077,160.412277513642,551,1718,279,27.6410771360909,21.15837303525,27.6482059018152,33.7397234954299,28910.6389217516,675,41004.9269423146,3.56994825869696,3.0363495298083,0.681241912303427,58.59375,1.58170009390965,90.5930548019533,105.294839643553,53.679280376593,103,2362,540,6.90433474289908,5.11660950365149,6.90619911634552,7.88325647723188,7129.34129747573,610,9429.91131522969,4.18712098232292,1.60929131569881,0.728158391995939,60.546875,0.101007278915652,pinch
421.37773359841,436.476834631933,113.848242012992,468,1547,289,39.3744523679607,28.3168117857081,39.3874988720552,41.0876750544772,35793.2429811464,587,42730.0689846336,6.18983653145398,3.37908103744538,0.821006955669079,87.890625,3.43920772784457,74.9656897784132,105.301755037654,73.9764604766691,47,931,201,13.9717145256661,10.6363180338294,13.976710302419,16.6310825845163,12652.9433027531,548,14880.2089293273,4.3071939960739,2.27928129433697,0.84330645574777,83.984375,0.401475617381183,ok
77.6481375358166,106.913054142756,73.513705411194,57,2050,347,24.2095840673627,17.1920510739612,24.2165187952862,25.0619639857259,21205.1616731055,599,30000.1291240622,7.74047523777267,2.76401377065197,0.662967985470686,62.5,1.26045069221994,149.960761684939,216.009002612075,155.517250128856,100,1430,234,36.6335052920984,25.563666901529,36.6440787058003,34.6546503174211,33578.2307136758,579,44301.8347403498,6.37589207477774,3.11627709756363,0.748333097726171,128.90625,3.04360123512429,open
449.03683737646,497.570803406426,214.390464926467,568,1898,220,29.3544038513659,21.4844516131894,29.3609989871179,30.4666847955925,34258.1513088931,749,47824.3892909596,4.05285598668678,2.90163469546677,0.696145861264017,48.828125,1.74515730851488,57.0129811996419,84.3802383234165,62.2195908439945,33,1230,332,7.00372550315376,4.86686814188953,7.00529355608695,6.4605843105086,8209.12752928436,699,10872.5834289812,7.38976171494054,1.55186990692851,0.730488585493898,85.9375,0.0967230511505757,pinch
165.090984974958,170.4536346614,42.4371478108183,163,1383,304,13.672603037461,10.2794004519342,13.6783128807539,15.1085253185329,8299.0769355997,400,12314.7217414172,3.78212903071991,2.23894014659144,0.630327293196168,50.78125,0.384288744965786,100.838181818182,114.77295373515,54.8381786565296,130,975,268,10.533718818,7.20091839199407,10.5385101210882,9.82011669630499,6666.9872505031,410,7921.01023119347,8.8866991104254,1.82431964155913,0.82660333500717,93.75,0.240700924142741,point
471.073492143943,482.560701060297,104.690736341278,484,1263,258,8.52221105759867,6.38701619929268,8.52436814609625,9.59343346663317,8044.69829146506,572,12601.5829612045,4.14710013421967,1.79780596339643,0.590971590186219,50.78125,0.148625597755206,349.476595744681,361.983623409984,94.3556478213774,352,2037,462,5.47723699109696,3.74237422840946,5.47869396470941,5.18539215257457,4604.44531833128,513,7035.66354940978,8.54227186606146,1.40256173515838,0.661476711302538,50.78125,0.0629963044257671,close
1.54026270702456,8.40198638502606,8.26195796507466,0,219,16,80.3045506330889,55.3716443661815,80.3274863482217,71.9861448716735,99292.3204659011,748,96955.7492851838,4.89619410533785,4.04194977082505,1.05011937632082,156.25,15.8770276590153,173.724178403756,234.144524707934,157.028783886236,170,1442,262,14.568911829634,9.34670930509166,14.5731839605094,11.0553011160427,11383.7077244736,561,15926.7926558762,6.96686135191146,1.77404094339139,0.649853090226508,89.84375,0.456286632153408,open
373.536768652711,381.864136133313,79.3339730912164,388,1441,394,5.09969619672637,3.7706640369006,5.10104934133492,5.62044882497939,4484.25077050113,495,7024.74710074582,5.4417712035581,1.44763768004687,0.634291525662589,50.78125,0.050704006440494,118.629981884058,167.44837377662,118.204116991605,105,1926,405,2.45653024679832,1.62183874706576,2.45708658367655,2.04097269814246,2844.46907073216,625,3581.01995352119,8.27804140127351,0.944009091664894,0.876740280243704,78.125,0.0115992215149907,close
392.439041479821,467.298600385926,253.709678389741,575,4846,890,9.09038202022172,6.4484418031088,9.09101594286581,8.70484047307574,30377.8764654905,2145,46016.0807069844,5.60722988268967,1.78354763198266,0.652416950563944,49.8046875,0.160272396995462,281.769618239661,380.847369666606,256.240716382859,393,5091,888,6.64460875353756,4.75675128612804,6.6450487429315,6.7809233810369,27476.3292239037,2359,35884.9317025499,5.57121588768116,1.53449459741659,0.780305494027104,82.51953125,0.0844782838083306,close
452.625879805089,466.222872873091,111.804955349031,481,1651,286,36.5779853694928,27.8902054351018,36.5878910066298,43.2904651632661,46276.7340663549,782,51513.209438633,3.9980679668225,3.45338201966865,0.863819352338537,117.1875,2.70702485639901,187.839247311828,200.69729654061,70.7001370484478,208,2552,511,26.4725179033712,20.4152094180852,26.4796331210628,33.9047618597662,33248.387408814,767,37972.2895176385,3.96653573290944,3.02048543642984,0.874535388062879,52.734375,1.5184477886683,ok
517.857496902107,531.756771410125,120.8218581374,561,1155,194,11.8950439648944,8.388537481717,11.8987299387998,12.3149698420335,8860.46887993878,496,13539.0994954912,10.1481005358742,2.00501442263915,0.630591850338992,50.78125,0.33289514824757,366.980801806889,398.000118463559,154.086312570639,411,2558,432,8.71804839678214,5.0212086047313,8.72051076434347,6.49527140966463,6178.7508452446,520,8892.56043897914,34.428168262593,1.52978449437033,0.656862887045953,48.828125,0.191026148334846,close
241.569580857686,348.877721740107,251.718818044228,131,10394,2000,7.085370659052,4.66896829835491,7.08551385187694,5.92319473237267,67673.2067070626,6293,115514.944669599,9.450091766536,1.52128559495445,0.595039731724908,50.048828125,0.0956746012960075,176.409254926841,274.226503072028,209.956418618447,0,13328,2789,6.3659767416495,4.16836209399692,6.36610295885214,5.20842919098717,79663.8455633903,7624,105121.923648508,11.525627082356,1.39976226153512,0.743082061286473,50.048828125,0.0878760764041115,close
173.756816182938,198.469966535329,95.9319731648246,206,2010,390,69.6556459404177,48.1908245484944,69.6709662791003,69.3875114500781,115708.067954707,1077,109585.935023276,5.91490404439308,3.72382477269773,1.09988758371752,113.28125,11.2954042199899,3.96180860403863,12.3730249796329,11.7241699259141,0,394,80,6.19201177898302,4.21212758274594,6.19335981027714,5.48637203532734,7876.81212681877,732,9595.22663349525,5.83194830214094,1.33159406027443,0.807847282250009,58.59375,0.0741298262697424,open
4.46897038081805,11.4549771765663,10.5509863578735,0,441,71,88.1036524917451,65.5652478516471,88.1347345354085,100.563045508333,97531.3055334333,669,92971.5214536355,4.7260842403695,4.97000074639633,1.07729944658841,191.40625,18.6184480004907,127.887323943662,138.364930404712,52.83706881236,147,1164,328,8.7586243749704,6.58592422486492,8.76187241305705,9.88764853014596,7909.93574877765,546,8884.41177934278,4.08116939451973,1.84281036909312,0.884979011894961,56.640625,0.160079916158192,open
391.275488069414,401.549980950984,90.2790094092397,401,2183,452,40.9199072607855,31.7228210099244,40.9309995120692,51.8040027440706,49141.2482095057,734,58496.8819423006,3.54902431737434,3.69533414952057,0.818542943786825,50.78125,3.4867570043266,14.7760358342665,34.3751127454122,31.0460434637456,0,366,73,20.5193011140067,15.6742326771504,20.5250391943315,24.5553471367042,25669.868352425,769,27994.1795613906,3.85022926639926,2.70495722886916,0.910670431577372,113.28125,0.868106018675417,ok
363.466396761134,397.075807322901,159.911625946875,441,2170,429,9.41176855015133,6.60503336615465,9.4136723396785,8.72025974062991,10940.8191956933,751,16314.432414402,5.286685511083,1.74873033959276,0.633792573504079,67.3828125,0.174554838023362,210.806032677,239.390048473026,113.46279211311,257,2190,530,3.36023008865804,2.37364087505434,3.3609340269732,3.31518717441243,5290.4679025583,822,5665.88076875471,5.36167965371132,1.11180390787978,0.98220541168343,88.8671875,0.0216712790002034,close
324.685826257348,331.422427732615,66.5043508450887,349,2048,402,32.8654288070345,24.9389898899528,32.8761673845423,39.6064073504181,31693.0587724825,608,38181.5935215178,4.1705033829587,3.30782577971821,0.805961449818795,95.703125,2.24421567046161,38.7948877805486,55.4804171153369,39.6738537489264,43,1118,172,17.6925791704772,13.5991684939037,17.6980904349086,22.1761220474159,15013.2562425647,572,21813.0662642215,3.59908185803165,2.49591374116626,0.63652104186462,82.03125,0.642790702817485,pinch
374.092857142857,437.289008306537,226.543669665007,496,1775,213,10.5672793641701,7.49269296985336,10.5720000592639,10.8592634637927,6503.00733523708,414,8391.81612623577,6.12721422584958,1.86638296737388,0.708657544350337,54.6875,0.250043477340535,161.352126607319,194.827319621302,109.247337883273,190,1066,187,13.295647806356,8.55305440526875,13.3022245316623,9.80057824155144,6843.58033476096,345,8647.13800372671,6.8214500598769,1.79790348811029,0.760898924326438,74.21875,0.380897569027512,point
450.519908987486,482.608482797189,173.072581418428,524,1571,352,13.770440554146,9.67476071958692,13.7730519485485,14.945755763911,16676.7240397602,765,25512.3440175507,12.8053467181036,2.16121589114302,0.676103660576635,49.8046875,0.383298807840907,349.097988077496,383.259596625271,158.201889854265,420,1878,388,6.67407690145663,4.5314744107813,6.67532053222288,6.0363265755661,11180.8292268409,976,12162.477318537,8.56358704005709,1.46722510821948,0.939766603882649,97.65625,0.0823377212838878,close
363.561596298438,386.083604223942,129.955373150554,417,2021,574,40.9462700372337,30.2831923577662,40.9521873782896,45.4631778375704,83431.9456852947,1315,104719.279173155,4.19305025336539,3.41827189167131,0.769699964185685,97.65625,3.4512567258122,25.592039800995,38.2812703924799,28.4735039715866,12,3352,707,16.1986663682167,11.9287608187198,16.2010369301165,18.0784579315527,37962.2938495304,1325,40760.5757175657,4.59528695772004,2.28494170661783,0.952583021601594,72.265625,0.548984820828138,ok
444.054698457223,486.572800063434,198.988145170158,545,2304,305,23.7101336125343,18.2958551005589,23.7184083199814,29.4027735772187,18887.347920643,488,26089.889373397,3.62736495092921,2.91949274386206,0.680498682956383,66.40625,1.22293688232269,143.779878971256,156.893497607543,62.8164054280513,171,1376,301,19.8321378659306,14.8337762514793,19.8396427028201,22.4841704855186,16082.2909207849,512,19610.2522044557,3.92800463791174,2.56241022815389,0.797055067884014,109.375,0.883753189595777,close
383.464119291706,425.533690458016,184.569605415112,483,1234,215,20.9417696210466,15.7449507006187,20.951530907909,24.4490062560019,13289.9656799709,413,16894.3321017639,4.40144567113235,2.71342194647332,0.744629936588195,93.75,0.921236670150893,55.7460908413998,67.6498529644059,38.3401943716218,70,3084,411,13.9678250311435,10.2119129811828,13.9730267053785,14.9898676643444,11567.6458372913,523,13714.5991337285,4.54821291025907,2.15841319310104,0.839349035164132,95.703125,0.414827220253693,ok
91.9344159900062,93.7928432189821,18.5843030821536,84,1494,422,63.3026907695612,47.9585389683316,63.3224583635029,71.2442797014213,64127.6855787284,637,76781.6208882988,3.98889154973966,4.34743441529676,0.816173477809339,85.9375,8.64190490229512,193.123219814241,208.043374853499,77.389768427644,210,1534,386,8.70809907902162,6.31815955719022,8.71079438505387,9.51609884745127,8738.33986212241,655,10203.8276848622,5.81460737212258,1.75897851808796,0.838624373294867,68.359375,0.160908637669326,ok
344.901098901099,422.691467767066,244.493349415852,440,1679,130,11.3619410906501,8.20900899786663,11.3681858794296,11.7606434794793,5612.87407905749,315,7470.19818805864,4.9395223780009,1.97141524359047,0.759697052217069,50.78125,0.294812325942439,146.223803363519,200.280963709287,136.950088682625,145,836,91,11.6162764238757,6.59979047644349,11.6237974085442,5.18904443539103,3732.27451365227,239,5101.63803829082,10.0327278406552,1.44368168726093,0.74607778965613,109.375,0.328251815028674,point
412.184674329502,477.281603984394,240.719601941364,544,1762,191,9.71955177760415,6.82519552756687,9.72327785739732,9.15119546209192,7365.52229876287,469,8906.88016347477,5.12565075459438,1.73909526152054,0.803500039389996,82.03125,0.203787959028188,229.953897736798,273.931454461702,148.92359439242,297,1188,183,12.2943953359943,8.16600693594721,12.2995510750952,9.55860253775415,8153.7902905212,415,9742.04627458502,5.53631996386538,1.72109955573794,0.815712477775878,82.03125,0.390397965074385,pinch
128.098278734037,132.531121087219,33.9995719308353,135,1885,454,17.9593785749767,12.9086251562482,17.9643656864061,18.8559003862192,15918.1603619343,617,23248.4339064031,7.19701534034341,2.46726117595262,0.648732350904882,64.453125,0.713544684891483,110.015625,136.704620830759,81.1697506349403,94,1312,311,26.481274400432,18.7487002187015,26.4889351832257,26.5846776806935,23204.6261628883,563,32397.7539779162,6.45029879669888,2.7786768232526,0.705578438934582,76.171875,1.45862539851959,open
113.727087576375,121.71539957159,43.3790982328486,115,2563,515,29.1446387212465,20.8831305800361,29.1520605769452,31.0560679775852,28921.8462324851,642,41014.4684591909,7.15357200652748,2.98906721126726,0.667892817161093,107.421875,1.77000250718725,195.476038338658,233.818633463273,128.331762426881,167.5,2086,432,34.8707816515183,25.3877517738389,34.8800691142075,37.6453383236548,32396.1858850492,619,47678.1978312694,4.96910305737372,3.18449414749058,0.662187792343343,58.59375,2.65436955176703,open
208.453934740883,332.139685423765,258.70438343878,0,1384,27,35.3797519668133,22.8966634656132,35.3967045636282,28.4744681620819,13368.3582249068,281,23858.3233311689,10.4198222802489,2.98192300691895,0.514294143306239,62.5,3.20174992105801,25.0756227758007,53.4920837592913,47.2716008760989,0,1016,94,8.05106451381771,3.66967695762044,8.0546477877658,2.98524743810222,3115.31435891844,298,4124.71690036538,33.050985064034,1.17594638061629,0.911979416667944,156.25,0.128913809773813,open
244.445652173913,310.256501287095,191.07571627457,368,5461,1351,5.7405202054999,3.22155466452299,5.74087473844861,3.04429339861235,17821.9010158882,2125,26081.7065639781,14.5607494600352,1.15083014048388,0.691165340514248,49.8046875,0.0370733181774155,194.910385597205,255.10148352189,164.591458434591,250,3912,926,1.86735875831405,0.982290879758338,1.86748405874677,0.631024822965204,6488.362477011,1761,7311.19101804131,16.9672230207391,0.595421989744634,0.937208326702093,65.91796875,0.00646154541266076,close
194.133188955062,198.541651102541,41.6176635784841,208,1333,402,23.2225937292959,17.5120861844325,23.2288819921804,27.1244296621123,25796.3503612113,712,32344.8231826468,4.11944711402574,2.78782844410451,0.772798645429635,78.125,1.1446075505038,29.7635410599884,47.4978956098234,37.026749588947,0,958,225,2.61678104238213,1.89079721288141,2.61754332488584,2.66363833063838,2950.47487678821,604,3246.49881451738,4.8984684834661,1.04858218912338,0.948818082171822,101.5625,0.0149055816900833,ok
91.1208584337349,141.370263246276,108.092584643642,0,3544,740,59.7855387910307,32.6247043129629,59.7892906930602,8.63515942104788,280756.548957832,3199,259953.643965688,7.99530097449401,1.88731057663672,1.12885823000915,123.53515625,7.26042361227595,22.7662094763092,56.3452430022052,51.5443245085952,0,1296,328,5.88287894649838,3.24378255417664,5.88324496325397,0.958455496111844,21314.129480455,1966,26015.1360844966,7.15561849100864,0.804435162918534,0.812413717352361,73.73046875,0.0713377629551973,open
319.75220293725,363.210864985146,172.303768638567,415,2046,444,38.3259543394947,26.8313450108972,38.3310697657683,37.9769101041597,85669.2683164125,1430,100483.38706581,4.92744607707276,2.92504176682171,0.833055732912754,86.9140625,2.82168044538664,50.6215776633234,72.6535446076093,52.1222587735586,35,2372,602,15.2014876881346,10.7040073900874,15.2035484876664,15.3448634442525,36096.6045575999,1375,39487.0832620323,5.4167029815983,1.97697871561756,0.944472490636365,98.6328125,0.426368624240439,ok
57.0132135306554,131.411907084051,118.431398385584,3,2851,290,23.2962174930331,17.1468589633687,23.3023739298214,25.0885164155801,16892.4745556544,520,32441.8571586936,4.92022470077764,2.75168098706982,0.479429429245402,48.828125,1.12805452576522,361.442998204668,454.564357804257,275.720575122576,575,1612,66,34.5279346098939,16.4299890516965,34.5356854183804,13.1655687032907,22734.7403515558,647,36606.0156071797,52.3541079424905,2.02687909579091,0.583976136968828,70.3125,2.5895127593873,point
375.647502356268,391.174993563069,109.144140216476,403,1825,442,21.9756622909968,16.8623886010209,21.9808289591111,26.4431980603629,27625.9174436577,731,35781.9886113663,3.96373007522723,2.82332342688983,0.747406201462739,107.421875,0.860141402908339,120.63031233999,142.121244114572,75.1642773456118,114,1802,426,23.4218255336621,17.8466896338682,23.4278153874378,27.7755631484858,28906.7835673163,778,34854.5848549445,3.94779409191915,2.85974302966864,0.801813202669927,64.453125,1.08344367534137,point
375.857511997047,414.820025730159,175.551020034117,477,2192,489,6.86114140340415,4.78152942025019,6.86240807525531,6.48029200736858,8982.99297169729,820,12953.1631994578,6.40337089829361,1.50076310463678,0.66098420861242,84.9609375,0.0871404642035006,343.418106686702,385.1113672876,174.316333166861,449,2044,430,3.34030898367075,2.12188042783598,3.34093654500136,2.54112604969084,4798.78533985205,820,5648.44569889937,10.1639609997798,0.995827565950397,0.881873904466909,105.46875,0.0238634278592686,close
0.00220345207491737,0.0469409424161613,0.0468906328772765,0,72,36,11.4772086247474,8.20617659432851,11.4775596663748,12.3717169998851,65846.926711532,3769,134072.513198139,8.37841821594093,2.01669578197473,0.455538973376433,50.048828125,0.228488731129468,59.1103617799067,100.627034203566,81.4382167974875,28,8445,1220,2.92773260123293,1.72011208995405,2.92782481190011,1.95158066358085,15544.3465188405,2810,27291.298419211,15.8182946790767,0.92973925191835,0.659309197352307,50.048828125,0.0127543417895296,pinch
326.573635924674,361.563651745638,155.20813907471,403,1740,351,5.06495138545499,3.26640604865728,5.06617139312716,3.87143999693527,4327.07507193697,561,6764.72692676923,9.73060478416602,1.24022621587851,0.634470855188294,70.3125,0.0497732588077057,111.505858380031,132.743997699009,72.0420461478186,120,1484,394,2.33009118236175,1.48885639202326,2.33068422886004,1.75113107511437,2450.44062076877,581,2922.62509754166,9.2792642304471,0.874035483288807,0.889282543932338,87.890625,0.0094362830571139,close
344.014991181658,365.512612665605,123.558158316041,408,1290,225,20.8611522746838,14.8221366216754,20.8703475005675,20.6883755219074,13293.6077383473,416,16808.3029289799,5.94354015497671,2.4949064754269,0.760947278957508,105.46875,0.921855370022814,193.606656580938,240.690383723455,143.051748579683,275,1742,281,18.3260972795412,11.476349372473,18.3330301646464,12.9408363328241,12946.4454312964,488,15171.7338704093,8.5596471283925,1.96560474827287,0.808920678328088,89.84375,0.761694395945209,point
82.6856780735108,125.053828714061,93.846256765484,50,1890,225,38.9472742497736,28.7793547882906,38.9596208015058,42.2212131134047,38909.1959669328,612,45413.8218559225,4.59384525875477,3.44029496252169,0.842533292635911,91.796875,3.34560097753123,248.43893129771,278.837120823447,126.642962436506,305,2402,415,20.213928367375,15.3282031061114,20.220360801992,24.3602203557814,16776.2768051214,549,24095.935282807,3.6978051769559,2.61139398695237,0.658927082597326,80.078125,0.825502825636821,close
161.53740530303,164.497621045246,31.0739635437433,171,1626,417,18.2461404605621,13.9384864582293,18.2504596550479,21.8160561039809,16870.9047091409,550,29438.0833997802,4.23360470558106,2.58128357996894,0.541015187467667,83.984375,0.689192438975609,239.178282828283,253.449262748738,83.8679333876381,270,2046,537,6.41219532341654,4.44704182222599,6.4138149760675,6.37624214022349,6081.86606520901,606,8805.14280800746,10.1956688056352,1.53976936215632,0.684313436605463,41.015625,0.085589313688022,point
337.321156773212,356.901753276204,116.634692694173,374,1307,176,24.5709360865355,18.5022102243281,24.5802730818117,28.2124242207231,20542.1455818761,509,24311.9042347672,3.84053053701093,2.83919978660803,0.819335025715191,126.953125,1.35917964633607,349.165501165501,384.282534140007,160.550762184871,412,1698,228,32.4544085349694,20.9008959835782,32.4670242255102,25.8087137113613,22655.3063915587,539,26899.4531308651,9.04098010555954,2.61938086269461,0.770096780312011,87.890625,2.40601907429854,point
368.324979114453,372.475478999813,55.4730838278195,384,949,248,8.90937694453925,6.87168587894261,8.91288484835658,11.3359973483996,6182.74843184085,436,8225.4079970943,4.09898568905648,1.92013522319491,0.723433624261984,89.84375,0.143946265059213,205.052755905512,221.020380647164,82.5150723646286,235,1021,230,8.50402910227807,5.9195951263858,8.50736320201928,8.52800022962152,6482.57799783398,473,7517.88581050997,8.37830327983722,1.73806100063688,0.842247471037326,111.328125,0.160670161421037,point
324.841101694915,357.299942542226,148.839649618731,407,1818,370,11.1635425641754,7.69083871238775,11.1664910375794,11.3499251051985,10314.7851071312,606,14520.3034889881,11.7580387151875,1.88961306073222,0.677007397755807,78.125,0.186143914920101,297.793710021322,334.377580296124,152.117083267292,375,1553,331,7.70485715638867,4.0020260981668,7.70691109411311,4.561449304181,6341.26873712773,591,7507.80096016091,29.9182382217903,1.33520258408438,0.923910392206498,76.171875,0.13441004284172,pinch
214.863612565445,263.527239121807,152.588601489094,305,4273,511,21.3957784009374,15.8097923638362,21.3971767655788,23.2599944298327,69176.6444826585,2090,120786.813659709,4.37328148916553,2.62854873267925,0.545918101895976,44.921875,0.880937534610777,135.772445616348,164.811511364287,93.433549770537,176,3586,590,8.4450755521284,5.28891243263438,8.44563107858322,5.80665862151722,27164.5107674153,1955,40116.4008015318,15.4702570017274,1.45399550608893,0.67636293234852,55.17578125,0.128923273271888,point
118.744804655029,158.621430156011,105.212314681267,130,2504,300,71.0414309946721,51.5231539511314,71.07097568459,74.623660021444,58787.2132124183,502,61982.354203211,4.35126477386698,4.2535762968073,0.952814948740001,78.125,12.4179609563826,95.2052863436123,130.060643259635,88.6490174595573,92,886,139,9.81299829648863,7.06999237512316,9.81732074515821,9.92344031846899,7321.22167541408,459,8024.44134576478,4.6006840295197,1.79968943527729,0.904556332499839,93.75,0.20605346537224,open
471.316575410652,481.906367088171,100.496067042721,500,1334,283,8.79919558681318,6.35413554915526,8.80137274933537,9.35927314492967,7641.3704367605,559,12765.4583182529,5.92180824478978,1.79113945254823,0.563474872847038,50.78125,0.170930824693766,299.847853803655,334.64319632749,148.616015418836,316,2478,505,6.45434833211631,4.15036069257644,6.45572026348142,5.57219744914341,6817.69925977096,686,9765.79870963237,16.9554392695582,1.43202347696181,0.663048979834165,49.8046875,0.0757805318584393,close
342.678934624697,351.168763192472,76.7691474665467,373,1852,458,17.6642315073968,13.5633053900518,17.6685083534525,21.3462278995157,15654.5602630291,536,28008.225630457,3.54976288205603,2.52342963912998,0.534492777079706,50.78125,0.641332610225074,392.456420835482,411.825941366574,124.846314331035,440,2226,459,13.5397708778634,9.33745805575553,13.5432636509406,12.6404716710108,12938.5658508915,596,18105.33117011,7.8510369307256,2.05804362765436,0.705884832571058,89.84375,0.384100256472759,point
275.026427061311,279.249066652363,48.3915628184077,288,1513,358,16.6661592790673,13.0652948427558,16.6705625737215,21.0300384743142,13742.0877167635,442,24719.537842494,3.21830012818133,2.50499074553287,0.528518211178483,72.265625,0.576204932217944,358.033163265306,378.862733609902,123.923606126432,415,2160,417,11.751845159726,8.02738624634858,11.7548429965778,10.6078684614687,10518.1163260582,602,15733.6770428432,7.65047890963338,1.93056051785111,0.616528953428542,56.640625,0.305224016140147,point
0,0,0,0,0,0,11.73559977902,8.53101623145783,11.738276031524,12.7211187593392,9184.88287470144,523,18572.0223358837,5.61364405974816,2.05327149067639,0.446846674861238,39.0625,0.282824394138464,118.137464788732,155.914631752014,101.777933373923,135,1016,102,3.63711521004487,2.35868664205762,3.63814015884811,2.7456274095238,2643.94516441343,444,4186.66878965227,7.28470987653705,1.08017018752459,0.640782786597315,60.546875,0.026802524595301,pinch
343.853920515575,370.405568260265,137.737282107524,412,2227,546,12.9308880440613,9.76612221383226,12.9332023847302,15.0688320254203,14812.7063605061,734,27276.7793432335,3.99281152829401,2.16772691312897,0.498570493708352,36.1328125,0.32440147454808,337.674628034456,363.327887556505,134.126967190827,395,2884,630,11.2793460464706,7.69738333736229,11.2815548292044,10.7749756123001,14993.9207453112,819,19659.1170436233,10.9595672848667,1.91246364032243,0.723847965205683,84.9609375,0.246884244618402,point
12.9465478841871,24.0561240576503,20.2865051250279,0,450,65,75.1142454207736,52.22117051208,75.1560876658026,67.6642394130658,43091.2230023952,411,46894.6111198479,4.72785888852129,4.14747591517927,0.922302382201087,140.625,13.9331775507854,8.5956043956044,18.6670656681585,16.5794145963655,0,542,84,20.6645736816411,13.9933443754115,20.6759365276461,17.0836303853865,11070.5552343084,343,12733.9433816245,5.30254788189287,2.20801870458315,0.885345489506723,82.03125,0.935521244465999,open
306.35781137509,321.934020132906,98.9440691544843,335,2022,261,25.8891049884023,20.0036286749617,25.8937640659108,31.6103458323539,32961.3769055892,769,55570.0804590437,4.01527658585511,3.03816730855162,0.560667664278371,66.40625,1.39897595343482,146.81171237954,152.228124139712,40.2532415085103,156,1881,308,8.86238285744243,5.93643011728286,8.86402306412135,8.05137403621108,9247.8683007324,678,16016.4884564292,10.3859211529803,1.69370323973131,0.532911066637114,30.2734375,0.159846734791459,point
367.136974425661,429.825361962122,223.566431155643,508,2510,355,17.8784904780294,13.5579401996635,17.8823549396869,20.7971839351127,21732.3239661619,732,31278.1680406238,3.94819759731639,2.52299568323126,0.668911391617265,78.125,0.635019380574523,91.6768198244708,118.502064486481,75.1066723811025,94,1102,262,9.02591776807151,6.03850145603692,9.02824812109466,7.80598763067369,9853.51583278109,675,11696.5773203435,7.12146095927847,1.52535624390744,0.812990173726246,64.453125,0.161786095735696,close
2.01860465116279,11.0642240696565,10.8827431700316,0,236,17,72.5101828367322,50.8813699868293,72.5383030150646,71.391661248486,60341.2713334391,543,65636.9672830098,5.43778560516663,4.0246821124308,0.912310301581704,103.515625,11.8699589053628,26.4766997708174,54.3163075709646,47.4443383782097,0,768,122,24.0841650892513,16.1711206743731,24.0933689602632,20.6951511126092,18487.937749539,498,21167.9969627544,6.31054765767741,2.39309666966538,0.884859145644967,64.453125,1.22985947900876,open
341.24462890625,342.809830065947,32.7292817248814,350,1602,410,19.4937557998571,14.5183565406254,19.4985141969123,21.8125345110128,16951.4344278714,573,29733.5941952007,5.32444260746153,2.60262381798258,0.523080320047275,66.40625,0.838083978334714,423.949536560247,437.750801439197,109.081078265389,469,1949,414,12.9549072329183,9.60532319333011,12.9582439731227,14.2569918692405,13354.3819676071,637,18653.5376414471,4.96124613587731,2.17602195932359,0.706327776969701,82.03125,0.375797154716678,point
282.462259937472,345.558087291732,199.105924450928,376,2468,201,22.0556598660662,15.1851098205864,22.0605868536831,22.4628455462785,18040.3077095845,585,33999.4608882929,9.98208016955001,2.62341496618332,0.50595194181383,50.78125,0.992568073319282,406.804319083297,489.1083273956,271.60580608058,591,1896,149,32.0806979601456,16.0084185221663,32.0877694715094,14.1901563001841,20413.6275442339,657,36323.1016267953,23.5129397476652,2.22964005232115,0.463056292363249,46.875,2.20040239899277,close
274.115228013029,306.060400326812,136.166661974164,349,2542,389,70.9227787596458,47.5077079241864,70.9372217720004,59.669911512511,118255.266609608,1123,116678.930661802,4.7732533687059,3.31786428707197,1.03733828747222,144.53125,10.1153150425096,4.56553048487758,15.9198665429117,15.2548287671507,0,800,106,8.19319404712637,5.74540752266022,8.19516136916142,8.01274715893786,9917.65328569545,738,11967.6838697012,5.18054762726076,1.5886813508286,0.800600511543011,62.5,0.136879793235516,open
420.8586846543,452.593652742203,166.518269078398,491,2114,443,9.01942489754084,6.58692020593026,9.02094619913734,9.7632588379652,13320.433317581,910,19530.2184105832,6.11519335703575,1.83477730806986,0.683264385442878,49.8046875,0.14226968896116,306.434309053778,336.491303824264,139.035935740321,356,2202,541,5.25872179002897,3.60278837689541,5.25961696721299,4.88658896208339,9549.20581313819,1039,10584.9922513187,7.85843915858533,1.34068233677071,0.932648702361928,144.53125,0.0503110833563477,close
232.782122905028,242.340031166834,67.4053519304288,269,2474,595,23.3608035516326,16.6214622928953,23.3667375540003,23.417238783077,23288.0995796448,680,32727.6592547108,4.67798978124449,2.53411350740029,0.667683075601367,58.59375,1.34430680294972,276.129912159038,323.58596900091,168.740376769751,342,2580,454,12.0423121530561,7.74285084837451,12.0450966943885,9.32830939634755,14076.7291586891,757,16747.7863850341,8.2914955730277,1.71833666375523,0.877711526320931,97.65625,0.29907696999539,point
355.646414342629,412.689103099092,209.403345991648,480,2332,373,8.30997129141569,6.06243803859905,8.31204075272988,8.86842809190844,11117.2070974998,792,12173.3755815069,4.41141024795132,1.70135728926012,0.887534018927039,66.40625,0.144880655628649,159.041441441441,175.068086283123,73.1974909447947,187,1014,235,7.52900476883393,5.23635406272933,7.53126502814066,6.76707948066069,7544.33857780676,602,8718.52951444433,5.97977878198036,1.58032251908115,0.854922096161504,80.078125,0.118200684402525,point
165.31721890277,177.568854223433,64.8320771726633,183,1918,560,29.0446096550553,22.3193151879362,29.0525009850937,36.8039168287233,30704.334635608,709,41089.8592609906,3.56683692912249,3.11413569860427,0.699623859274005,85.9375,1.93087771005305,241.481423338566,260.99155109618,99.0375916004369,298,2563,541,9.92733627980723,7.64323833739323,9.92993403177423,12.1738593617856,11854.4779642362,732,14606.2284627585,3.70189391784688,1.98600757380009,0.795097880186792,74.21875,0.211928609941734,point
100.895781637717,107.018684159848,35.6907582474796,111,2058,468,27.3805358027981,19.6686333749344,27.3890314756418,28.9398377911436,22471.0824660871,568,31705.8370003942,6.71799088305448,2.8979831511741,0.682614910912141,72.265625,1.70331423434094,221.117464263518,255.93206982119,128.913226241661,301,1790,368,34.4754440992572,24.4590074798188,34.4861547688244,36.9277577817886,27262.3768448433,543,39354.5430350284,6.97802171087466,3.13243690150461,0.69614438306567,105.46875,2.96136052241939,open
547.252111486486,552.650527143535,77.0729535763327,577,1402,281,27.2763763715315,20.6266855217165,27.2820645483504,31.143643297064,35379.5525391201,846,48843.9913154246,3.92777238328566,3.01187249904739,0.684732012620047,65.4296875,1.50996602172081,35.6587537091988,64.6527982023043,53.9413666251698,0,1108,281,5.85573474047555,4.53869207392936,5.8569749453584,7.41999783764647,8118.71285555326,792,10706.7746023993,3.56621687617949,1.57899066120537,0.759853667568596,59.5703125,0.0676065399015485,pinch
222.155688622754,229.431661775679,57.3385221644336,237,1969,438,28.7073551466778,21.4566628874325,28.71595372589,32.1598764646474,28362.3993006471,652,35832.6270220123,4.69796706484604,3.07986840336183,0.763376902153706,97.65625,2.00509183966315,302.004968944099,322.514199215557,113.209398486547,331,2646,446,11.3197182674317,8.04944413452111,11.323234852732,11.2894890956569,10623.6644935269,631,12959.605056579,5.96196985911752,1.93102820594909,0.801652445312601,74.21875,0.282981099139658,point
0.00198544010589014,0.0445582776360368,0.0445287590653004,0,6,3,14.5413712333695,9.69551948709588,14.5461753783565,12.9551237034051,7022.79166116128,325,14649.9299450019,8.82488198655907,2.09227114866343,0.449971567576242,68.359375,0.489077379217369,178.08286252354,200.234415354301,91.5871916480949,237,869,80,5.06458218449229,3.55445426790701,5.06696723250553,4.63191780150022,2407.50284070729,250,3774.83043251725,5.98740417087576,1.34919096311482,0.714674331103361,50.78125,0.055723384285346,pinch
411.753229095853,430.746264828256,126.54054073873,470,1876,295,43.7042170474403,33.8595101751672,43.7190708719876,53.7072522532824,44329.880759076,580,49807.3394676709,3.56824259321431,3.79942601650973,0.873044702787379,97.65625,4.07901195409141,54.0269403463759,79.046328196083,57.7195694378278,47,912,182,24.7958820354732,18.6475553455606,24.8038383276758,28.7858730940253,26128.8760141082,630,29071.538783729,3.70775955660911,2.80251420420981,0.890980129110738,85.9375,1.32776159751784,ok
166.964001870033,175.861044746622,55.2408885356121,190,1878,478,22.0382462630771,16.7176938909751,22.0433990036707,26.6545530262101,28387.780989409,807,35759.1472327957,4.74741176966376,2.81194397536923,0.777194356564939,62.5,1.02243109632802,0.549412915851272,2.20067148620944,2.13150725989181,0,60,18,2.93637500648105,2.10332015099954,2.93708988666603,3.05683474488086,3858.53006785002,723,4299.18638864306,6.54397557596979,1.09498244336556,0.936161447558769,128.90625,0.0150818830548393,ok
220.4478833086,331.734477071856,247.894521863751,29,21167,3880,6.70428441761543,4.49506889697022,6.70434987422795,5.90727655021817,134377.247871717,12802,230201.468351639,9.1422013356693,1.5072040756193,0.591233470521895,49.98779296875,0.0912509417819053,159.297819181903,256.414274477295,200.931000351707,0,26528,5422,5.8303656596386,3.7400322336806,5.83042212121174,4.48072463254969,143778.125595598,14916,193105.344289397,13.4750930398851,1.32847187375365,0.748067257115909,49.98779296875,0.0689846794534487,close
468.116060961313,479.331164621184,103.101274307531,507,1832,462,8.92558281361755,6.90680714027846,8.92732490442942,10.8929503956819,12199.2642144243,839,17674.5194719726,3.60985735034164,1.9149158732121,0.659554161529744,49.8046875,0.157799817494164,309.94385026738,355.510005913776,174.16174031913,400,2272,487,5.77219788550773,4.19160837188427,5.7731603548089,6.003039071017,10407.2542482809,1042,12541.2922486777,5.13799364042201,1.48397479515159,0.856828732419909,113.28125,0.0644728343861275,close
229.766853105681,268.714990736818,139.358015423575,173,3278,736,51.5630032550328,39.7352358216063,51.5705453663072,63.7130609955051,115385.409779001,1337,134980.596085997,3.84403277490602,4.05272965943362,0.8205108892716,94.7265625,5.10023403445417,39.7157434402332,50.6314960918741,31.4085295353805,39,4256,808,21.1883494417417,16.2370972960722,21.1914383696056,26.1116584341266,47234.6052477757,1383,55693.2437255278,4.32738185533006,2.73671131948995,0.848494887319524,72.265625,0.874285866688564,ok
319.755442465366,406.675391318972,251.31491724418,503,1736,421,11.6383604975378,7.74561196373123,11.6400033060377,10.3512253833666,19057.0547517377,1080,27396.2295157174,14.1718980234059,1.89651501195016,0.677745087220595,49.8046875,0.275228826914253,314.021203617088,377.713305056842,209.932767479395,439,2008,426,6.03544644761904,3.9316804183922,6.03638762381736,4.58308811319643,11532.9490661876,1055,12608.8991017838,6.0567549898204,1.17115235467814,0.933010094627483,100.5859375,0.0715923481110965,close
503.834437086093,517.823075720216,119.573869627366,544,1684,305,35.3867605207756,27.2918545386971,35.3945529376991,43.3162754207228,43547.2789152669,787,61816.050530149,3.57369553058116,3.44521981003921,0.671263297371265,78.125,2.68155000974783,40.2919418758256,65.3738596348564,51.4924118379425,0,1090,245,8.59707785378892,6.50935989002242,8.59896605624135,10.1143141340346,12878.8004635617,875,14782.7563102409,4.48153335590968,1.8386599346621,0.883992850712938,66.40625,0.149906650113236,pinch
492.345370726085,502.799938676103,102.018687742114,503,2381,454,41.6355419858348,30.4779185492151,41.6435330030951,44.807436925614,62869.3908498675,944,79334.0219836069,4.83503305991369,3.48998672633984,0.795155353776858,126.953125,3.48658032580929,190.241285824942,204.386720333023,74.7284913223609,171,1734,476,7.490265486978,5.52565246532288,7.49171543760725,8.314457495534,12172.5256957595,976,14267.2346654637,4.84212866017636,1.67193648046151,0.834265239692169,77.1484375,0.112826907419379,ok
493.217690192484,517.879644172124,157.94641195542,558,1932,336,38.3295066356049,28.1664544455418,38.3382164007051,40.881432747042,45428.514704501,751,61459.2036001721,4.6449579356294,3.37131646722209,0.697700698173577,62.5,3.03369057577428,112.745943439963,132.66002049781,69.9235295829269,104,1936,363,38.1609969217107,25.9609837701149,38.1698458257329,35.0218750220597,49774.6207884939,937,55997.8419921379,6.62872269928002,2.98426958768902,0.889189749936737,54.6875,3.32797077818083,point
90.7631318136769,171.385507180035,145.415007584641,3,2910,237,25.7106622629185,16.5732395197729,25.7170339953694,23.7836473253333,18075.8404232062,572,33444.7973509017,17.4320020903177,2.68573880095139,0.48329254772791,70.3125,1.52816026700784,418.467590027701,477.944746977551,230.966689406305,540,1722,91,29.2839735861378,16.5418124878184,29.2920870752604,17.4253165414412,18070.2706949193,566,29857.9715405122,14.7806157363705,2.29132287264787,0.556269116035053,39.0625,2.04844819848403,point
436.410119840213,439.909266156177,55.4117157658825,449,904,212,14.2630267637296,11.0514521878873,14.2723021394481,17.3464104065636,6398.95082711499,271,8299.64059310339,3.60100641700212,2.35805024675469,0.75012072640943,74.21875,0.421980936203862,0.433061699650757,1.85190962700372,1.80161189409224,0,80,15,11.5714815943077,8.91662064260447,11.5782227900516,14.1203075510083,7218.28836066567,371,7659.37713199724,3.63054384531199,2.12490706918961,0.947198919293999,128.90625,0.27781265949081,ok
351.919954904171,363.520099111071,91.117110362984,374,2115,442,17.8725048492497,13.6727954181326,17.8758537255288,21.7365084354137,20272.5668213496,708,36383.3086076507,3.56339318761286,2.51696798372696,0.512602397881636,80.078125,0.704146539346461,371.744791666667,404.175598514462,158.66029525942,449,2442,566,13.4339605712795,9.56387433851647,13.4364601341149,13.2156088041767,19048.5230068432,839,25707.6942219323,4.91991153828153,2.02181084656753,0.730419875610821,101.5625,0.385673796177934,point
309.994627266622,322.896663353518,90.3788092507543,319,2117,265,25.1508426815153,19.7634579367449,25.1550464840623,32.675868644361,34690.9270360448,854,58855.5777356264,3.65332188219369,3.03169172118758,0.55883505978735,42.96875,1.24168315961808,209.597526501767,214.715560881846,46.6091901616416,224,2036,335,11.1009715927583,7.82853160169554,11.1029259514296,11.6742264900691,15367.603004947,799,22154.7444327984,10.0310162383258,1.92286481131281,0.655763020528444,35.15625,0.209877608353927,point
291.242456326098,375.125406946802,236.487862226382,385,1394,215,27.6559945849575,19.5134644459276,27.6633170459321,25.6594373116441,25153.0557465904,541,36860.9343383573,5.4283518061519,2.80855457803202,0.68900791942114,62.5,1.62022314901926,232.568868980963,320.732425728634,220.926092600356,314.5,1792,238,19.1285524678124,11.7930850774599,19.1339098520331,12.113654024287,17012.4525354666,564,21062.4499483434,7.43693673659966,1.89922205119951,0.830855399648466,74.21875,0.802397133834638,close
276.592485549133,308.006554430672,135.555361551262,352,2031,378,20.437917339536,13.2492305317293,20.4438236643032,14.256023593815,16886.1914622899,587,22921.1688198917,6.62387337949387,2.19851893118662,0.710190323920752,89.84375,0.903623952986836,193.310172570391,265.650745052517,182.254163902894,158,1708,290,14.3234792834429,7.47010862292097,14.3267327607426,4.496539375241,15413.1498988869,675,16449.179187672,10.7505237686255,1.21160199533097,0.940943312648691,103.515625,0.493722202117748,point
511.32735426009,543.866681104978,185.339438615292,618,1494,168,10.2050493228274,7.48501088848666,10.2073321454535,10.4592230350527,11860.1585651131,726,16691.5742813252,4.50655530899741,1.918532757465,0.691267684806264,48.828125,0.242985489050419,347.511936339523,426.74071755008,247.722319853507,530,2071,341,7.86366548297704,5.77681291674169,7.8651555467143,8.57234571642886,12302.0200686222,893,15245.0092872813,5.05669753332164,1.70146841944541,0.809036809041556,86.9140625,0.111311458748844,close
140.361521252796,253.728987514524,211.416747522208,3,2555,226,34.5663692638188,25.6163649989853,34.5740979308431,35.9530807029926,32595.2614957129,628,57252.5757727321,3.90397171260364,3.24786592546573,0.533775216971811,50.78125,2.41222592809563,394.511770244821,481.773381234673,276.590079231386,568,2528,180,46.1617045583772,25.0588162324826,46.1725748640971,21.0242083101969,31902.5599091092,625,53224.925677793,13.917092474932,2.54152952513265,0.528854213756048,39.0625,4.55074732499428,point
296.704037632301,323.860733943156,129.842588783968,359,2318,590,8.26454335956535,5.8590050734722,8.266161519948,8.40089238810768,10258.1360849884,786,14946.3219424276,7.19290881466467,1.71947200533926,0.66231350163692,73.2421875,0.12969968354628,308.000423908436,326.026448342885,106.929092339851,340,2294,559,3.6057432192241,2.70677951915849,3.60650767065384,4.07997777006479,4963.80846705804,768,6385.29288569487,4.05472299551661,1.23875153705153,0.778033267411886,94.7265625,0.0267820186597311,pinch
346.208063021316,376.216417589348,147.271247666652,409,2359,307,78.1144714795533,53.6810256184288,78.1325749154992,73.8093188897995,115733.550004244,938,115843.653284569,4.98171294630807,3.80336256998357,1.04637662115663,125,13.7540778290873,13.3592092574735,34.9723061671654,32.3279697942723,0,1006,138,9.19329676397027,6.55502339158403,9.19551378441609,9.48245690703412,10931.8143066164,714,13595.1185141453,6.11139916666136,1.76380299197819,0.791236470547162,117.1875,0.166634201908053,open
194.231591973835,262.921859794538,177.213907542866,90,7941,2269,17.8414693427011,9.76364989627709,17.8422579188068,6.48697510464216,85753.9063192111,3615,110456.171276583,13.0458490986577,1.68852208110304,0.765881795558178,85.205078125,0.487229589977496,27.5006283662478,64.335266232052,58.1639545176864,0,3546,810,9.07519599851299,4.38398902332985,9.07560293114999,1.52974101173147,40554.1800219269,3154,48837.6377198946,16.6780651115844,0.964470594231299,0.852439788519661,109.86328125,0.0713151550864873,point
289.98023715415,298.993012199071,72.8867820334859,291,2354,378,55.4535314690654,39.5161025697677,55.475436802087,57.2707458679125,47580.2443985737,527,49987.8697507561,7.0547087632947,3.94811771990733,0.959882013804394,91.796875,7.35071029856019,0.977099236641221,3.77880792221265,3.65169079554019,0,100,24,15.0882915243793,9.06589137824987,15.0940529657388,10.9894538586911,10314.5277227609,546,11876.3177055073,17.693263164848,1.90030502998106,0.797660601581426,121.09375,0.615117391940496,open
282.415433826469,298.285747975028,96.0187301816772,307,2330,476,15.927721212057,12.2716321297472,15.9309064253345,19.825791658972,17832.856949263,624,30691.3519564976,3.72724843819315,2.42171496432828,0.545379429320576,49.8046875,0.474217699131468,235.133471933472,253.611818884205,95.0524160405037,264,2992,689,5.43002363384473,3.72159131174215,5.43115282425735,5.25685071322283,6014.70261586795,693,8950.42710473987,8.44011486276283,1.38916433135157,0.623228094946158,49.8046875,0.0531905315063888,point
204.319576719577,253.837989410027,150.702583007871,252,1620,165,32.9550132894202,23.8623949346082,32.9724091492116,35.1460141745596,16343.4517807902,335,22549.9632132048,4.94236435512179,3.15040566135007,0.682730757189819,50.78125,2.33772792595848,0,0,0,0,0,0,27.78871070148,20.2885421946154,27.8066289413695,26.8717077224768,12178.7621755017,284,15743.9087430216,4.31609795837321,2.96832673033249,0.749240980910995,125,1.72298195318784,close
147.270976616231,151.400768070095,35.1285898150553,149,2147,547,16.9772510779952,11.5848561637034,16.9811442953428,16.5249873530404,16700.08951992,714,25266.571293037,8.55360250743671,2.23956866049815,0.631718413424699,56.640625,0.587227273465298,87.360663288807,144.075444692157,114.594489618778,0,1488,310,27.8736646951639,17.37195240506,27.8800856118539,21.7457929556481,28419.8195519789,653,37714.5086713852,13.9134833380038,2.46648734485624,0.763042576702308,83.984375,1.54202959317761,open
154.318449873631,164.552158312772,57.136713093244,167,3489,606,40.9313638694288,31.5608324179482,40.939967483836,49.2323780140327,67209.5917117155,990,74925.4161602089,3.83741376710225,3.72083203970008,0.896395610275969,96.6796875,3.35270911479446,0,0,0,0,0,0,15.848778524984,11.8678378516458,15.8525147353724,18.0763360276473,23156.0050917238,905,25112.3448940824,5.03306147922297,2.41333742706189,0.926557160362852,97.65625,0.479272640148102,ok
390.837557603687,416.90317818966,145.128742886645,460,2361,484,6.277460387864,4.47795525377123,6.27866530791434,6.18334616641236,7947.73807751068,807,11660.5954808203,5.69084962482789,1.50555419327515,0.658010298516845,64.453125,0.0759771636889611,270.159692898273,299.819199517363,130.04531817887,337,2284,537,4.15417559579035,2.76401837323325,4.15497302413023,3.69373803840474,6549.31439289458,889,7200.26786227262,9.43906068269549,1.17036118556764,0.95356468008585,89.84375,0.033034411258262,close
216.595918367347,289.445365469611,192.041351669357,319,2130,167,17.8766466934988,13.3735409220839,17.8802906381334,20.0197035508886,19819.6155361347,671,32765.1752591055,4.36829791302309,2.51172319571498,0.589914221377459,49.8046875,0.626606843264481,344.222132796781,451.771786728324,292.648824865448,572,1588,72,34.7881994039608,17.8838467873719,34.7952010845724,13.29697596327,25950.2519716568,704,44441.3592666191,17.0733034456817,2.11078369722823,0.497563938404406,41.015625,2.24265954105099,ok
316.516679021497,346.937696151801,142.119419617047,389,1830,306,30.6334833451633,22.5779122106871,30.6448437022758,33.873412896453,25236.0459143563,533,30457.6035722169,3.91705576501019,2.96524581282032,0.813571682077398,91.796875,2.01239056182016,14.8288159771755,50.2565458366309,48.036157835047,0,680,47,17.2658392551535,12.6289114902369,17.2719982540107,18.8201215677573,11569.7323536,456,17705.7339093121,4.11362645342806,2.31265299149525,0.623747816368477,54.6875,0.725719009482803,pinch
443.526479750779,452.510644843611,89.7459043656401,467,1835,373,42.724359626405,33.017470486017,42.7354466810571,52.3279049683532,53156.940880659,745,63591.6481560688,3.52250458670126,3.77325947936821,0.8189232183076,89.84375,3.57471098080444,272.634341129492,287.07615897115,89.9324791513893,306,1848,444,18.8525758966584,14.6533936723945,18.8579552869466,23.8636433520357,21089.8765465245,689,25687.3991077075,3.6086077893887,2.65481998403021,0.784340478870785,89.84375,0.728576343993846,ok
72.7822455163377,175.940881201134,160.18751450312,0,4286,193,12.3345448193945,8.06163696965058,12.3350498311981,10.5606783760278,51997.0289863415,3058,98440.6490364032,10.4249729315782,1.91931617927678,0.518838199502912,50.048828125,0.194517432641397,67.6281156530409,120.683652034544,99.9590516268168,12,6542,855,6.69093580553283,2.93281375790885,6.6912137743882,2.31468438764377,20736.0938161555,2641,35299.3463901909,29.980939593354,1.04894487781736,0.635958802282905,50.048828125,0.0876983428379344,point
0.799610894941634,6.31804079041221,6.2692703450769,0,162,9,24.8904085880985,17.1956438600135,24.8984773317921,23.9505001341222,18420.5821754527,522,26515.6828321409,7.24444824185146,2.6997163044676,0.668383960830991,83.984375,1.36867323492366,112.873921698739,154.832175771963,106.018578282226,108,1180,218,39.0968117245229,24.4517769397114,39.1097774549649,32.8875511325376,25567.5173826587,506,36848.8278481451,12.8426770579896,2.93711611250931,0.666217402480224,62.5,3.75549003175605,open
382.089719626168,406.208627704021,137.930231650736,416,1352,206,30.0765754016683,22.1224859442026,30.0859087422853,32.3461500256022,28761.20503432,590,35506.5899404452,4.75883620211339,3.06181360972998,0.791109663841096,64.453125,1.7486446135302,102.536866359447,134.932911304082,87.7354867939422,157,1378,319,12.7796683163151,8.65967232220275,12.7833503184372,10.8797671729875,12581.7012899497,602,15033.191151344,7.59183764936147,1.92066936984966,0.832513674929896,82.03125,0.341871520614524,ok
101.739416058394,147.467801755992,106.790299114899,56,1516,256,64.5172804621482,42.080089290402,64.5408339247255,47.8557606625861,50295.246475801,491,57649.7223278508,5.52932965504033,3.34374739551561,0.886765640661872,87.890625,9.34348587896069,69.1986928104575,123.723717087447,102.596192950663,0,1188,167,25.3149759854826,13.8610286797122,25.3232528892717,8.90966863806541,19528.0478952097,514,21207.3738799597,10.9771741697535,1.59476882296711,0.912404284614664,134.765625,1.46315132367885,open
19.5037393162393,42.4857002086846,37.7544739957289,0,728,120,20.2454237609427,15.3157500893925,20.2508317218754,23.9493029086849,20517.5091679494,674,28671.0841673427,3.7673560808398,2.63635579838572,0.676601121887642,83.984375,0.803144021761648,119.420138888889,128.528229533582,47.5357116185021,140,1313,407,12.5173653303108,8.70152421823057,12.5209885653698,11.6529762095405,13665.4862930149,643,15036.2338491024,6.25543516289258,1.97390202340978,0.904846882813415,125,0.334180011992301,point
169.322392414296,191.168312884755,88.7749944348064,176,1884,314,55.7475645870428,40.2967208447942,55.7675839577203,60.1590447252978,52205.7912687765,583,55246.8042782129,6.11640733504905,4.00212946221961,0.964545687311219,138.671875,6.83726169540165,0.36322869955157,2.77722964198226,2.75491885389045,0,70,8,9.72813195001144,7.07276000974802,9.73358587275503,10.27190883537,5275.69197684226,330,6308.90192869523,4.65089722932042,1.8474379930391,0.818420496081715,66.40625,0.207604834102976,open
2.70246831220814,16.9574871639032,16.7463464892836,0,308,8,28.6259498850613,20.585308807302,28.635502802901,28.8364427679952,22068.7486716547,536,30857.3779021457,5.91515422594008,2.96487763845871,0.694374417228644,68.359375,2.04517095680215,268.396062992126,283.181880008863,90.3435513674985,286,1384,303,32.0042941550631,24.2262286446919,32.0169004840344,37.2032370653107,22160.4090287395,432,30767.3103787588,3.99108556056167,3.23113492727576,0.693722939038285,99.609375,2.1004888409806,open
20.6834935897436,37.5244898665337,31.3219817968019,0,872,171,60.8741382739457,45.7039434881713,60.8985315413465,69.8440513746817,57634.871772806,566,57038.5214732378,4.5772410631186,4.27609996536501,1.03514836376335,126.953125,8.99216417040939,48.7651376146789,66.8748111546678,45.7834552064629,49.5,600,131,7.44071163081761,5.69279852353316,7.44412692918252,8.80118242854723,5678.12128633262,440,6205.15039065115,4.25593534715517,1.7650634491931,0.921258949643874,74.21875,0.113117999162807,open
339.512254901961,378.03478740745,166.298784644436,438,2055,408,13.2260191275268,9.85735491062131,13.2292589054528,14.9371714521503,15258.8183615687,733,20109.0040176675,4.96077659534838,2.1847277080949,0.741738566979738,80.078125,0.396141141682018,344.878878281623,365.541497665468,121.19368589112,387,1924,342,5.62032403076527,4.17654532966057,5.62199777299514,6.22405790901097,5500.18894030928,556,6999.88997251111,4.22853998327362,1.48725668723602,0.779746369511062,62.5,0.0699596994463359,pinch
489.32670313277,498.082840661183,93.0064255952825,520,1604,230,42.441380498087,32.2164845325666,42.4519364638575,50.5927200170791,50205.6030394941,775,64787.3503949914,4.04635019336677,3.68542287603188,0.766231441369693,109.375,3.65338396372258,150.71220492215,163.825751779927,64.2400260855141,175,2048,500,16.0154328233237,12.30435224119,16.0194558270728,19.9843511364051,17867.7821239185,703,24497.9653122093,3.64029397363082,2.4269472017689,0.704133248851847,93.75,0.501201732484286,pinch
497.429594272076,525.143734538668,168.411116483826,585,1656,240,43.571477634386,32.6839147479703,43.5888118292241,49.0152927433673,34012.3822589172,502,41083.6808381987,4.23853745231557,3.68834786802443,0.799598900558683,74.21875,4.63075641201288,193.101351351351,209.354070151954,80.9105923486923,231,1137,201,21.295690316506,15.8779242928554,21.3046890929016,24.2694958174017,16303.3382614894,499,18799.4623627408,4.28874118121166,2.66943387508811,0.844621983889259,82.03125,1.09365685328238,ok
0.758240073585773,5.56232370872331,5.51082323594373,0,244,22,10.9163509496395,7.77666186429789,10.9171834573588,11.6283601351306,24962.0702479698,1593,50727.1653408151,7.1468139979863,1.97142929288693,0.453956311369853,47.36328125,0.198776391503913,65.0329368709973,119.822318134592,100.646160731126,0,2870,310,3.71100047287649,2.10014448543431,3.71128335174846,2.44631447052856,8408.71475906567,1603,13772.7475354782,20.4281875681225,1.01874921879746,0.670301780960354,49.8046875,0.0177054601640841,pinch
108.234288354898,218.170591777286,189.473839209291,3,2937,279,31.7031729227385,23.721701038108,31.7104606666697,33.939627915123,27229.9526391261,620,51333.7610464658,3.62241020415451,3.13622759268273,0.497397693838757,50.78125,2.07782812954568,420.213747645951,495.524462026895,262.673530071405,575,1780,120,35.0884377191966,20.5428093430889,35.0967004468349,18.484825684092,25368.8723235157,610,43632.9270447209,9.38571481834516,2.37673829604717,0.518457359134157,50.78125,2.4816352613876,point
228.729666196521,244.356066356089,86.0006058907506,269,1494,381,17.0904749704386,12.5325919359551,17.0944936090822,19.1722270814976,20465.9742438983,743,26656.8230477765,4.31439519214173,2.30121645508923,0.755729138133169,97.65625,0.611492474641777,73.9392138939671,88.8750252303155,49.3241794210423,87,1412,448,2.16485768715437,1.4993644848726,2.16535247752296,1.92488108113774,2694.7876168871,627,3280.60949290126,4.9257039964571,0.868233126208463,0.873012681194032,95.703125,0.00893199033379413,ok
467.653419053185,474.197858494305,78.5333894703078,482,1541,357,33.9614827372684,26.1507359792817,33.9714114403393,41.0199400466018,38051.445100409,678,44743.9092605511,3.77800871300272,3.40655471897333,0.835082525679495,89.84375,2.39309324944422,255.390296495957,276.745591422822,106.630428273222,287,2180,402,20.5369331218796,15.9577551746211,20.5424703801354,25.3996082671162,22394.3996142385,687,29601.6358489222,3.39054246712279,2.75334971087218,0.730133951674067,72.265625,0.892498786001409,ok
289.579787234043,310.080412896407,110.917797885242,326,1331,294,27.9883332077946,20.9537210310225,27.9989709954023,32.9340360704274,23052.0915156981,502,27575.0968768255,4.7601257283381,3.05642677936464,0.809215894721572,117.1875,1.71599398430593,262.030901287554,290.611538130234,125.731628253432,327,1440,254,19.0586069935641,12.5508597796554,19.0667917706649,16.2174478854171,11314.0372542841,433,14621.7516432986,8.56384742395985,2.23993102904263,0.721753853160742,87.890625,0.813630201927675,point
333.195063694268,439.062053696005,285.949972482293,446.5,4086,542,12.8577932246071,8.31826611166683,12.8586463142609,9.0716143939383,41203.0352084866,2248,62686.4534175212,7.8174997983154,1.87344581674518,0.648223427737225,49.8046875,0.312370876524627,277.627568173328,404.816172918408,294.635158449936,35,4048,557,10.5673811817782,6.37818989087976,10.5680390543516,7.57497433798878,37165.0515740091,2429,51223.2430136553,21.7740777159815,1.60146422659617,0.68964082812493,83.984375,0.174657162673447,close
259.854509545754,273.084409659742,83.9962702549278,291,1585,393,26.6131522687499,20.7047370822965,26.6219164123197,33.7358937180981,25869.8697586235,554,31450.4956280084,3.71326194685907,3.08028720395675,0.812050020876399,113.28125,1.6639300948868,204.264218862491,218.371772675664,77.2441301486328,230,1121,252,15.1023720209783,11.1327415374962,15.1078111716755,17.2899285624536,12555.4040506272,554,15463.3779955822,5.37243268574057,2.28490616921194,0.77149350602612,82.03125,0.509383392604664,point
179.314314314314,229.065776863612,142.610886805237,151,2011,245,34.3931886494821,24.1464716280007,34.4104085442181,33.0936000050656,22125.3298382913,405,24122.3251563727,5.73042100151288,3.11921097672745,0.922015589510574,101.5625,2.27601460352193,0,0,0,0,0,0,11.811002615473,7.12793467888104,11.8166631667785,8.00147907684672,6260.95883502641,372,7441.56380475181,9.96345915634772,1.64595441583143,0.819531086531815,109.375,0.293971362448709,open
467.712432432432,509.524413122244,202.193735461426,583,2042,319,12.8306776218248,9.67504843508666,12.834136329052,15.0077532741259,12900.4666882163,607,17898.8396049103,4.41396363175005,2.17948644108543,0.697769420466172,78.125,0.377581474964449,152.045428407131,177.419145504338,91.4579185717659,186,1224,293,5.41496451281447,3.63417119841821,5.41652201994578,4.89562804240085,5073.16643868136,619,6319.82371404927,10.009324952196,1.34838779376518,0.755463935235703,99.609375,0.066513027656747,close
279.657072872015,298.210519228149,103.576082557443,317,1548,343,33.5552809376368,25.5489055781423,33.5655302236443,40.5294908537221,35279.4757981177,631,41721.3628091064,4.11565546078513,3.36457326675631,0.835784320888001,136.71875,2.3465250147595,293.602766798419,313.721874215046,110.575242664424,335,1684,378,15.4039969585883,10.9835013574096,15.4090731739603,16.6066150580963,13407.6003911938,589,16672.9550605478,6.23445099161365,2.21686845312151,0.801656931691637,54.6875,0.54637237096815,point
367.049361702128,380.00769869021,98.4320221204634,411,1971,271,55.3663470915389,40.4626383008824,55.3899196118082,60.920975605789,44651.212150293,503,47543.6000035368,5.27419110378257,4.00204419045573,0.965137743739318,121.09375,7.08923295179195,19.7909654561559,41.099912826753,36.0370754200377,0,396,64,15.6951307487362,10.5942786702951,15.7020792874675,13.9997745278982,9888.63561623825,454,11960.9406187631,6.55060474632054,2.11527094213831,0.801226733148898,121.09375,0.556611154078451,open
311.279455298993,330.65620656358,111.561626480706,359,2084,382,36.907281839406,28.0735361009468,36.9182107682108,44.7806617715303,40206.7618337224,664,47416.2024744992,3.61701622866621,3.39953008828402,0.830209987661368,82.03125,3.12898388036802,0,0,0,0,0,0,19.9036672914353,15.014455268096,19.9095960275053,23.6079527054252,19129.3159309035,642,25209.2703951332,3.99092129754074,2.56671243253935,0.733661549677237,66.40625,0.931498154548218,pinch
304.936624416278,351.821013230071,175.534143783267,390,2766,347,23.2625318251089,17.7669958685228,23.2702845838565,27.5881658116168,19030.1866758579,519,26632.7268069156,3.90329941320538,2.85971038127567,0.684312761096702,50.78125,1.22162628297079,62.3333333333333,81.2200087097682,52.0897206379436,68,1236,281,15.0047837100399,10.9665380972014,15.0105714764313,15.7912647401988,11275.6315379136,493,14212.633373973,4.34772356505344,2.23441430407097,0.76097031572009,48.828125,0.475041093676218,close
214.754046997389,237.140592422328,100.606388103016,220,2316,408,34.9168799496821,25.120136052662,34.9259962366657,35.925754016175,39216.778958493,728,48105.0605408477,4.73467247810384,3.12549826397907,0.815596757442691,109.375,2.91558732856459,27.862143474503,102.399587175729,98.5574662641377,0,1120,41,15.4364482597722,10.1537151679567,15.4397847752993,12.8687859998234,16621.1670936109,726,23495.6968986517,6.5341023237723,1.80720974653353,0.65022657975124,71.2890625,0.508021786881303,pinch
216.327272727273,327.887743795138,246.415961657429,0,4642,808,11.0052036835845,7.12189939509113,11.0059235189787,9.24525653387514,37188.3114521946,2178,54446.9208754717,20.1078978233148,1.80855617088176,0.663074147166784,94.23828125,0.215666190039894,40.9943260448381,81.9218665713236,70.9320360586686,0,2042,417,4.15487638234268,2.26480682339575,4.15516223243297,1.61581793268164,12810.4596745179,1932,16365.4941058577,12.7023315807401,0.926733085322952,0.829405155222227,49.8046875,0.0315789076726789,close
474.567643742954,485.534260416638,102.64018760748,495,1720,385,31.6137843601891,24.1155631954942,31.6226982963851,38.303686746683,32212.6522815251,630,42781.0091088067,4.00920709952699,3.25046919511676,0.708587452952174,54.6875,2.06650630368942,188.044633368757,199.633402059508,67.0455035668793,194,1343,349,11.8666254674167,9.05608900172543,11.8697788128937,13.9749504133806,13941.0125310509,726,17043.5595012473,3.79211303219778,2.11615732115785,0.813983474106678,126.953125,0.28168674584434,ok
17.9227941176471,61.2842041350835,58.6228019413501,0,745,45,45.6133525959555,30.697537158891,45.6273210973612,38.824426525926,44452.1983789782,609,50098.3806433101,6.17511267062234,3.24553217672323,0.894256527747156,128.90625,4.3805247030884,8.88573315719947,33.7689425289635,32.5896722318167,0,716,35,13.5132085488738,8.48330517564787,13.5176728905143,9.82043827538678,11350.0122794564,557,12843.7240359309,10.2025735163984,1.72231049473895,0.910316539251838,83.984375,0.363493347576782,open
103.007498897221,128.507759982917,76.8524878346297,91,1795,416,80.8071732099417,58.7330938206984,80.8249844680455,84.587795226176,143922.080600145,1092,133147.923691523,4.91050833868093,4.60168631378336,1.12478803177999,95.703125,13.2047739900949,0,0,0,0,0,0,10.1454699670911,7.05717654539272,10.1476845668686,9.68054567818017,12172.4922030472,779,16146.8199358586,5.4634119668292,1.78267706757122,0.719408952054747,58.59375,0.203816455992777,open
70.2791638570465,77.7381968023241,33.2387026474614,75,2422,499,13.0268526364873,10.09097916871,13.0312430327832,16.0378953992777,10910.152243608,517,14964.9221071969,3.69351202779784,2.25599703424467,0.696842502224443,62.5,0.367275708009138,42.2631578947368,50.9868999607873,28.5313640801399,57,853,240,8.66304629123724,5.91691918938539,8.66596899262178,7.52458453690643,7208.25882917192,498,8768.87423866915,6.41157001256288,1.65423475706197,0.859811403735982,74.21875,0.177630180331668,point
152.649032258065,157.358370524715,38.2213582055683,153,1455,312,23.0411708154061,16.3158019247841,23.0486055314022,24.9582540326064,16365.6251134108,508,25289.4929834154,9.38806191704681,2.67415947301927,0.587585546283146,50.78125,1.21119096674457,242.93476798924,282.901944891992,145.018453071166,290,1830,369,36.9545666188183,24.7624971809178,36.966998583276,34.8642177212306,25176.6206438792,488,36821.8333080248,14.3509909690909,3.10351373528348,0.675319518512518,74.21875,3.24791919939771,open
250.650977096029,360.320982373087,258.881016452496,112,4488,623,8.12455064805548,5.88669168037712,8.12540397641441,9.02639161708249,19736.457634659,1376,28014.7657069147,6.25731912413235,1.75383865122246,0.73747534130566,49.8046875,0.127787463245174,140.202651089643,203.556518802244,147.591893453518,44,2428,448,10.1740148089214,5.36400604091505,10.1751578678591,2.27822718543151,19183.3892636784,1305,23875.1908881129,11.2924306852645,1.08772105392048,0.791064983502836,121.09375,0.173494815308699,pinch
382.218181818182,392.563681656676,89.5584384590652,417,1424,291,38.243425696848,30.0376066629625,38.2558188847908,49.4903542812142,37566.0918594156,602,46257.9142609622,3.12413762441303,3.61661440107304,0.7884735544563,70.3125,3.07335919401362,3.64750957854406,18.7658489848609,18.4138339661727,0,294,25,20.3852015719142,16.2285185275995,20.3916740069572,26.7469066364458,18481.1751991828,599,25413.8600142209,3.00020139045336,2.79917318639697,0.683621443133316,83.984375,0.837223626213281,pinch
340.879548306148,403.864658622559,216.650045535549,476,1625,232,11.1938434020369,8.6619454894963,11.1973536670071,13.6290227182417,8917.33900910917,461,13807.1411102571,3.43589057427344,2.11443388294433,0.618116451435057,50.78125,0.261926995875961,68.9992319508449,88.1119548634676,54.8190721202577,88,1276,302,4.71103792077671,3.32675564002816,4.71283972742591,4.50635705909733,3474.11180983658,403,4331.43584331666,5.54615380868737,1.28859067761091,0.793527577855053,101.5625,0.0538934487692453,close
456.543239951279,476.688990672812,137.143356460831,539,1656,364,6.64926763997765,5.01581537654852,6.65060812659326,7.70875377768498,8449.60842954919,737,12353.953272439,4.25555164502452,1.63686399167247,0.662162393493106,49.8046875,0.0976261899265186,299.603168155971,358.31478871906,196.578547335065,437,2522,452,6.27493123011424,3.8856126777954,6.27620586353649,4.90115128842526,6926.19192572794,744,9566.37841273227,17.3261403442195,1.36549783364936,0.682613303018439,42.96875,0.0826278013006009,ok
366.285800970874,379.731416164544,100.18358493684,384,2190,383,33.9345289217581,25.7652388273687,33.9448205124334,40.6072398467247,36829.6307202036,701,42461.1135875036,4.59479086744927,3.34963421679972,0.857097978392795,103.515625,2.49553663503393,16.7907117008444,65.582667287113,63.4159586562198,0,838,37,18.2367951065446,13.6758409044694,18.2422866228965,21.8482949850135,16756.1689917946,617,22674.5442196102,5.01087658135829,2.55438912563185,0.700359508667644,72.265625,0.697632041596816,pinch
227.019055509528,234.26226106525,57.8266879469004,243,1122,250,20.3450384880781,16.0532581998335,20.3534640752251,26.9495796058919,15188.3052033851,449,19376.282647199,3.14694153813587,2.76490075722917,0.764072255703266,50.78125,0.860523586513129,0.106365159128978,0.699964105325208,0.692125281668286,0,68,19,11.7789634789298,8.38291720740104,11.7838950567943,11.6834317617392,8053.68445239367,457,10009.2031456368,5.90142503939791,1.97936068954679,0.762281370004749,78.125,0.325415541451203,point
336.378360655738,401.294638495515,218.902734734433,390,2006,272,64.9041554675561,44.2423895795458,64.9254422745816,56.8612676199896,63965.5242957816,661,67469.6441088074,6.78835362152321,3.94920408460779,0.982978095919579,99.609375,8.89594865445094,123.203344481605,178.615352495683,129.366048172867,86,1190,219,12.2431926987561,8.04121935988258,12.2472893693448,9.34290908018086,10214.241957273,542,12021.6229430244,6.05117784806314,1.73742316937761,0.833683955823249,121.09375,0.319637674003694,open
510.324513230155,534.842797252931,160.120295478668,584,1616,250,30.1682323785887,22.3924640679252,30.1757534406524,33.3095574731474,32413.2795797903,718,44852.1055280541,4.05427744297597,3.04882429072003,0.682817194971097,82.03125,2.10912438023022,36.4310430054375,68.6104941035766,58.1536818049167,0,930,179,7.71938708824824,5.58887104129142,7.72129410434751,8.51420757243168,7920.26279590482,621,11306.2861165325,6.1965469908333,1.68957627566503,0.660142891291072,48.828125,0.132388235598977,pinch
126.032290114257,148.142543230343,77.8786743790179,148,2378,409,27.2029726324684,19.5964447248775,27.2097319733117,27.2220502219162,31000.0738763892,720,39447.6432311784,4.63241422192131,2.82881819674745,0.775688123465897,89.84375,1.73625762341103,129.626553953257,179.631246956488,124.386635518177,117,2684,414,20.3009398690524,13.3355246560205,20.3059889253636,16.9406011430691,21051.8529408762,728,26817.7400832573,7.45064492981899,2.13426606009974,0.762058201218119,99.609375,0.874506246092891,close
438.81679389313,472.382917626304,174.961156075807,514,1608,245,20.1926055072008,15.2698515511543,20.2011001490207,23.795203544761,14597.3292471169,455,18003.1549788109,4.23203836507247,2.67202221867295,0.801313833176679,50.78125,0.894705048673458,150.594387755102,166.866552755702,71.9039165207925,171.5,1350,294,15.2549263972944,11.0030360224998,15.2614164607733,15.1071400436728,11948.1288861964,484,12939.5703624598,4.91017778555891,2.24509272064073,0.921473391024894,97.65625,0.578040428531214,ok
53.2568659127625,71.962317369323,48.4166796876903,53,1130,203,25.4673623292513,16.5072343569131,25.4776449918403,22.3097263793274,13616.9682562046,399,20435.9561338585,11.285917554312,2.5494472156688,0.62538960127663,82.03125,1.57244073425515,85.2,146.936118802865,119.765924640729,0,1100,133,25.8878242239227,17.3754723730475,25.8992807171727,22.9702638806652,14384.0275939924,339,19634.2837815437,7.58706102163568,2.57444886770064,0.785735890312947,58.59375,1.67129814445862,open
442.91953414505,458.410398769891,118.193803989371,483,1465,250,37.3898514767563,28.5980852611421,37.3996557231955,44.8298890138429,47278.94744757,761,54021.7830582974,3.72338001609988,3.49254287608143,0.845119822510107,91.796875,2.91515843355031,247.209841628959,267.221634882584,101.49148948783,295,1746,393,16.6440887331768,12.6153129876743,16.6487944133933,19.7346159305515,19227.5436401758,712,22303.8733622082,4.05950939113442,2.44871184840524,0.833114353300303,76.171875,0.57130054411271,ok
347.466309341501,378.085299733308,149.106274983814,417,1741,304,20.0142169034571,15.2347304040016,20.0218801714953,23.8890868654485,15134.4025749552,459,19896.557907626,4.38438576650422,2.65573787232707,0.74062301228304,93.75,0.895754948382489,99.8985985160759,110.782106792977,47.9044577152411,103,1388,332,12.0577020812638,8.74618051590584,12.0626752730957,12.7779197660969,9895.64415610223,518,10609.1169657938,4.76338816960797,2.00667682811209,0.901389880847465,83.984375,0.338002946001039,ok
580.860586011342,590.453830854293,106.028387012262,618,972,67,14.5657088193533,10.6517643185554,14.5691497052422,15.1081820877371,15079.0163155884,684,22539.1332980632,4.74613463425135,2.23727700186164,0.621980700013859,50.78125,0.439093787886725,423.762931034483,480.425946965025,226.393800078416,548,2080,304,12.4162634096647,8.22945016798513,12.4186967782802,11.8562193052495,16220.7105588721,881,21001.556828698,15.4865729703588,1.94986549990108,0.730732879217742,66.40625,0.282536421166672,close
300.448350071736,363.825329186712,205.255648871213,427,1734,239,9.12846997090189,6.75161712381496,9.13174534062022,9.79975370545921,7330.77091438316,497,9411.75427059805,4.7063728394174,1.84606306292387,0.752138092375328,48.828125,0.172459888668401,72.3290229885057,80.6595210333742,35.7254046547987,83,383,103,4.97509903458762,3.40886714825118,4.97867672490245,4.98811336271095,1708.37635634447,233,2372.57153518282,7.64726699322949,1.36362142386856,0.701594870004424,85.9375,0.0493812199942546,point
381.044036697248,385.165022181307,56.20227365266,380,2202,723,22.6842487705799,17.2029269720789,22.688408181797,27.2148683306423,37819.6011784706,991,46877.975998915,4.65329841747635,2.82565059887377,0.780229631371232,85.9375,1.00205075230896,136.67028704422,143.923005987381,45.1204387673979,148,2088,542,21.3087031991102,16.4639166311585,21.3128194908142,25.9983605547258,33319.5956700651,955,42443.9770751266,3.95124633689746,2.79272596252794,0.760227070140387,114.2578125,0.826938795685183,point
413.771955719557,441.628839337194,154.422793696195,502,1873,274,16.1064068261353,12.2070466795491,16.1123130423639,18.7101349716253,12052.9447514936,491,16540.5482507891,4.18412515500836,2.4101991563078,0.717569040538791,50.78125,0.57235600737684,74.585794094174,102.233321549853,69.9465224018616,60,1212,260,12.1044634073098,8.92492398687939,12.1092964808094,12.8729481700214,10443.377461375,534,11182.9297555599,4.14338399557175,2.05965629506494,0.907903721584354,150.390625,0.318845577294799,ok
109.372956909361,130.664042968271,71.5153700984679,124,1403,283,20.9500147543755,16.0908023699167,20.9577777983963,26.3369627840173,15653.5128955657,489,21658.2199899079,4.09393855454214,2.74863821258712,0.699844093805044,89.84375,0.972618926719071,204.732236350037,227.114083734729,98.3501555629753,246,1272,313,18.7550427370634,12.2244304387081,18.7620598698113,15.8619273498829,14919.6668917075,534,16344.0634965527,8.82765744446002,2.13042825525466,0.901707274924389,103.515625,0.932867181788424,point
316.600797679478,332.016607896023,100.012947073084,344,2426,287,24.437152656984,18.8210802206767,24.4415407527065,30.1028773117717,32470.4421184741,831,51908.5392486264,3.93748942644649,2.93816157140324,0.579201277300503,42.96875,1.15694498035084,123.608490566038,130.634909422208,42.2743788272698,124,1845,288,11.7234247721867,6.34511684361243,11.7257283641614,6.8234449242123,8009.71662344441,593,16141.97725015,25.2840023935811,1.61590584038009,0.462701020476953,36.1328125,0.276739491383659,point
481.514440433213,500.099925935385,135.100022369359,535,1528,312,30.4873127860418,23.3733629535785,30.494140450613,37.288573447253,35369.6482168409,716,51795.3723051299,3.64605458939659,3.21347506893992,0.660014293685549,58.59375,1.8907194297005,4.36440281030445,13.2548431341355,12.5186364281215,0,282,37,7.0924284628454,5.32776091163911,7.09408949957782,8.28171292339676,9729.87488128084,773,11374.7695463495,4.58499956238737,1.66844556555971,0.860325866207889,80.078125,0.106937092933767,pinch
85.9937421777222,108.994000363066,66.989377270874,66,1936,346,28.6979310104332,21.4195760309183,28.7069132134842,31.711810965036,29039.2759527421,621,34228.4824974075,3.91121568200162,3.02105381860805,0.847358796937825,93.75,1.93074546072534,180.729465449804,213.584835011914,113.858653771209,237,1842,286,16.9938108913869,12.82191347606,16.9993520395158,19.8495282880089,15100.5593584964,544,19668.815272276,3.51712155811496,2.40772276398204,0.759761586116111,95.703125,0.637903166171243,close
1.43290734824281,8.3087389999908,8.18751873301051,0,182,7,88.1183916192493,67.595073543753,88.1536026172731,105.111385547802,87331.9111829395,567,84629.0320767787,3.66000269963648,5.05900513288634,1.04874991177578,130.859375,17.0899443373111,208.455484896661,246.97589559463,132.504190075458,218.5,1574,251,16.5035503930495,12.4006525416072,16.5100844585271,18.6960248166948,10672.3002083541,445,15600.0208973419,4.5809042233022,2.43896575042446,0.632789264747088,52.734375,0.649061161327088,open
116.709134615385,144.282875203272,84.8833673556987,127,1333,129,53.1411809183031,36.749283044618,53.17313570853,46.1590481508123,27988.2710180821,372,30575.4034931222,5.5660781000714,3.63319074372592,0.939405769300368,105.46875,6.46535751478883,27.5128205128205,47.4594293675918,38.695759948486,0,856,97,12.0979828457573,8.28746762512489,12.1057425122104,10.1371670607379,5452.69991309261,300,6464.22474759742,5.36114245176503,1.89093287972331,0.833639986902759,74.21875,0.358684384553814,open
55.3223529411765,59.4699726505639,21.8329042287143,56,1549,320,22.1066703892219,16.617747128131,22.119683260437,24.9248187015203,9865.29461978624,288,14125.0850589114,3.51340325671637,2.65723370563683,0.67936368402873,82.03125,1.08506237377635,95.6854521625164,112.646805335498,59.4830586230088,131,645,159,11.8103478544511,8.53219307575429,11.8180900811338,11.6348764495685,5728.69308744842,276,6510.06331680053,4.8655716692251,2.00838610223364,0.934032624511198,85.9375,0.34735787266462,point
59.6216790648247,80.9691167952417,54.8128277204311,49,1427,286,21.400722115456,15.7761729797581,21.4120730551352,23.3079262334429,9570.80675357147,307,14845.3787739524,4.05057730331245,2.57593433497626,0.600926599640956,70.3125,1.10350986760835,55.6733021077283,78.5206382572028,55.4036858623795,44,438,118,9.32673575361223,7.11733942406329,9.33219968827923,10.9723244041988,5404.12174853503,323,6078.20786815005,3.79645421337126,1.90945655634925,0.919387917750255,82.03125,0.178519250849074,point
187.463869463869,198.240582806167,64.509507227225,185.5,1658,248,69.2209659462433,49.6014539186229,69.2613396255484,70.1737479218912,38984.3648033662,372,42558.0474621785,5.45743167732223,4.31587966201041,0.959010657480808,101.5625,10.98171202524,24.3517647058824,42.5109951175264,34.8655472745314,0,280,51,15.5319409729705,10.4201614507493,15.5410832485409,13.5359862942667,7763.40567270894,338,8857.13723313691,6.39776344271208,1.9601797292481,0.853759653614168,89.84375,0.505601385973472,open
476.149122807018,488.62735979666,109.755443474439,506,1436,355,34.7175351904056,26.570542465746,34.7284153212419,42.9611174624955,35766.6612823587,649,42406.5857753305,4.43442692589019,3.42232906224761,0.82170806945915,87.890625,2.65072373819007,245.548886138614,259.733401731944,84.6854319022317,271,1857,445,20.6766035467339,15.8521961981036,20.683003478124,25.0906617914062,21400.5167767167,638,25617.1490561355,4.25398115156327,2.74066868546395,0.811813006881902,83.984375,0.9325003756082,ok
272.264106583072,291.545367671411,104.304764601121,291,1564,267,24.3894878761117,17.9880960080187,24.3990489034495,26.421985380957,18329.8698957221,481,22952.8105062318,3.92577235437702,2.72574813248276,0.771148406231402,101.5625,1.50390871385475,163.108363636364,214.465956611893,139.303342712903,222,1122,192,14.692620852265,8.85538928661461,14.6979662658395,8.83034210194099,10626.7836970417,517,12176.1602690951,10.4416359933889,1.71983565937315,0.823450566311615,95.703125,0.56195051001592,point
161.949669547534,174.151055807717,64.0545133476645,152,1880,479,36.562711406054,27.7561966158999,36.5720070201696,43.0861250177962,44659.9043966327,766,54596.4387434751,3.99620356075769,3.45506653682611,0.816658837578886,78.125,2.96250659542908,31.7816683831102,52.5084270613906,41.8086181297572,7,1300,304,5.46311400266954,3.86530499642248,5.46452093465151,5.41674477328752,6058.05680599723,694,7506.42230305246,6.04707769743242,1.41551442665999,0.777806797114855,107.421875,0.0684307577596821,ok
416.088099934254,468.153558959665,214.60099511875,535,2110,386,11.2976081564476,8.34501435128755,11.2994646244479,12.5083545819779,19023.0099897227,1004,25385.5336566167,4.90496716787576,2.01767272341655,0.724601315586584,49.8046875,0.244477586615322,367.635251322751,419.010075597689,201.064999934219,474,2758,590,7.12836029643189,4.82311284186212,7.12953921713244,6.52241454331547,14095.6272317234,1090,14585.093233791,6.17687258504471,1.3499286274908,0.993235055569583,122.0703125,0.0960547800049726,close
466.857363542739,484.031360428718,127.823994077712,527,1394,204,8.32151978711891,6.16723096020987,8.32365475236558,9.01025213627029,7337.09103654353,533,11976.7625247276,4.96323633157626,1.77626410769642,0.599113012489061,50.78125,0.157975102754374,299.158056265985,323.958151444701,124.34327414988,339,2282,452,6.84544923272927,4.48429352640631,6.84719976273528,5.7813832552215,5600.52675859549,547,8766.79384412434,8.54196602175064,1.46730307957678,0.595314884950089,64.453125,0.100327795139848,close
331.198892843021,363.485813662496,149.793532689107,405,1896,437,8.74054374166256,6.21623009334573,8.74226701565419,8.93601299031194,11595.3252256621,826,15720.8459060713,7.2356085888217,1.76232148827572,0.711623404389148,49.8046875,0.144169093814418,330.879255560599,344.499723460508,95.9330769847104,362,2131,507,3.16806734261178,2.38725872729672,3.16878657439736,3.68490370176253,4055.72431098324,690,5259.13097623468,4.01565773993808,1.17556278442515,0.768421551218387,85.9375,0.0213444967439774,pinch
116.435634328358,190.510892566717,150.823583051979,83,3030,203,18.958707948325,14.530989399482,18.963130422446,22.6009888777411,16643.7423476353,558,31154.4412724894,3.86766123557073,2.62728615556328,0.503040146312237,46.875,0.736766219490427,367.626398210291,465.378733931328,285.420123398599,579,1598,69,45.9059140891046,20.4580605548477,45.9161866173111,13.2003567284258,27741.2033600823,615,45723.7653400847,39.0728167420873,2.12435343276233,0.547596535786322,64.453125,4.0270408765242,point
489.213736791547,514.204051361052,158.391211924646,544,1278,269,45.1960536897904,34.0060098175499,45.2068839681115,51.7779442725601,51543.7207037278,776,70800.512440139,3.81439746344522,3.6997815221138,0.699573180195292,54.6875,4.39722435951689,0.0364963503649635,0.708996755300589,0.708229127776235,0,38,3,10.1484703567983,7.64626436460107,10.1509385344737,12.1217097943881,14098.9563561403,799,15713.0732692552,4.01999498384628,1.94102883432108,0.897419238037233,72.265625,0.21543661534426,pinch
456.545215100966,470.254854968663,112.770831670989,498,1034,215,36.5303139613871,28.3614753106618,36.546360589557,44.9403540012371,28417.4573783983,454,32303.7203788438,3.58083733382974,3.56967517109866,0.854488378595064,85.9375,3.05032385186499,150.239460370995,172.584622545845,84.9684875478212,200,1052,271,18.1388834439737,13.5801783002295,18.1465120024943,20.3919750992321,13708.2678325561,470,16106.0914640722,4.05383977707288,2.48994081550093,0.825575892769974,62.5,0.80307300065056,ok
100.879380053908,107.053545435434,35.842404442084,88,1138,289,30.8170394490651,23.608697698939,30.8274229621284,38.4201184546091,28051.4976813218,569,35035.3073852254,4.24647507917778,3.22821592477184,0.779216953681891,50.78125,1.97250050679994,154.428571428571,173.835468027504,79.8406441942106,193,1418,316,18.1942959961849,14.2231713328619,18.1998824621994,23.1816414747616,16765.2311886001,585,22998.8680452376,3.43050937107419,2.63948258264868,0.718041016519726,83.984375,0.735562542090746,close
64.937558685446,84.2660246528702,53.7143458611767,82,1470,394,33.4308347705853,25.0978173813444,33.4386851126202,38.3685446527119,39229.5318889368,763,53458.3510222635,4.21059420039666,3.27455309451488,0.721920272370602,50.78125,2.57453638301686,41.6257396449704,53.0265879868823,32.8580158247885,49,1540,445,3.60833727819312,2.60013824405469,3.60922723478913,3.81455779549263,4739.83717114471,726,5273.08035894291,5.18506887926959,1.1596460810401,0.92276964075129,107.421875,0.0259794642478889,ok
325.461538461538,352.793209522932,136.220056282815,382,1825,246,57.4867938566547,40.8962270152384,57.5147852407462,53.1363278105797,39894.160669398,430,42000.4251446498,4.76832003597474,3.87855142040212,0.982503729691627,136.71875,7.25369233101325,76.714,101.860208128592,67.0444566177038,90,648,154,21.5681386745259,14.0563625699609,21.5789307781637,15.9677519408686,11009.0147580533,352,14056.3625699609,7.15128781828747,2.23311872722679,0.729935754400484,128.90625,1.06267511609128,open
406.66935483871,424.030854738908,120.119382540029,455,2065,416,17.1468219103342,13.3037408027765,17.1506596590573,21.377742250584,21980.9778589025,736,29693.949471797,3.71058480313263,2.56754315420971,0.711445279546144,52.734375,0.583958631856053,105.135610246107,108.895618141535,28.3754032599999,107,2152,550,14.363628805803,11.2408906413368,14.3672373044913,18.1486468339002,18717.6442652891,775,22380.6132669016,3.37198715359921,2.3702324602211,0.811950438476703,70.3125,0.431557628501915,close
406.372670807453,455.644813723685,206.133557018327,525,1966,339,23.2031769677739,16.7764106807642,23.2079820973656,23.7258303046611,26558.9950545963,761,40515.0317940455,4.18184780599804,2.59577666231362,0.632331489640459,58.59375,1.08049159613598,21.4349722442506,50.0339416913526,45.2188904171103,0,776,160,5.19281487022575,3.56456055996261,5.19384467835674,4.45523384724072,6702.62378197326,730,8989.82173222571,5.34752956781946,1.27391131294619,0.753752869322727,71.2890625,0.0513959157337808,pinch
276.621074668528,306.226703829323,131.406336110833,341,2266,297,30.3245361874176,22.7749724221138,30.3351186825379,34.2705527355056,28021.8836835565,595,32636.5354808891,4.00628207437116,3.16093347878071,0.866572205821547,99.609375,2.04214012206956,70.8143884892086,94.7268242000205,62.9392047401799,89,1450,186,15.0464552649168,11.3775497184922,15.0518696460714,16.685228871201,12094.8142320892,473,15814.7941087041,3.80108325023311,2.35181517082478,0.759146771852344,78.125,0.449974621632035,pinch
305.1269751693,369.234149590035,207.980280238647,339,2314,145,35.1109003886345,22.4257374508469,35.1207960265899,29.1308806905696,28187.6098518455,593,39738.4067629008,14.6220603401006,3.00521799152731,0.738055065257517,74.21875,2.91633011678804,39.4060039370079,90.393483124275,81.3720296637377,0,868,49,35.2265922699506,18.7379101688259,35.2352623741522,16.7694800263775,25849.1468582352,613,38075.4334630543,20.5252083415895,2.35265335098813,0.589864181161566,48.828125,3.14680026152351,open
1.83042173989765,12.184823081789,12.0470857398933,0,1012,64,11.1511607482742,7.83209983023969,11.1516522906887,11.6125433678853,43235.0690352956,2741,88769.0194759367,7.93535547350125,1.97118289170822,0.442985681633424,50.048828125,0.214054563452949,55.931993006993,115.435975049654,100.98498861065,0,4130,424,3.43475328755203,1.88980735345458,3.43490337871321,2.17777375073848,12990.4475952778,2770,21619.3961235204,22.3926553746449,0.972407503855539,0.634721525838038,50.048828125,0.0213403526348621,pinch
426.44282881692,465.165414864136,185.871491037093,524,1915,300,20.9273024142483,16.5422826761681,20.9342186731788,28.0729123403324,17483.0620868514,483,25028.4736890424,3.24377943452895,2.82037548182588,0.684032284766255,56.640625,0.942779382483635,147.925925925926,154.911116793728,46.0117280461872,163,1148,281,18.1437969840562,13.8052077369063,18.1511056172443,21.439525994638,14643.3131157199,484,17146.0680092376,3.64361941874528,2.53770926726666,0.828841106763925,83.984375,0.724204722796364,close
366.973723723724,405.005620396251,171.379297897678,462,2492,568,8.99780018123125,6.58065863421894,8.99948929617394,9.68970724095972,10874.9942072092,768,17530.8746015592,5.93880458574852,1.84225237151738,0.606374295039942,49.8046875,0.148444122139463,319.753375694996,354.083541678639,152.125355861637,394,2144,452,4.89623084825458,3.49749118384524,4.89720235216642,4.82832035932304,7563.79161656907,840,8806.68280092231,5.53978483840304,1.34973756875821,0.902597700261552,108.3984375,0.0520307031599827,close
195.382513661202,318.928552797672,252.095116166726,0,4286,544,8.92555602549201,6.18006356642149,8.92631811997585,9.15619073477997,21994.7058280239,1475,36190.4522449642,8.98668071742444,1.79638657651114,0.651498260666379,49.8046875,0.155094710654616,88.8847122302158,155.312414903064,127.374927702937,0,2340,395,10.3225753126893,4.96250943040335,10.3235037259973,2.27887217121776,22193.2030976729,1475,27591.5524330426,18.1394840606601,1.16126623788759,0.799449064820505,104.4921875,0.157214554809843,point
343.922889362999,404.073673200781,212.146875527403,474,1863,461,12.2236061774719,8.99753615171899,12.2254693845597,12.9033774469495,20486.0896166629,1011,29520.91611379,4.33232293766294,2.06645664320216,0.671101919583001,49.8046875,0.330180602305982,270.791928251121,335.517524531229,198.129948342098,386,1796,366,5.03827627027864,3.4287753310281,5.03902954461523,4.37415271732381,10431.0403433244,1137,11469.253482289,6.37630741779964,1.24726930162839,0.945739490854366,103.515625,0.0535388059176252,close
229.951055121198,340.278602170228,250.825798723587,58,16872,3119,6.9311396268485,4.60084874359837,6.93122456617799,5.89283047938583,110051.426039167,10235,187719.229587557,9.07803264133057,1.51374960503205,0.592222511840359,49.98779296875,0.0946633594917586,167.983610922824,266.077280552662,206.348386163748,0,21292,4390,6.06608675334263,3.90926225057603,6.06616017820178,4.69658120760507,121179.326556208,12056,161483.805046794,12.505162850125,1.34701223613176,0.746615464450826,49.98779296875,0.0783977231048965,close
369.372867587327,415.845994504468,191.105321180649,473,1509,282,18.336386027617,14.0774969776981,18.343822387795,22.573592054002,12931.9872722482,440,17329.3987795463,4.01230351624081,2.57087681990487,0.725070153773629,74.21875,0.721703415333025,83.3933987511151,93.1085713885273,41.427987338948,97,2043,350,15.6168071207597,11.0899769392383,15.623773769312,15.6299646363495,10998.8995591939,451,12431.8641488861,5.37589293069494,2.19218260463329,0.859530693791822,66.40625,0.604332808492292,ok
0,0,0,0,0,0,13.1186430451684,9.43634755775763,13.1225103226267,13.5169820528708,8115.34386477848,420,15956.8637201682,4.9957693563284,2.10168533720796,0.484842568030268,44.921875,0.367106921074371,134.193225558122,177.965637928491,116.937904124128,103,1245,97,4.94207020789142,2.9052290186971,4.94397356639167,2.86699702079616,2796.02992935766,365,3773.89249528753,11.2812970021121,1.12512471293315,0.714505795142425,70.3125,0.0554099899637257,pinch
261.445563447472,349.016420202661,231.22358600191,232,5443,1380,5.47615909718301,4.08398806792508,5.476449382431,6.16464642281173,23443.0959536381,2514,38524.2594447373,4.54039506256591,1.48609364757567,0.591607677377859,50.048828125,0.0575619388336157,195.903229199537,290.792033112172,214.911119996859,0,6132,1202,4.19630647031516,2.50803456667929,4.19652709036806,2.52560625048996,17370.3113477675,2547,23843.88462542,13.9853101625632,1.0638520132909,0.746352309342573,50.048828125,0.0306190382313303,ok
299.867146101438,375.289966620715,225.673833787022,432,4516,991,6.76945556070801,4.73430804451944,6.76988198621703,6.49267052765813,23877.9549209933,2080,37524.1255608611,8.18665190339304,1.57077602718355,0.661960766461975,49.8046875,0.0928158368259802,221.825803981623,284.30930226025,177.845799575372,338,4374,1095,4.21128471568344,2.61975601444975,4.21155343523052,2.7422734222557,17477.4674439465,2345,20528.4081292283,10.9145784238935,1.10776104858856,0.922440275225085,49.8046875,0.0345115292643184,close
366.254078303426,384.673102781131,117.630732691106,412,1895,409,40.3848349651301,31.2210033864967,40.3930717201197,50.6245845787605,64112.6204263113,936,76553.9003036898,3.44283732683018,3.64427834404468,0.818702428381564,68.359375,3.27115258964998,11.839850249584,31.3847427879677,29.0718350782565,2,974,257,15.6223032971717,11.7479004383005,15.6255531338425,18.4745258412046,25673.7746235525,950,28241.9526536745,4.22865947862383,2.33536523757252,0.918159100039229,81.0546875,0.471899481891647,ok
252.236389684814,361.993879461944,259.667298419925,108,3576,676,10.9558623482647,8.11159754640139,10.9567313096981,12.1926215068485,35922.5059278441,1914,50957.0557864935,4.66982069205506,1.99875099476294,0.683911896073813,115.234375,0.246250004945017,25.793991416309,52.6662125453869,45.9211067353404,0,1984,457,3.08646322904758,1.97228502757029,3.08671796763612,2.19623544303075,9070.58471493292,1723,11948.1026970208,9.8101223322016,0.976380034152548,0.784626449635761,49.8046875,0.0200565161929137,close
0.356794425087108,1.5469425842238,1.50575864714623,0,32,4,15.5278743437297,10.9323197279943,15.5332627045369,15.3887735298671,7663.98747682991,353,15687.8788096719,5.748133202841,2.20851578785761,0.447611209617554,52.734375,0.525749991477625,109.936807095344,165.339421096466,123.529273076126,61,1400,124,4.36427816510579,2.73580641942162,4.3654881757355,3.17845634102595,3429.61902232542,514,4935.39478063661,9.54064579939938,1.14492534221671,0.71251623410736,50.78125,0.043763475959706,pinch
487.723813112283,498.485212200137,103.038775605011,516,2246,580,7.01869475533432,5.39505080101743,7.02001145530747,8.6564216120568,12543.3862464852,1001,14318.4648259003,3.95960770715973,1.70693512797797,0.862646881200902,49.8046875,0.101776240807564,95.4955823293173,96.5864117759793,14.478013579978,95,977,321,3.50233814652743,2.72727546157566,3.50304079707628,4.44428414280775,5531.94293915793,858,6790.9158993234,3.53407207779924,1.27870907396468,0.833099361243492,49.8046875,0.024761227292052,point
450.042883211679,483.273698917801,176.190792664159,532,1284,213,21.5323702738889,16.5754707781311,21.5422001454261,26.4198039613194,13812.0238681034,403,18166.7159728317,3.67088638713123,2.77965695879006,0.725099327407124,93.75,1.08720505352693,29.6606704824203,35.1778683305001,18.9214107772685,38,1102,317,13.1548847971898,9.79296778949441,13.1602661952671,14.9498186971166,10265.4702631936,503,11976.7996065517,5.52936205928583,2.16652791206988,0.84079836344289,126.953125,0.40280334039644,ok
125.997075245945,217.68830855362,177.53063595706,0,4586,350,18.6320552308209,13.2796914217932,18.6332938583332,19.2740760754614,50019.3792232884,1894,99889.8388747285,6.36945770172997,2.47352141913579,0.490688253014241,49.8046875,0.613638654596862,215.109949722149,352.903013280161,279.78313631334,0,4036,344,20.1625548891985,9.0059310097008,20.1638888693174,5.52066940261268,42838.4296511243,2064,68066.8265713186,40.4868172149342,1.5911977131284,0.579301627781966,42.48046875,0.587495363904318,close
1.02569444444444,3.58498024169358,3.43631116209646,0,84,4,76.5385451993836,57.3358837025318,76.5651348373197,89.2061170248864,87184.5258571176,687,82563.6725316457,4.23516095377053,4.65948142993956,1.08888563395691,171.875,12.8580655399666,100.830532212885,125.591664159858,74.9025949534506,134,1024,237,8.61764804192701,6.54128937942211,8.6206588044691,9.80332354720067,7769.75580567853,535,9340.96123381477,3.98707441802187,1.85571819424476,0.827305109198961,99.609375,0.166715997593769,open
224.736724008975,235.919498395663,71.8002120764968,244,1608,229,25.5466442931366,19.1702067534292,25.5562033577681,29.2431873392044,20678.1891781438,508,25630.5664293349,4.37390607518192,2.92492209898582,0.775828229054725,109.375,1.57310269502919,225.687898089172,255.04884320534,118.853405491191,285,1994,308,16.6489658002492,12.7184745107402,16.6555684299547,19.9040014005689,12100.2447744316,469,15974.4039854897,3.87550370685058,2.45160265945551,0.750302295858596,85.9375,0.64354519407328,close
232.314238952537,244.530181818047,76.3379892714684,256,1733,443,19.8276560027943,14.7986927255263,19.8317128651045,22.0831715849154,26314.4751320367,832,36168.0050211864,4.39385651272068,2.58162605635299,0.714769057067938,49.8046875,0.793861168464661,93.0297547245678,124.393969589709,82.595807988328,60,2252,471,12.9344621999537,9.78243850518582,12.9370610674161,15.6355622065896,19351.17851272,925,24328.9245623971,3.9494799683049,2.14203035194018,0.776576814848238,92.7734375,0.321009267402618,close
102.158832600377,185.500649299131,154.840024323999,30,9990,2126,11.7135525497728,6.27667467922423,11.7138870615037,7.60162875135745,66883.4424434092,3741,109898.296958537,25.2746115542377,1.68702186652947,0.713407526375577,50.048828125,0.214017608743229,57.3294538435335,145.354733211989,133.575241541891,0,6496,1002,8.22737074009688,2.87535604291571,8.22760429010732,1.01077861294125,39798.1544139449,3974,50646.5213399173,35.0579082106235,0.778647621920016,0.813576061308112,98.14453125,0.0967909158461654,point
345.592862935929,365.313315291515,118.451554625411,396,1467,239,25.4383347151072,18.6057606187863,25.4486547744347,26.7995110702268,18097.2826533524,441,22940.9028429635,4.1985301810509,2.78931537067342,0.762807032461295,72.265625,1.39959372275636,310.154530744337,356.569177690619,175.985234669165,395.5,2132,290,21.8515587287587,14.674680406621,21.8604037235463,20.1408086936273,14378.7513900466,458,18137.9049825836,8.51444651356255,2.35112041747181,0.770476055843909,78.125,1.06841795098969,point
266.450884086444,304.376686022609,147.172455774767,327,2544,227,16.8856447572544,12.7888733231793,16.8897929298272,20.1495828366278,14668.4346627614,568,26038.1460859931,4.13309916267344,2.45090560131557,0.50713984928225,50.78125,0.590149716251248,397.80744815912,476.609931793511,262.555582913275,583,1760,96,16.4525701229963,10.9999756529919,16.4560525061968,13.0377354698387,16364.7594559475,722,25992.9424680198,8.76650883042626,2.083307037783,0.585967680027295,71.2890625,0.584466342342823,close
1.74987518721917,11.6428161219323,11.5134392971843,0,244,15,70.1083339107507,50.6654836637072,70.12583880048,76.3862195048076,92159.5572700631,786,101482.963778406,5.57091851183721,4.28993245764674,0.93801542612173,138.671875,11.1285142697658,22.5991799077396,50.3483864736727,45.0030572106104,0,1094,193,15.9047978647121,10.3842910898041,15.9088753781578,12.8672767186633,16955.0183096467,740,20259.7519162077,7.87507856231048,2.00262915948686,0.823661147227552,83.984375,0.583828869222852,open
516.102145045965,519.044143873207,55.1992330108176,531,1339,321,42.6154052714957,32.949580163544,42.626287804899,53.0920792804893,50840.9719477376,710,64515.2779602191,3.81844529826704,3.75821856868735,0.782742535359848,93.75,3.87723711996247,233.263833992095,242.563628016163,66.5378447301888,254,1360,356,7.33823253565557,5.669001112959,7.3400409373429,9.04829384964868,9579.66227867375,783,11474.058252629,3.85554363511306,1.76417269113403,0.831195485419246,93.75,0.108308816176686,ok
134.169382504288,138.186119115832,33.0824671500988,140,2444,559,21.233750020767,15.9416641997091,21.2383010764335,25.2079716613046,24446.8294696879,786,37175.9609137216,4.77284709004232,2.69578635319807,0.614824620129933,40.0390625,0.883381649165261,179.626016260163,218.78253919816,124.929352546302,139,2028,426,28.7306932461549,20.6106170999029,28.7371794093021,29.9492071561783,31679.0104346416,717,45631.9062591851,5.92993558446276,2.94367476254706,0.712836183666462,54.6875,1.63447450403197,open
227.659518599562,286.121331243513,173.348523621128,275,2605,205,20.6755251464318,15.7018581879083,20.6800417999849,24.8511525408665,19829.205567682,624,35878.7459593706,4.36927327752875,2.71849150173703,0.530533888550618,50.78125,0.919616137185174,433.40060851927,500.076884555297,249.544347337934,591,2002,176,31.5905647749968,17.265900214119,31.5985763706499,18.1855570461017,18668.9208006371,601,34048.3552222426,17.7565011524473,2.3983399940123,0.453935683798373,60.546875,2.26558884695383,close
483.8023197176,522.592848134985,197.631720447421,585,1841,189,38.8880969969684,27.7351453481771,38.8978848931466,42.2902329538354,41082.8385472131,698,54998.7932254352,5.62187447747616,3.15249576611877,0.732838018922239,97.65625,3.23959683929843,65.7032967032967,103.155792540406,79.5438078947938,0,1102,204,9.09794236431024,6.3505485727982,9.10011617509582,9.20514185531538,10352.11709515,690,13291.6981628666,6.02867159166824,1.66045740654138,0.769265631270607,97.65625,0.188858928620193,pinch
334.244791666667,375.708482126324,171.602761092023,435,1983,480,6.14993872120175,4.29130481060618,6.15100344898662,6.13606045531965,9252.06602501413,897,12358.9578545458,7.09381669964036,1.47505564065862,0.754847069895876,95.703125,0.0745739772901664,345.397787791889,371.3496846417,136.413268470396,402,2033,480,2.83924247810603,1.96294983414773,2.83982344572749,2.59844889814816,4394.04833365577,814,4791.56054515461,5.29778289685938,0.979338249752877,0.968309987509075,95.703125,0.0158520558527896,close
256.01887755102,274.132858263273,98.0207140799043,237,1796,381,14.8801297901239,10.7823944302598,14.883927115334,15.8462008021865,11465.7974412172,514,21133.4930833092,6.78630873139998,2.27941206963931,0.519663639268556,78.125,0.505723862850109,262.367586611861,302.570714038125,150.750227058389,283,2080,368,10.435553578559,6.16049119154448,10.4386186966724,7.29629903252871,7807.93099250495,520,10491.3164992002,28.600061829291,1.57411468558581,0.774566613615216,93.75,0.242833119061985,point
421.480927449514,448.132845393438,152.296496601148,480,1422,307,21.4537226441849,16.4802100213494,21.4617482288929,27.9289394559279,17482.3160064071,497,22034.0407985441,3.63894607958349,2.72842818817597,0.763774645806119,76.171875,1.04082026674308,89.1808118081181,101.668784282183,48.8373290914044,101,1437,314,12.3134153651801,9.05393188325771,12.3179580492796,13.4281205202878,11020.7022919604,519,12268.0777018142,4.9412784879947,2.08110145787317,0.873171244328079,74.21875,0.347873344581464,ok
443.00756302521,456.155331608238,108.774668255558,483,1204,180,32.2405071366031,25.1644736486276,32.253915056445,41.3613944309856,23354.4094552055,455,29945.7236418668,3.28885795258529,3.36001226216064,0.765395318110288,50.78125,2.21743374087565,171.828136882129,193.664171717032,89.3698860291884,195,2038,351,19.2062001508621,14.5990070242872,19.2134656429196,23.1073534914838,15489.938753853,489,19197.6942369376,4.20296542349868,2.63450856524035,0.789548960776423,68.359375,0.802330715344391,ok
4.24242424242424,20.6786710892293,20.2457790423797,0,314,7,91.1198821372632,66.9371178967001,91.1512757231152,102.14894943327,104504.978894457,704,97192.6951860086,4.1636429595358,4.75074587657962,1.12726764309712,128.90625,18.2169228207929,132.294389438944,167.758147461171,103.189238576185,127,1512,329,19.1156359733342,13.4486546592577,19.1219478526597,17.9245548755597,13159.7673332222,476,20374.7118087754,4.86962014037313,2.32676769245376,0.598417488250698,70.3125,0.794565031837758,open
476.531031468531,488.813353252734,108.912142311095,521,1576,277,35.4598408686343,27.0426112792887,35.4675677036651,42.1918106204749,48748.6214247783,891,61873.4946070125,3.6463930842964,3.38418919768832,0.769688001434598,89.84375,2.47678017117802,86.3393966282165,99.4844987100239,49.4343833864516,108,1313,367,11.6123098468112,9.08669519464447,11.614852005849,15.0277130780454,15210.0769031327,802,20481.4109687286,3.15052129384079,2.13598275265944,0.712265501768443,62.5,0.287974953218841,pinch
248.788257940327,290.340951542225,149.745961557053,305,1320,203,22.2441939138238,15.842802208185,22.2549055736834,22.1143723948319,13357.4582586007,393,16460.6714943042,4.79217373990794,2.57921446414661,0.805892492464856,109.375,1.10743798669444,113.110869565217,147.564149646415,94.8202623127235,110,952,152,4.52326497501787,2.86258909509837,4.52572514075978,3.43385609676263,2464.62664736891,304,2633.5819674905,11.9624230714409,1.0643291958242,0.954075495150606,109.375,0.0436037477160923,ok
86.605654048874,98.4596166904526,46.8487829376938,83,3577,683,22.2060152336779,14.6987076843448,22.2113361561532,19.3415722234313,19581.7788242789,674,30676.2029372276,10.29880350695,2.50273877507912,0.597942330982871,64.453125,1.01549200452624,119.310571573091,175.787591108298,129.130550386202,102,1440,229,25.1523592071892,16.1436113310835,25.1587226628609,19.5406563101943,21691.7013970142,598,31915.9196015522,7.88327860748353,2.41613045918173,0.685950638323379,50.78125,1.4097961282286,open
69.8474501758499,172.734775330391,157.994602209595,0,2770,105,13.0182764180572,8.37155925539615,13.0192286356584,10.7484441503364,29741.4315596337,1679,57127.5203588233,11.0445281502591,1.94139070623032,0.509508811907584,57.6171875,0.311804404302081,80.0211362614301,127.292857590142,99.0028212913972,39,5023,683,7.57847198330277,3.20578648272326,7.57903988371404,2.40199091620179,12571.6412853606,1473,21385.8016262468,28.4932799138682,1.06558389334931,0.645805349384406,49.8046875,0.0817508004517458,point
29.6765046296296,70.4904815284384,63.9576445238918,0,1080,96,73.4155625674495,53.2136851020981,73.436814272578,75.4755098933561,83663.6484846275,732,91953.2478564255,4.54405883132297,4.40001351053878,0.914632523586586,111.328125,11.5313458282951,0.216556688662268,1.03013968103724,1.00742234497166,0,30,9,19.4512618672981,13.4728285758805,19.4570985534896,17.8733845323949,19347.4087493208,640,22459.2052359928,5.62364966220568,2.33863110579111,0.860523525115631,97.65625,0.812807566968943,open
473.142091152815,480.415624348295,83.3033887946975,487,1399,310,32.2863188503373,24.4397641055953,32.2949570987567,37.5303792083589,39137.4392529267,741,45580.1600569353,4.33041957920613,3.28491074736158,0.85531438480099,70.3125,2.11155633020684,253.720954907162,267.001658068149,83.1819279221493,278,2074,497,17.8917302436646,13.3049220512307,17.8964562981356,20.4574315459615,20933.2768305369,767,25079.7780665698,4.84796902518432,2.47881084513034,0.790293230685595,80.078125,0.652233211482849,ok
451.005266622778,463.947240678272,108.853535536786,494,1209,221,39.2008335753672,29.7083577049589,39.2136579536472,45.4400047458943,38472.3596592908,580,45126.9953538325,4.23189002033449,3.56158565277176,0.839863972157582,80.078125,3.50918188250985,59.2021276595745,86.8428046293697,63.5555546271225,39.5,1338,252,15.9863290229167,12.0627547591082,15.9913317027538,18.7345429225707,15583.8563862064,630,19276.2821050549,5.85926951764754,2.42773588804357,0.777639451676762,58.59375,0.55023011695082,ok
142.179335307667,156.314489028024,64.9664907352402,179,2110,577,77.1549760843546,55.6588476143121,77.1676584021871,81.7701851279911,187530.248435596,1514,169147.237899895,4.57231936833335,4.30097158509955,1.15074313849773,180.6640625,12.9339852194076,0.00032020493115594,0.0178942709031673,0.0178942709031675,0,2,1,12.6459908612579,8.86885665953806,12.6480157362916,12.3050892571797,19242.0045363956,979,27697.4393477374,5.06999986133919,1.92164076870024,0.662026518316436,98.6328125,0.309954202174008,open
63.3169014084507,82.8669531531275,53.4802758225795,68.5,1402,273,68.8350003033537,49.1367924950588,68.8619464477742,71.2368644898379,60578.1616000354,522,62796.8208086851,4.95309616795688,4.13844791143041,0.982114002586725,93.75,10.6205080584779,39.7771565495208,55.1331165737163,38.1916663506444,39,614,138,8.75752233521943,6.13647324962513,8.76102129525892,8.42499960512088,6516.94855316103,467,7682.86450853066,6.01060434986149,1.66611113912495,0.846822292127208,87.890625,0.172524152290212,open
524.878083157153,545.306518791242,147.884763767332,580,2634,449,9.3925974904547,7.09514509098359,9.3942525881333,11.0260042999186,17962.7478429967,1114,20136.0217682114,4.11293180246472,1.89098038619676,0.868080366974734,111.328125,0.167713574316781,257.893413597734,279.028393800241,106.545068150105,292,1866,467,11.3475141064695,7.82885330628562,11.3495237487655,10.8109087869051,19194.596281133,1090,22108.6817369506,6.17868625064763,1.82941317320345,0.838042864909083,114.2578125,0.270695576514261,pinch
447.778656126482,477.941025352935,167.131503674603,525,2408,476,7.99261753290334,6.12443283027746,7.99418760888342,9.75960423260333,12346.6570173067,889,15494.815060602,4.27647567076326,1.81134791287302,0.788361225704097,49.8046875,0.128071564245628,84.2232578783844,90.6302218141431,33.4780136573263,98,894,298,4.84982074248918,3.23830695306495,4.85089739209445,4.39019698930153,5932.85208333045,744,7295.90556525533,13.6662813299197,1.2925356968643,0.79075414606432,109.375,0.0443101230699302,point
1.22684801892371,9.97560003693933,9.9001634433754,0,1012,64,10.5147904078404,7.43195994047295,10.5151013071968,11.0936623060372,61613.7603206134,4043,125674.442593398,7.99149825007359,1.92606714330239,0.447126413580933,50.048828125,0.204849085342203,49.2244166225827,107.764454384885,95.8680064038799,0,5056,494,3.20405730243432,1.785519271825,3.204151466647,2.10882591479871,18038.2659737261,3943,30377.0393715588,23.1240397263969,0.95839159772967,0.638253262821934,50.048828125,0.0177153908574957,pinch
252.958999305073,267.240395093966,86.2226174749259,278,1634,330,21.0344903828046,15.8004971654631,21.0417942039509,24.1356235213584,17564.6822097998,519,22736.9154211014,4.01973221945051,2.65746525105808,0.741972739241106,70.3125,0.962760949146851,159.035196687371,190.08768453607,104.156713647785,190,1788,292,15.7647192053603,11.2112445623746,15.7701614829382,15.4244718050316,12746.4558427955,529,16245.0933708807,5.53730991319181,2.23345109897965,0.751395744849627,66.40625,0.529640510855454,close
358.587398373984,362.913382182966,55.8819065271773,379,1612,412,20.5868534108038,15.7859849013587,20.5920684291933,24.8306163906635,17454.12064528,489,31066.8182858739,3.67011432346704,2.71373013749057,0.525063171647506,72.265625,0.886712093598847,410.816533333333,431.572473017762,132.26452846314,450,1775,357,11.8824847980611,8.40200737842979,11.8856538974046,11.7938377907983,11408.0714374761,626,15753.7638345559,6.2258748007151,1.99858155806526,0.687605714935687,54.6875,0.303110362913933,point
362.296661965209,402.392391301499,175.1433330587,467,1838,389,9.2381796987919,6.5879635620403,9.24035132999243,9.56682422153169,9537.34561992442,656,14012.5984964597,6.29495545991277,1.80212999173017,0.694162858529261,99.609375,0.169771615412074,337.050741981809,378.940171928747,173.224754096177,442,1904,309,3.41213316955262,2.24234796699594,3.4129500706662,2.59220249275671,4464.29223545458,647,4684.26490305453,5.86333900014249,0.94294268303341,1.00891947410215,154.296875,0.0238244570385913,close
0.00986547085201794,0.0993250766524644,0.0988782679242965,0,20,9,12.0124572267943,8.56642955905606,12.0178473172967,12.1166489161715,4904.98679570546,273,9551.56895834751,5.66742991829754,2.01717647830287,0.475983067612891,42.96875,0.31640574168368,159.002252252252,170.382300660539,61.258779786222,185,874,87,5.04241712082976,3.40109366973782,5.04525060651971,4.19941061166654,1948.96719051606,206,3020.17117872719,5.88610027547103,1.27324661525222,0.712781440606115,109.375,0.0640514565767182,pinch
446.874125874126,454.890267256572,85.0513340344163,477,1174,224,35.6328566968188,26.8693600703849,35.6453221829707,41.1689176137412,32544.190261307,542,38423.1849006504,4.1880512469393,3.36777304380673,0.830087207082301,56.640625,2.5444177572064,69.0820717131474,102.68870686657,76.0081657800138,16,725,184,14.1778767876676,10.3815572619988,14.1835282173495,15.3609606180289,10938.7554145338,532,13028.8543638085,4.91024647424854,2.21222192222075,0.79561712480264,72.265625,0.423038380443215,ok
335.460324898469,438.075907377711,281.761018848085,445.5,3821,467,9.46898719364553,6.54123336706421,9.46972617100083,8.37254571231951,27636.1202463171,1855,41876.9760159451,6.84163842599881,1.77487622709635,0.656830299245452,49.8046875,0.156907919626269,257.524676125848,359.739871488835,251.204196858818,278.5,4198,699,12.7060503811596,6.20771761315717,12.7070296183992,4.33408572427874,27280.1322484044,1821,40250.8410037111,23.5534933941661,1.38912861841119,0.627439028670555,75.1953125,0.231618607719021,close
236.836383601757,344.014087695465,249.530790777095,87,3605,607,10.4101047822076,7.53028368088695,10.4110574026478,10.9048142701037,28726.0180120168,1602,41145.4700323663,5.43321894303096,1.90432164053232,0.673504819297263,103.02734375,0.232080456090438,44.8022226407986,97.7972934422709,86.939606420862,0,1364,285,4.60853350752272,2.64420385880713,4.60896754361943,2.23932917421355,10763.6061847756,1510,14038.078286407,11.948086244146,1.02048268459284,0.76397981350078,85.9375,0.0459893289909892,close
408.612185686654,448.165040593947,184.11657557626,512,1831,418,6.56710046031016,5.01002909522414,6.56815787348366,7.81370219634886,10003.1000642773,871,15541.1102533853,3.79997198935339,1.63456717760449,0.616033605910654,49.8046875,0.0860888081295279,330.18682021753,378.74101726297,185.559792969916,432,3122,610,5.72860965791459,3.90817238536912,5.72952597988465,5.20961479257602,9287.44908688431,966,12216.9468766639,8.02473068687076,1.39532140515218,0.743991395737166,50.78125,0.0574966582557694,ok
409.686289697909,447.463600638314,179.981565088373,499,1677,360,6.56552068593397,5.01436577136316,6.56679220340767,7.88990755885644,8982.04935426184,800,12947.0924216597,4.02012961487681,1.64623527158333,0.661661036896308,49.8046875,0.0864852657722896,271.976931142957,339.209885443192,202.74679554559,312,3076,579,5.65402858603688,3.82202595254975,5.65501696576193,5.01976258698621,7872.2553698848,846,10934.8162502448,8.33241196553585,1.37032706432273,0.69675439129864,71.2890625,0.0574352034013803,ok
77.7408301158301,113.557222406229,82.7944107407871,57,2418,233,28.9191749222283,21.0019513850793,28.9261559755087,29.2273745808961,25263.355388525,643,43516.0432698844,4.46793027867763,2.93709671844369,0.524088144339989,37.109375,1.67133392678524,58.5347506132461,97.3148576572476,77.7581919781635,0,1808,155,8.03109239197904,5.34269821690455,8.03273419696217,6.3038863125316,9726.20275381645,744,13068.2398385485,6.64902068180602,1.53802065172777,0.740447104779873,84.9609375,0.141721605411165,pinch
261.334737827715,351.161808340121,234.61572913409,291,1924,126,40.5678171564868,28.5127817127552,40.5773112065269,35.2218978554122,33817.6011711917,597,60903.3017384451,4.97529635158948,3.25454579438888,0.513322812992188,50.78125,3.37844223032564,370.667570009033,468.898330220004,287.242864701586,575,1642,105,52.5429077120278,27.237557010404,52.5547775202275,17.5470759513153,32273.6789249818,581,60303.9512210343,12.2833648668674,2.34387388630128,0.46502617400641,39.0625,5.62530668339602,point
290.615957777088,301.124505332746,78.8686500229996,307,2094,291,24.9115252321481,19.6862070333408,24.9153245485487,32.430586401106,35412.1619659095,877,63409.2728543908,3.17744375264099,3.04697919926115,0.514180906303759,36.1328125,1.2708965963638,177.862755508362,194.589663083701,78.9406831173574,216,2504,376,10.9781754329276,7.2421171457832,10.9796328367435,9.32188649243596,18565.2569190276,1038,27281.0552881653,10.0939881275458,1.76813448481804,0.649753607985733,67.3828125,0.222445327386558,point
292.127574083375,295.715881330577,45.9393394886636,298,1503,335,16.9202996072511,12.5451706457564,16.9245500535204,18.543412168555,13582.3257062702,486,24977.434755701,4.54027461342838,2.41353110504368,0.504395070840908,44.921875,0.583116161465081,213.343594836147,235.799019836194,100.452469235187,244,1810,402,9.18184963474716,5.40745786065801,9.18412992633142,6.45367143170242,8008.80436219436,629,10890.6201313652,19.7864175642795,1.51367048447776,0.660212579114473,52.734375,0.197708398501122,point
305.136645962733,359.153966188001,189.467842500217,428,2299,288,73.3857307282356,48.1123846158317,73.4009291300691,52.8231300344069,116641.375252055,1122,116191.408847234,5.28514566881894,3.43327496049835,1.01736332027393,113.28125,10.8492038855947,32.2888800949743,59.7740104964279,50.3126453220998,0,2624,372,9.53110221816108,6.35421194102184,9.5329881595903,7.21156746895431,12426.6618612747,806,16057.0935749622,5.68119341754835,1.60527677570024,0.76247398305737,75.1953125,0.197348282613103,open
267.036178107607,319.525776279261,175.506946442874,366,2084,139,22.5866432873964,14.567362777562,22.5918816811423,19.970510228706,17342.4506725327,578,31407.2341484236,15.987567345857,2.47156662926658,0.562282230501113,50.78125,1.05223922467638,364.055990119391,454.692138845655,272.467870924062,551,1800,122,33.5797077389806,14.7072054974441,33.5866220260323,11.5541572091458,19743.7064486324,733,35723.8021532918,31.5045983814148,2.03960271826749,0.470408427797978,49.8046875,2.13376356937815,close
421.671331828442,456.833760162687,175.79625886075,527,2063,433,13.1379161193303,10.0790265883612,13.1408703300096,15.9616617986992,16093.6006072712,727,22325.04389322,3.82038292174276,2.23530818858087,0.715290292960256,50.78125,0.36414122252195,383.654219948849,409.657856118107,143.664734407321,456,2446,493,7.14144588989919,5.14103301652183,7.1432711132299,7.81893155765826,9247.50841245287,749,10050.7195473002,6.48007840824156,1.62545645704792,0.956410449229908,83.984375,0.107164656206294,close
221.971735443754,240.077787940274,91.4911185103443,246,1686,338,27.499605707304,20.2299080245079,27.5073704077803,30.2707094223274,26675.739580431,632,35786.7072953545,4.19518982445679,2.88339070811906,0.738311870342618,89.84375,1.78732038100839,48.1148272017837,62.0951548006871,39.263608839982,61,1400,285,16.6016675056729,12.0946924810994,16.606296216324,17.4453176390446,16957.2919404399,599,21697.8783110923,4.29883783100753,2.26468219050943,0.760733681563874,64.453125,0.586098993513797,close
313.325939071281,350.878006760914,157.95445828483,397,2080,508,40.9343888988328,29.0460727613041,40.9404039581589,42.2448846878595,83618.7798121603,1305,98204.7720059691,4.78470055849537,3.0875034243883,0.84268005308179,121.09375,3.72306166943081,81.7526439482961,112.294350488288,76.9952460764133,51,1654,478,17.6154366929064,12.1215979099307,17.6180244142455,16.9421747353939,35229.4507489344,1179,41261.9192854041,4.91621209640519,1.98607242956505,0.861959878872183,85.9375,0.611568754561786,ok
15.3858998144712,30.5556964821247,26.4074977927784,0,624,113,33.3937318212853,23.2394020680541,33.4040502671535,32.9972934076287,26923.838856714,552,37578.1131440435,8.80753637675777,3.12625961799882,0.67186088819923,70.3125,2.78425166588015,238.78706528371,283.076177071871,152.07554008992,312,2020,366,44.4530632185389,30.5613203804805,44.4666279059006,42.3703824159784,35179.9621177241,564,50090.0041036075,7.36791871598422,3.43460570357886,0.671327527478719,80.078125,4.41431923208269,open
199.270058040287,233.472218660613,121.678986459998,270,2118,503,30.1845337488058,22.3698279610714,30.1896876018781,32.8864345576434,54183.6186421213,1096,65521.2260979783,4.22014113392587,3.06252115882164,0.795706525832023,55.6640625,1.71391729521409,0.891398206575888,3.9443151563325,3.84290722648176,0,362,74,14.2005624915943,9.45188829416278,14.2029187835484,12.395414309363,26875.0554854961,1115,28459.6356537241,6.25395687396211,1.70090919789449,0.949374142167202,91.796875,0.446201259017869,ok
422.528557599226,450.455490676214,156.21584714359,485,1055,157,44.3129159366389,33.6963957566797,44.3343749478136,52.0309208074754,29751.1957455091,407,34808.3768166501,3.94190578871853,3.75102002851491,0.828246993412996,125,4.565788121131,212.348500517063,240.449654178199,112.859747124655,279,998,196,19.6155083548508,14.3963884204578,19.6256343603755,21.8014286013132,13086.1821272205,416,13921.3076025827,4.87160438306804,2.48881582006337,0.950442629751681,144.53125,0.854652603146932,ok
171.887844611529,187.025327315966,73.7322739940214,179,1987,469,54.3431403880865,40.2294216780862,54.3601725597024,59.6519001987339,53744.4044498073,590,64206.1569982256,4.15595855876366,3.88034335104855,0.833339567260805,107.421875,6.47392204384028,268.817374762207,312.775543961551,159.943683386643,291,2018,318,9.97166563133841,7.1425075052199,9.97482783867924,10.0482876955731,10044.2762349305,624,11263.7343357318,5.05653861654438,1.80534483081551,0.898998828649894,68.359375,0.208131769290709,ok
226.734289617486,247.733552938164,99.8513168030392,262,1754,295,29.7125316739654,22.0470658274639,29.7226575592996,33.7118458176211,25889.4739203154,573,32276.9043714071,4.51799472512451,3.04604810392571,0.769577111031149,87.890625,2.12004698181671,210.045007032349,262.449220860415,157.410652068478,322.5,1680,300,25.533753842089,17.7309898154375,25.5427362727977,23.1630504787873,21580.3699114296,569,25213.4675175521,5.48613879084148,2.66595049330933,0.86412377705985,54.6875,1.39570724146891,close
365.766636280766,441.613563711081,247.51814363043,509,1856,344,11.3257671048707,8.50323290013576,11.328348940624,12.794978192552,13104.0862341803,675,18656.0929828979,4.2322748646736,2.04770451817209,0.67352263435668,83.984375,0.300251331418087,31.7368421052632,51.6270293656054,40.7309955594595,0,1158,259,3.66355250174875,2.63932212741332,3.66453638413321,3.61060512270789,3989.90591294492,585,4914.41780124361,4.82901565159415,1.19099699982961,0.830605852199933,50.78125,0.0289405638921224,close
254.702537182852,261.480854165966,59.1640589834568,264,2149,566,37.2950487700544,28.3568079823751,37.3032057740358,43.9674891302518,53914.6123978301,916,64823.6630477095,3.62352301406158,3.42750529868293,0.810876943413563,101.5625,2.90441019948687,126.785587975243,139.710783428443,58.7029908670716,129,1756,486,5.30343912145242,3.88545162345918,5.30460996707141,5.90824631785314,7091.63166396876,775,8788.89157226467,4.38266550241608,1.40321221581877,0.782878108403545,111.328125,0.059298066521362,ok
279.437615242778,288.72111987961,72.6481115000145,297,1874,429,28.0740911634666,20.4341377715095,28.082719649731,30.8690704797945,27103.4452336805,615,33246.342154246,5.80314180834827,2.9705589492569,0.797548816270514,91.796875,1.93860344192503,78.5718769617075,94.0766639865723,51.7548095748169,84,1304,249,16.8419867688189,11.7719074461721,16.8472753992578,16.7774456075717,15899.5080245289,603,18752.6485617521,7.14781114837981,2.23388643505523,0.847457523763862,109.375,0.620924462708311,point
445.090327169275,453.686628521278,87.9298390984461,472,1240,230,39.7140996559245,30.5648190520576,39.7282246751312,48.9151963027362,37504.9255244862,556,42974.135587193,3.4843786072188,3.61440761082789,0.8714514063623,101.5625,3.32350271597408,236.037453183521,251.934195676789,88.1077443145692,279,1618,326,17.5926189301027,13.5599572801944,17.599208062848,21.8493869004353,15874.67140126,560,18102.5429690596,3.66819051035707,2.56438461367792,0.860649235865277,78.125,0.647568151899701,ok
416.537989617744,430.999813312066,110.73720836403,415,1455,320,41.6856599854827,30.8436912592407,41.6954943646982,46.0670369870814,54840.9432764991,820,65357.7817783309,4.34808096039809,3.51790605038321,0.82761122364731,91.796875,3.73331478355749,87.1797101449275,102.416116258942,53.7601638656571,115,1554,386,24.5327602264888,18.0628174810344,24.5386832716575,27.1742682043315,31328.83028243,779,37390.0321857413,4.46231100394623,2.68828962774546,0.845909952224247,82.03125,1.30898558517286,point
171.991313234543,222.977334433177,141.944268226564,192,2248,173,30.7911859305451,21.5272458188166,30.799055701837,28.8593643354196,28407.569806484,631,42128.8200674241,7.38058063621059,2.98460924784357,0.741806944303146,50.78125,2.06991638707717,14.3903177004539,35.1293553694588,32.0547738061559,0,1276,128,28.7655629523892,17.8056722468496,28.7728187241723,19.9317262499766,23529.9284854153,598,35308.6480655027,9.16776349680899,2.32065378114674,0.643660036308533,50.78125,1.7095048491026,open
6.18797399783315,27.9888636730303,27.3036500833024,0,430,28,76.8905651976527,54.378995506803,76.9113998800903,74.8392343837428,96669.0038170282,829,100383.625705558,5.44135313900784,4.34474969548682,0.96701753641899,130.859375,12.9165091267501,3.14325221238938,10.5066087503832,10.0281810351538,0,266,45,17.9380840587584,12.0450821024131,17.9430462053391,15.4965951903698,19436.2789286492,716,21777.5084411629,6.6155747412395,2.15683086710934,0.886035883512398,103.515625,0.692536245789279,open
302.27032810271,367.039082799673,208.28173101796,432,1896,285,9.46371371745739,6.81468554039235,9.46709049036604,9.82992575540507,7654.48116383672,484,9554.18912763008,6.78290974409162,1.83786858270109,0.782359301114002,50.78125,0.202761827988479,126.226229508197,161.031536469429,100.031478067214,153,940,174,12.327631746213,7.67441818273169,12.332686871272,8.04782384090956,7141.35836436423,409,9362.79018293267,7.83443834505621,1.6367865600131,0.743647801276831,109.375,0.401503295437292,point
222.300929573027,316.958256922705,225.939936348658,150.5,6668,1397,5.50051290961942,3.79479072509017,5.50072956233733,5.4337543037888,26294.4576151162,2997,48171.0734642946,9.63709369431399,1.42624866491237,0.561518445040353,50.048828125,0.0541290038262366,135.483614305971,215.886302894678,168.087214724568,0,7366,1470,5.05949692053696,2.99206738891392,5.05969615424988,3.27745029068227,26442.7945131471,3307,37981.3034348733,23.5034935056312,1.17743268361666,0.708347187777853,50.048828125,0.0441234986930839,close
335.616699355562,443.423767225053,289.817034040575,510,5187,584,13.0476014158969,8.0277571729644,13.0482106084496,7.87914355776572,57405.7691094432,3113,85953.1960509298,10.5659285425528,1.7805440117119,0.63530079596906,50.048828125,0.264839005895533,297.299452922545,413.29774881732,287.116660176416,382,5798,955,10.264421419312,6.09947515766725,10.2649139815748,6.22417052297947,48765.728589867,3271,63550.4316677351,16.0808049903911,1.51071999693724,0.727439832105791,112.3046875,0.183368047702002,close
369.154081632653,392.510102560743,133.445178491348,415,1344,191,77.6923040751102,51.7707803855063,77.7319709050757,63.2473094785168,46121.4529948145,407,50735.3647777962,8.06234907332446,4.26437195120129,0.871346359022464,85.9375,12.685489375286,80.8772563176895,114.35636343467,80.8957493644396,68,608,75,12.0896301923986,8.7420615684366,12.0969098874476,12.1118567240416,5951.75332467195,330,7264.65316337081,4.47329436846066,2.01018357502773,0.766620578800543,97.65625,0.336449425396547,open
329.665322580645,335.888256839904,64.3745548762511,346,1310,311,16.6916528045964,12.5146060732953,16.6964558494943,20.1182183505615,17754.9534260207,659,21725.3561432407,4.61841576269639,2.38788780356769,0.795124817008737,78.125,0.596224308837107,186.433623503808,199.866806845912,72.0560153861573,207,1647,422,3.47873541426519,2.51096557058493,3.47968211187657,3.52658035293056,3625.52725644487,578,4615.1547187351,5.55013823550216,1.17466277119916,0.804948170447536,66.40625,0.0256785254735643,ok
192.718181818182,261.61366854629,176.995209825224,204.5,1496,207,25.6971540737869,18.3384245215091,25.7077792688437,25.175892357108,14990.0890792689,373,22189.493671026,5.24402987354674,2.80824934153345,0.657038407641994,50.78125,1.39547545402394,36.5518018018018,51.9774509321629,36.9751374024066,24,682,105,22.229940400682,16.3863924540576,22.2424616703377,23.8104475065342,10963.3143423567,327,14551.1164992031,4.03766581160325,2.66087810225411,0.733358275839709,74.21875,1.21918245694384,close
137.344313238036,145.850083089122,49.0946469560849,155,2095,346,20.7166495600097,15.4447777913299,20.7230829275897,23.5976633865114,17238.4511621493,584,24850.6474662498,5.0864167152396,2.67841345314896,0.682678348330468,83.984375,0.997438265958875,221.785984848485,262.437124504484,140.344775465799,289,1898,328,31.8939381594714,22.5800729645547,31.9040057729232,30.5092716846836,24428.5561568731,490,35766.8355758546,5.51110980362403,3.00736492958204,0.703909847793312,105.46875,2.13478981282775,open
161.938728323699,173.483023773429,62.2450590121811,165,1417,320,18.0264143223026,13.1715612083927,18.0316184973976,20.4648806944163,17502.7811703848,622,22786.8008905194,7.08006509996942,2.4677878928045,0.767416057798309,50.78125,0.715963264776784,49.3265642151482,93.6925191511879,79.6784955602559,0,994,146,13.2733071367272,9.46212793551281,13.2769509860525,13.6494473977511,13543.4783021581,655,17239.9970985043,6.44331635500888,2.11023678292918,0.802641769782518,83.984375,0.37056889226684,close
275.344050258684,280.275730697529,52.3560139395762,290,1636,444,14.4656018028681,11.049584561728,14.4682753186004,17.3503411513451,22952.1943045048,982,29900.175824036,4.01021592477554,2.30766014355499,0.743273638643152,86.9140625,0.419277954809566,96.2584898122253,99.3726043867065,24.6872666354429,101,1732,568,1.87008466737157,1.31885410867944,1.87045754231909,1.79227152311975,3064.54592595351,841,3301.09183402464,5.08645496482903,0.844124487891166,0.987361483488245,87.890625,0.00720555224437982,ok
68.9028384279476,80.8365040870342,42.2952974768571,79,2004,316,69.7756257676708,51.174880551475,69.8137432037783,77.2753559413888,45542.9968823447,387,46876.1905851511,4.62961146029808,4.34978039415818,0.991228142463062,125,11.7145188622809,4.1278801843318,11.9230926461572,11.192187365105,0,186,43,11.5958402374914,8.56150803646841,11.6025256193604,12.8801868551224,6697.96370312391,352,7431.38897565458,4.24158188193535,2.00964731578647,0.875426535481664,82.03125,0.282691126342945,open
379.273485269594,423.850963481298,189.264825918469,488,1194,180,23.7710622377173,17.810272710066,23.7776471006271,28.1595977487475,22179.1100859675,555,32040.6806054087,5.13909447589804,2.83912261001601,0.691857528187486,48.828125,1.23351459865539,245.732692307692,274.186111460717,121.667402059816,301.5,1644,297,26.4258497054685,19.5806436790641,26.43432000353,30.2795449451172,22471.6488178619,586,30545.80413934,4.85713960986868,2.90575722315668,0.701452146147733,91.796875,1.54623581348876,close
409.412440570523,420.558737566187,96.2017253365826,436,1933,426,19.9233254388398,15.0231023334764,19.9272728540869,23.3226549481027,27678.5899152752,882,37918.3102896945,4.43962511905984,2.64240449231108,0.710260497236839,84.9609375,0.770074496900907,243.029850746269,267.609366980462,112.055031215021,273,2622,566,4.98961699391332,3.43586445940181,4.99062341159622,4.64915627810748,7327.76228556621,867,8517.5079948571,7.6050150193287,1.33546365560974,0.881475491024199,76.171875,0.0463523029341645,ok
394.691983122363,397.437317288856,46.6421924283489,403,1737,498,17.6157707563494,13.7804523542708,17.6191357266542,22.4084684070813,26096.1846411159,893,35925.6392875839,3.48417628619943,2.60415180904829,0.684125085292891,77.1484375,0.647389201862771,287.490263459336,301.477264559371,90.7801525495137,338,2260,582,4.57844292499678,3.20459894711298,4.57931719909296,4.50701993172214,7717.62640218105,947,8392.84464248889,7.41566349505156,1.30132636032766,0.928874959696701,97.65625,0.0376420073546729,ok
163.048125349748,173.076230734366,58.0738990411629,184,2146,538,52.8563534521009,39.8503354717943,52.8711438977925,61.1466506802964,59291.8898227921,709,71212.5494880964,4.08476228868273,4.0197290199195,0.823898383029015,72.265625,6.47162754149849,214.633810280869,242.86799448486,113.683944410854,259,1976,395,8.61360722534882,6.25368359535697,8.61588793066775,9.04265331227449,9545.17703510215,656,11800.7009444386,5.4288845061867,1.76843381144971,0.806626559484246,95.703125,0.171225986864332,ok
160.570967741935,165.35567725361,39.4991556478888,158,2268,524,20.5491656125851,14.4254750172092,20.5539002895839,20.1136603364444,21063.6600991657,719,31303.2807873441,6.89152483268345,2.49673168009525,0.636434655611773,66.40625,0.842287113167219,145.159628770302,187.006466630127,117.926052651704,139,1752,379,31.6744213214509,20.749907267543,31.6817727790647,27.7922047810043,32800.4676686292,680,44716.0501615552,8.16912777948822,2.71718851471338,0.708352757025637,62.5,2.01043199414509,open
234.017857142857,263.092849394653,120.271489555728,311.5,1316,257,21.4272239039866,15.3230232379875,21.435919397057,21.0616678399052,14488.4755540904,417,18877.9646292006,4.78675199633068,2.49348135391252,0.73801033472383,80.078125,0.993508094439973,96.185584092792,121.115493300739,73.6327921776925,120,908,213,3.03943818726542,2.00511695719624,3.04069800636568,2.15904813092641,2092.23587084891,379,2420.17616733586,5.42856258133021,0.924835775968657,0.882760123479519,85.9375,0.0199462761868261,ok
198.846131556071,292.624234019595,214.714967985606,80,2067,394,18.3720914137642,13.1513069648585,18.3747511576939,17.7376350875538,30633.8978682977,1068,45385.1603357266,5.05177876618,2.41541301892923,0.647097588240306,49.8046875,0.644604602191482,70.8491124260355,125.108050341915,103.128920038795,0,1792,338,10.9758364881771,6.68057200633969,10.9774595069674,7.39657148755432,16344.1837654615,1048,22580.3333814282,12.8459642595756,1.65445002570029,0.705249168685788,70.3125,0.226034687643515,close
126.978068128791,150.60288239203,80.9991353632832,140,1766,272,16.6009673246955,12.0000682114582,16.6048392491185,16.5502766357616,18360.9538578362,669,25716.1461771548,5.20824347265897,2.3250209770345,0.711059710779591,80.078125,0.579478937666712,9.15938864628821,20.8812299492185,18.7692621099053,0,840,153,12.9097114018637,8.69062855348278,12.912530784467,11.427200885087,15522.9689608796,749,19901.5393874756,5.92678973857414,1.7734572263953,0.766440491496213,68.359375,0.330550741243161,close
445.378006872852,449.052013523253,57.3389558837691,455,1628,436,16.7702927203916,13.1960218059135,16.7744102339404,22.1104379493594,14914.629902117,543,26880.2964186458,3.03164282224537,2.51192985873216,0.517437333465311,72.265625,0.573117890190828,485.354430379747,499.17296255239,116.667691358233,524,1901,376,17.1235288451449,11.8613773346643,17.1276959438897,17.4344806760012,17936.8507301803,707,24363.2690454005,10.5516646755188,2.31651758352413,0.68765516046346,46.875,0.596870536459574,point
479.671009771987,516.031196188505,190.324941031555,569,1689,221,43.6195075830525,31.4558248957123,43.6313526603934,46.0828716069383,46589.0675586795,724,57941.6294579021,5.04216178842268,3.42366331635476,0.776726596988996,60.546875,4.49521799914508,61.3932697137117,77.1337492198402,46.707359398891,83,1298,288,12.746244754341,9.27401144640807,12.749446853594,13.9242525686202,14009.2488713384,677,18464.5567897985,4.48286904495436,2.05746430397138,0.75472233526807,82.03125,0.327194904132423,pinch
169.260632497274,173.278175380657,37.1068069426141,168,1760,396,20.487232689308,14.9835610351008,20.492810582906,23.1402568247441,18386.1725052318,609,27479.8509383749,6.67261260168425,2.62015612466128,0.630256215857243,76.171875,0.910101887611008,195.427206295672,217.070371940455,94.5133569791999,186,1778,409,35.2060574659587,23.335104863476,35.2159565324555,31.9677312579039,29951.5084270266,608,41513.1515521237,10.0932300268122,3.00001788876079,0.69679368925062,87.890625,2.9731769329517,open
232.77667775929,343.470215660739,252.564004351402,63,14975,2760,7.03499446957425,4.63989155383076,7.03509200153805,5.88494405126922,98191.2396608352,9040,167314.489431137,9.23302636853728,1.51567033524187,0.593819509064285,50.048828125,0.103766434564668,172.014551134495,271.380250587357,209.903411071569,0,18318,3780,6.16791944431861,3.97084990276188,6.16800395661244,4.76737679386352,109073.977322318,10738,144904.254651587,12.6271802467718,1.35496362565073,0.745378363449273,50.048828125,0.0767246265979615,close
6.59305019305019,24.5060862348165,23.6116594442074,0,538,29,68.3597262915436,44.1509523929261,68.3861343448304,47.7751524760749,51474.5636658457,539,57175.4833488393,6.72490134376776,3.55109483247682,0.884456777184966,82.03125,10.1217592322614,5.79586776859504,22.3724853150819,21.6176370749385,0,432,37,19.7991806918218,12.548536495726,19.807367019116,11.2488547862365,13323.8903063893,439,15183.7291598284,5.74786206453675,1.86555845294778,0.841800950850809,113.28125,0.819709607407097,open
16.6015089163237,53.1189040721067,50.4752939876896,0,601,30,53.0735754829813,36.8667161625381,53.091768637749,51.719137419252,47880.5072374841,627,53751.6721649805,8.4469355583868,3.76699546944278,0.877959797768242,119.140625,5.82953384108603,2.55702094647013,11.0163148635559,10.7196074398707,0,254,25,19.6749494150033,13.1395323356158,19.6825857207345,16.512528812261,16166.5592069371,522,16936.8571806087,7.43782571814315,2.32654203255918,0.959357884787171,150.390625,0.842326800696245,open
143.281269066504,181.072770960077,110.748858812645,164,2140,321,51.034024617504,32.3971805544631,51.0495989256311,36.034551579496,52027.0117250694,636,53098.978928765,8.31171234968562,3.15222626579055,0.994191217174574,101.5625,5.92710547292263,2.4530303030303,7.14323159191675,6.7113726637463,0,374,71,8.91871198334479,6.28465790980322,8.92209220297075,8.87271353085307,6943.66751140176,496,8295.74844094025,5.82118216553188,1.6994336016307,0.836119124463729,93.75,0.202281461218165,open
189.329100892244,208.723027798952,87.8774374168345,216,4582,532,15.685435571813,11.9622664493857,15.688113189887,18.6860132188663,20222.5204115446,800,34858.0444335098,4.25307649042702,2.41035512604172,0.540239838687316,50.78125,0.432766429081003,55.3386380458919,79.373143158894,56.9115955654621,28,2473,444,9.109848765387,4.62389857223555,9.11153485738636,4.96972095614077,5843.5015010037,548,12493.7739421805,34.0684221786823,1.39241413660675,0.415835587079339,55.6640625,0.128512738928898,point
484.344122657581,502.44627694433,133.690618639874,537,2031,361,36.7913534718512,27.2845328389149,36.801804047598,40.3897670903879,38315.4517493074,664,48048.0623293291,5.08729684867227,3.40245919098398,0.786102428409791,70.3125,3.09008005833469,208.574739281576,223.928472067643,81.5131174955604,251,1330,325,7.79201460012126,5.94510192719541,7.79427279242281,9.21432373527198,8923.3512460045,650,10261.2459263393,3.56088225183864,1.75243597926596,0.854318952470483,78.125,0.139107918139766,ok
36.260384039221,98.5479391433952,91.6407362275522,0,2910,214,23.8636644588341,15.6921722906883,23.8652888816876,19.4780923679064,63203.4585435771,1791,115227.621130524,8.30711131444938,2.54333319956776,0.535807376141541,49.8046875,1.0291137329235,87.7713591577811,151.069025455759,122.963733416595,0,3228,292,8.1762955304867,4.61736400432839,8.17684736728431,4.20025719518825,21789.6789136431,1933,34210.049908069,20.0967823166865,1.36624417270335,0.632884528901839,49.8046875,0.0934904999680791,pinch
342.150020056157,420.35714668142,244.24869398924,515,1551,271,11.1081814410455,7.86386725583178,11.1104089335028,10.8896079598527,14382.1788096025,801,19604.6210687886,6.14293123895674,1.93233314674824,0.717746577826971,87.890625,0.255608601786669,311.551724137931,370.357846584094,200.294704947473,420,1975,317,4.39929237649518,2.63703105703993,4.4002527681587,2.72564633395239,5816.46318435142,775,6041.43815167849,10.8960995497466,1.00001586161949,1.01376735181303,78.125,0.044772399707105,close
159.000582411182,175.04316465747,73.2260008634761,141,1643,238,27.3725431476453,20.4596164177481,27.3805159395824,31.5140758936496,27660.6373608949,623,35129.1613892736,4.49696571763653,2.9803195973648,0.768160251860284,101.5625,1.61595173450325,76.2396146899458,91.3434613695963,50.3256780929387,69,1482,311,13.781480100194,10.2713387283395,13.7856182570727,15.9546829572618,12910.486622613,628,17060.693627772,5.53033599855463,2.25367652820735,0.737748449016565,54.6875,0.386651910312503,close
442.520176893311,456.50045818711,112.140594814181,465,1831,326,44.3950549245744,33.9451193839744,44.4073299835432,53.4420836946215,51798.3831078551,728,61406.7209656098,4.04870121203965,3.81880590281983,0.836409047029544,89.84375,4.22801545037649,211.45625,233.420585823881,98.8786090324388,216,2198,445,21.682508425789,16.1914866043691,21.6886471401802,24.5025894722528,24256.5575303476,687,28497.0164236897,4.747711361803,2.71309306635476,0.833631882906139,107.421875,1.09856580130234,ok
314.666719003507,426.032551349345,287.215786785708,258,10704,1504,11.9667067103548,7.4800256189025,11.967019804666,7.69876817010057,94770.4674120273,5518,142920.84950037,10.1252579704596,1.74674272684497,0.637015055768434,50.048828125,0.257206355199473,270.813741590295,393.672853886394,285.731619230695,0,9559,1573,10.6539438549829,6.34494438022401,10.654225965914,6.59760378870657,90261.4150556634,5855,119773.515065489,15.1986165510107,1.53705874938177,0.726939003489751,97.65625,0.248016000787219,close
208.884285714286,248.076319861833,133.857192256288,271,2028,314,37.5140766433945,25.6003741759733,37.5230087724011,33.6262112414355,41077.7158410193,732,53760.785769544,5.73843023828119,2.9383443612044,0.773515631229235,136.71875,2.94787221484206,182.830735930736,249.890340451731,170.383894897458,261,2272,382,24.3799719834298,14.8205091685313,24.3852507407157,14.3347367003672,29083.6628054669,741,34235.3761793072,9.31207933458673,2.02986146962877,0.868721186446339,110.3515625,1.4101949809904,close
146.912118408881,269.951837277659,226.527169844359,3,2942,251,32.4280222473713,24.2593647453433,32.4355211232809,36.5631108888606,29405.4149150334,592,52448.7465794322,4.21628647377243,3.23127360972636,0.523888178060277,62.5,2.19977549329166,426.982819605862,497.481430938229,255.355428870275,583,2146,171,51.4703400012254,27.982109372549,51.4833490217755,27.2284283755526,32431.4916333918,577,55376.5944482744,13.8204551992648,2.72673451173051,0.503387482617133,39.0625,5.90638181985061,point
448.282718120805,465.00762694907,123.642722624895,502,1161,236,33.9123298947801,25.0835036230557,33.9265583342507,37.2000569703776,25647.587221973,468,29899.5363186824,4.53357218677273,3.27225951044192,0.824575539470166,97.65625,2.49780546714887,267.026872964169,289.397989374618,111.615367724611,315,1641,336,17.7754245930778,13.0461687241245,17.782660946242,19.9074918455561,13651.061994324,471,16020.6951932249,5.64704618992101,2.47039118586738,0.813606355149824,87.890625,0.70383027020568,ok
519.702507232401,535.276821199465,128.212734471793,574,1442,243,36.7682297274143,27.5679496219751,36.7770928955923,40.5605404549913,41411.3226161828,758,57175.9275159764,4.0839634598479,3.40240168392654,0.697791086828162,113.28125,2.93381403164891,96.0325987144169,113.481892990604,60.477759061176,104,1686,388,8.04109243698024,6.05484915997222,8.04293646692435,9.28570082466161,11523.558558057,840,13187.4614704195,4.16752308004263,1.78525762747422,0.894009841761332,70.3125,0.132582817267487,pinch
374.126148705096,390.219411107836,110.955390232713,396,1335,233,34.3329863195458,26.580683451574,34.3473231837406,41.2489976140358,26737.763406808,465,31817.078091534,3.36851011640234,3.39459696696201,0.829316193724947,80.078125,2.56192173999837,174.824372759857,189.596454112904,73.4035566705948,211,1224,290,14.0068592261764,10.791760612733,14.0131316430619,17.2381808417909,10969.7657623869,466,12043.60484381,3.79720743179578,2.32025128714081,0.895777432788909,70.3125,0.411741518985013,ok
268.063101604278,276.092585029047,66.1123838675301,287,1898,506,17.8015900725493,13.4054857311504,17.8047600691467,20.8705014411038,20860.4732896812,739,37602.3874758769,4.89518118795702,2.52051362651978,0.508707164335424,54.6875,0.620560811922806,316.530809205642,327.571681292138,84.3450883338431,349,2618,673,9.2934501278666,6.86326557133646,9.2951753801532,10.2635183926085,13890.3274050692,865,18489.6374491804,5.04135095259326,1.85791196741732,0.730022631982381,49.8046875,0.159174595391161,point
114.322147651007,139.084317690001,79.2437804528455,80,1796,242,33.8761791932167,25.8651859524175,33.8888128830384,39.6972520330917,29449.5791496428,527,34685.2143621919,3.6671289963813,3.36213919617402,0.848584527118565,68.359375,2.5392881751521,200.152503793627,239.613169855993,131.78248324592,284,1738,260,18.232429884237,13.9119125920989,18.2393467000246,21.244616211041,13771.295874941,433,18335.9007963863,3.48124379763803,2.53216969405519,0.732233997720113,62.5,0.735935558667218,close
371.964978902954,419.760816463346,194.569193341526,457,2055,445,9.78594774948644,6.59621002794388,9.7880127755598,8.67010712365514,11715.5865609553,800,15633.017766227,7.24561161819541,1.70408465050712,0.713183286662956,72.265625,0.202161935544772,349.430451952611,397.663854864325,189.870269844383,443,2012,360,4.38834384280773,2.73224296299801,4.38930625920694,3.12903907705549,5847.49563981064,762,6226.78171267247,9.11018126716883,1.05241332942292,0.979229166441024,99.609375,0.0414267230004475,close
73.4499802293397,82.7221932102004,38.0609309267896,79,1845,550,51.1682109712959,38.2102936952011,51.1782792654852,57.9106406820222,78470.88039763,965,96633.8327551635,3.70728437497735,3.7865775345886,0.803639075919914,108.3984375,5.35606548961953,189.221157390343,217.471865223197,107.208219140674,251,1844,400,6.40994611676515,4.54780750415282,6.41112548191809,6.20818575489757,10483.28520489,998,12338.2017587666,4.97054245420005,1.4832748135617,0.856811589360856,105.46875,0.0801269966589049,ok
341.255013077594,360.802638005848,117.173139505644,392,2143,487,10.2425100733977,7.87807758476966,10.2447271193199,12.6983427224737,13045.9246917195,781,18072.3099794616,4.54901265660922,2.03903283849595,0.695509597522049,82.03125,0.201248784482455,335.312706660368,348.697221106733,95.7051063722488,365,1969,505,6.04126428366932,4.47338121017981,6.04268728909409,6.80421134837115,7749.01206687988,717,9470.14802195066,5.16942003289791,1.55297354998713,0.866243571024612,87.890625,0.0776690285669798,pinch
264.46595828414,315.925349483515,172.853527162498,384,2393,332,87.0487548211391,57.1470753150715,87.065878592691,64.4278409135935,148829.044911703,1223,145210.718375597,4.86558334272375,3.41953365948856,1.06389772349648,115.234375,14.8527079826278,0,0,0,0,0,0,6.98820552289196,4.65085928273807,6.98951151256665,5.08230557855789,10732.1371743037,838,12445.6994406071,5.31819714946343,1.37139307863849,0.874378878219032,69.3359375,0.0958926179211554,open
362.598049281314,415.343468242742,202.617684766324,491,2482,431,7.0091306708697,5.09245334333851,7.01092861671932,7.28506618350587,8999.20040740059,805,9920.09911282342,4.33488484250288,1.5747459593206,0.915059628033904,44.921875,0.102535073607855,190.24762407603,228.767335221187,127.078170917237,267,1276,244,8.47172475930166,5.64639508568141,8.47396206773145,6.85710609882349,8776.2302910365,647,10694.2722922806,6.50193907399445,1.49507077201282,0.806983933064636,91.796875,0.151024197970916,pinch
461.530802292264,474.159499931572,108.742910370815,502,1439,246,38.8290403274223,29.5034947997529,38.8429550287728,46.8451197509989,36644.2791082778,550,41186.878740455,4.40804410420411,3.51862592787208,0.871073711308973,111.328125,3.18860222933628,166.34404057481,185.863725881298,82.9505947157329,197,1240,242,16.1177654263006,12.469402613881,16.1245789969747,20.3182998890755,13061.7975033293,478,14751.3032922212,3.52126867098587,2.44077176764936,0.887358026796484,83.984375,0.52598923343957,ok
120.558659217877,123.785045260595,28.0862381665871,123,2032,413,27.7193359609643,20.902645114182,27.727938831781,31.3507971091799,24623.5274680189,569,33674.1612789472,3.70835823599134,2.99303123321268,0.690843833674733,99.609375,1.61818523186536,270.912417516497,294.7912370226,116.260241291925,329,1594,347,15.4646101380835,10.4070446871841,15.4692501117703,13.5141927672173,15291.0552549034,684,17348.5434935358,7.88778836229017,2.09311372440887,0.86511860737776,91.796875,0.536754739680944,point
57.4619980086293,75.1135372503577,48.3832533984606,39,2304,672,74.8312222595223,53.9761956423617,74.8436366053471,79.920635525495,179137.95406441,1432,162630.277470436,4.83417358781371,4.30055023069285,1.15890214599903,169.921875,11.9574037753903,0,0,0,0,0,0,7.66962707211124,5.4315443230756,7.67083934894769,7.53108031465581,12536.1589819885,1021,17125.6592506574,6.18577885646396,1.62652347811495,0.70224400741864,77.1484375,0.117383671560485,open
411.454508196721,442.149113913424,161.900491498202,490,1968,521,9.41823941074631,7.10931111601567,9.42016975828093,10.9867062970842,11000.8927116141,726,17346.7191230782,4.32721607974259,1.92105238983292,0.603886257878418,49.8046875,0.179107890757977,319.118533604888,347.962543340843,138.741247889081,383,2044,471,4.61191776530512,3.45833584634657,4.61284677432961,5.23686052837816,7378.74708810299,876,8490.21450278083,4.20421485803166,1.38419137705449,0.894073254714206,49.8046875,0.0471610064402958,close
299.071872227152,315.291355517784,99.8674306808284,345,1079,186,16.3411949957726,12.0530037951626,16.3484490400205,17.6958708942123,10392.1687063806,397,13583.7352771482,4.72888173275855,2.38476374413823,0.752214323720553,121.09375,0.563668185529295,192.74633431085,226.971980778798,119.942589765688,256,713,132,16.7679036786758,11.6187020159143,16.7802064493249,15.096589950387,6745.03924165162,282,7923.95477485355,4.95294733130297,2.19622953865714,0.82190769337662,78.125,0.686146527854877,point
203.735298518629,319.145662297453,245.672369247205,54,5718,876,7.42251780740795,5.40948761642166,7.42307316701316,8.4455822293717,22420.2037652069,1800,36151.605740546,6.65590039577929,1.70521328442039,0.63100081219232,49.8046875,0.103655394071399,76.8569393891438,144.204758394878,122.026143334306,0,2296,392,10.3878716768435,4.94569180365124,10.3886937292358,3.0715663587951,23132.4421383047,1691,31251.8265072722,27.0061227530733,1.24905828444388,0.716722318213741,103.02734375,0.182123711837888,point
236.715646681164,347.464028367873,254.369129038019,0,3980,839,10.1628713829803,6.66027533461576,10.1633975291413,8.32951919472957,43210.1878186875,2802,64318.2789063844,13.464587997058,1.75003502975232,0.667060158419573,50.048828125,0.220858880713457,215.59493942318,315.446089942342,230.284049553089,0,4354,890,5.10733908389021,2.84668381564777,5.10761282768173,1.43499410319523,23941.8679165042,2674,26551.0199485467,8.99049199233345,0.833392576811527,0.920162833264439,100.5859375,0.0468359795785646,close
157.566645202833,208.432788452288,136.488003495109,138,1810,271,73.7985283205252,48.9166633314175,73.8222995288352,61.9496087046417,71472.293633367,661,75967.5781536914,7.60859966533891,3.92494465940046,0.927867069208783,97.65625,13.9633521907622,81.1278996865204,138.97029068398,112.867144972944,5,1454,180,34.199125237738,22.0654367757459,34.2098506610239,25.7943195538236,30772.456562629,613,35194.3716573148,7.236555502258,2.66500144104068,0.867638471757203,109.375,2.55750425086881,open
167.5,170.124723516966,29.7750514178233,175,1421,383,18.9408644595697,13.7553221030917,18.9449474581484,21.0370972196059,16842.9605601059,562,31912.3472791726,6.46783863597561,2.51262026305091,0.492009994819571,51.7578125,0.652370802812497,100.279115479115,108.322114961261,40.9707756267939,104,3758,725,6.33294705206752,3.42030396559327,6.3345035809315,4.30163627374308,4635.09394736371,593,6960.3185699823,33.0298031571177,1.30164615154379,0.666996590013128,80.078125,0.0833235258730231,point
316.458793969849,332.306428333184,101.422695477498,353,1918,465,21.5620433975051,16.4352014258373,21.5674618699034,26.2854787165446,25400.7741018003,729,32706.0508374163,3.64437916223568,2.73534599373819,0.746299101806838,60.546875,0.999105725590392,145.793993677555,172.387669019354,92.0113056343494,167,3360,638,4.07803613591425,2.89185481387719,4.07910960388719,4.11466415538896,4817.165416643,669,5488.74043673891,6.51950689634294,1.25211073599696,0.892382416997389,80.078125,0.033947909039235,ok
288.35325528856,384.925895410918,255.017061797655,410,4804,721,14.1718722204426,9.23613699312584,14.1733276000235,10.7128423551459,32171.4168413825,1577,44970.7510195297,6.20013175567731,1.73031073814163,0.690794282290971,64.453125,0.369558258325308,44.8566184409415,69.1437513151377,52.6245202204541,0,1508,406,4.97886585514446,3.0953233960064,4.97940262850849,3.62613256283402,9744.34034052988,1184,14334.4426469056,15.0287752176909,1.24576087117796,0.740708446767814,49.8046875,0.0312176751786536,pinch
442.997425997426,472.580535924156,164.630144099541,529,2051,368,11.8510384504745,8.78861902785905,11.854839355613,13.3986550466543,11288.8575817967,583,13657.513969293,5.05213956152075,2.08355231952567,0.790117014291381,50.78125,0.339862612302799,126.436183395291,156.83968800129,92.8327460519576,156,1074,228,10.361590622577,6.86974259948862,10.3648017987779,8.51158681830042,8866.75889870013,555,11087.7645555746,6.85137375839977,1.64792087914739,0.77616371145366,103.515625,0.236819392999353,pinch
173.388245033113,214.749682943895,126.756631018295,202,1276,232,23.733818171317,15.3226771787121,23.7436476233337,16.6322187155385,14491.72761695,403,18509.7940318842,6.33281310362727,2.16031123379259,0.786136623435968,68.359375,1.25088379542869,78.1113058720421,107.717759389958,74.2062374083926,86,894,166,2.85471118553933,1.80976307987729,2.85596253332603,1.92638992434803,1809.9725626981,329,2064.93967413999,6.26873716044843,0.813601915374738,0.959351600330827,66.40625,0.019443772497781,ok
1.00381355932203,8.03858105082822,7.97622276161208,0,452,21,52.8063923196078,27.78257789788,52.8101219180761,11.6778759493023,203428.245012507,2154,196700.65151699,9.17363584123275,2.50261070729677,1.11629977504431,148.92578125,3.83654459719805,46.0098066298343,111.870575007399,101.978231253723,0,2708,505,10.2557545346541,4.95945974671817,10.256462576038,1.54651940954607,24380.9814302269,1806,35906.4885662395,17.4536040718017,0.994092493893622,0.636068945238153,83.49609375,0.230713445596688,open
217.380782918149,236.971457205819,94.387461552936,247,1112,207,15.5076219393599,11.0490742709286,15.5144918700923,15.9402182064481,9404.69848475755,380,12419.1594805237,5.03138630397904,2.15025059667974,0.737860112514791,93.75,0.504535503028634,65.53339269813,86.7377496925503,56.84794976035,92,750,170,2.7402990527789,1.68091616640245,2.74151838985703,1.69484364480049,1571.11491438239,313,1887.66885486995,8.35657809044088,0.838116744123647,0.905361559035571,109.375,0.0160846237503652,ok
474.133071553229,505.357271284869,174.92041516813,539,2430,442,28.5634154613687,21.8377909809955,28.5696456104357,33.201088260345,36566.8424948055,787,50052.2169284416,3.75457430418239,3.11565420662948,0.701988180960456,70.3125,1.77285896173553,156.81351094196,165.936396628272,54.2753345906395,175,2214,557,19.2312557748363,14.3158509175942,19.2358265768062,21.2056388414955,23922.3261939105,752,30091.918628783,3.94787691445739,2.51030033008205,0.768803245000476,83.984375,0.867491080797652,close
26.4532172831831,91.4139466181562,87.5061826355182,0,9316,898,18.612990722149,12.4284075125749,18.6137138917462,16.2126907687108,82245.6930842611,2975,159928.747871814,8.7303178695976,2.3461133263233,0.523024848720359,50.048828125,0.65058577992761,191.420894833948,333.065652014225,272.573808667927,0,5080,302,26.2486563621323,10.1749226522542,26.2496653620675,2.94831523048493,79373.879113911,3441,132355.393860523,57.8791861898342,1.33478966348372,0.535904294555046,86.669921875,0.947695035469616,point
367.806727828746,383.324011587231,107.993712490926,406,2063,365,38.9176471637967,29.3375687281818,38.929542592757,44.5835400727519,41907.6474230075,617,47966.9248705772,4.08329292825931,3.48871168448083,0.855748959278385,72.265625,3.42582295901888,50.583729216152,94.2934313070028,79.6008804900759,0,1150,196,28.0270158703145,19.7595355103001,28.0353321318898,26.8650899413566,27358.4084935452,631,33275.0577993454,6.90615981647635,2.89347328688164,0.813161255729934,85.9375,1.7428957799931,ok
20.9791461180781,68.9780337635898,65.7149378755039,0,2042,102,26.747172563725,17.2129055216718,26.7490569837702,20.4386077082304,68253.8778364417,1786,122159.990487305,9.00461143009475,2.61671411886823,0.549654306891203,49.8046875,1.20748534213948,43.9736062483167,94.0597480176572,83.1534080456473,0,2764,229,8.09601376484606,4.35318346976217,8.09655890765487,4.32648352053784,19689.9154765546,1847,32326.7404464539,37.669009584485,1.35988211287346,0.587740268195758,49.8046875,0.0885988802064293,pinch
413.098612125639,436.761389458973,141.861722495802,470,1947,304,33.7657001164847,25.5730760728828,33.7780236366585,40.8144780730792,30334.8363701241,531,35009.5411437766,4.19594527840239,3.30440970943899,0.878359905632496,78.125,2.48608110348314,226.152907394113,254.134084307658,115.968313494317,270,1780,341,18.1837654236052,13.4917545303293,18.1902924557354,20.0558543648304,16203.6610447654,534,18794.0140607487,4.72319129081185,2.50582134784791,0.862551511893356,83.984375,0.756816665364569,ok
418.123974475843,447.395662428968,159.24301179671,489,1113,195,40.7255703266783,31.4640557222192,40.7441022096734,50.2756552973952,29073.8544704175,423,34516.0691272745,3.54182939397349,3.6537771289792,0.846483290783667,93.75,3.57391494023508,168.48406374502,206.260902162664,119.041145667933,214,1184,206,19.9578014986741,15.3649713818842,19.9677476146051,25.0407853744443,13534.1809495704,423,15426.4312674118,3.51668770094913,2.65779710717093,0.847203855431503,113.28125,0.919032126295762,ok
503.673234022105,516.951489855681,116.44153740912,556,1573,280,34.458348763722,26.4921627664693,34.4666262719369,41.8274650079451,39035.4247796415,737,55130.1907170226,3.5361129809074,3.35885183572547,0.673058055924363,66.40625,2.46076234051906,20.4831460674157,41.1937847571903,35.7486633166425,0,636,158,8.35765651438599,6.42750585971708,8.35961132028047,10.2206110454667,11414.7724773794,786,13729.1525163557,3.69137619982545,1.83627224895994,0.875738969217385,74.21875,0.141992334256835,pinch
280.585133650677,324.138029962484,162.317875349672,368,1851,458,42.0080922770341,28.9215421511295,42.0157842100147,40.1190976947152,64473.7805509292,1045,78984.7316147347,5.0469053554282,2.90088719326594,0.783505659192848,88.8671875,3.35930974536803,20.6229681978799,38.2688047034077,32.2422383296926,1.5,1964,434,15.2067437285689,10.0217902241846,15.2094293646328,12.3523329150446,26507.14346713,1018,28361.6663344424,5.82275905720431,1.72079260311569,0.950692063395393,137.6953125,0.444984734138071,ok
555.632621156853,572.998296630659,140.034484800066,618,1086,74,10.8602136868825,8.3504344738743,10.8630212377578,12.9927008378555,10638.0818095972,625,16024.4837553648,3.61080280607529,2.06801488442454,0.638215545523362,50.78125,0.247800560672653,381.442217484009,447.832356121982,234.689458258368,537,1966,325,13.6873435262068,8.87751365271645,13.6902621134578,11.0923439572979,13818.20208493,717,20817.7695156201,11.2645200588845,1.98393764865519,0.639234405547023,76.171875,0.371455844105127,close
244.831603229527,357.793834368818,261.060378578141,96,1428,41,43.1187343360958,28.4641247638076,43.1436207269705,33.9356576020627,14444.5085454357,234,24678.3961702212,7.05450176423712,3.22293278590153,0.576608008903731,58.59375,3.98319302300253,25.1464285714286,44.8858472763329,37.2027430083977,1,950,120,8.77770234100142,4.63630931588696,8.78293154980712,4.14855376060698,3115.92463292263,229,3894.49982534505,17.3828356608537,1.3305534556856,1.00661155560001,199.21875,0.180828026890636,open
95.7819983484723,137.03585575984,98.0437263200153,48,1190,193,66.4709749149053,46.0060849677397,66.4984365215921,60.6766420010497,53261.7924791871,509,55713.3688959328,5.24369949199018,3.88867804609384,0.977125788861795,93.75,10.9539795135977,111.575571177504,145.683351279651,93.7136490692846,138.5,712,124,8.69306168969599,6.02722889798926,8.69688309828153,7.82768538599014,5916.3983113867,428,6858.98648591178,5.28401133246943,1.60257849194388,0.843365175813869,93.75,0.165034803417037,open
0.375267665952891,2.78618878860331,2.7615402661849,0,84,8,24.2739859422469,16.4038557019707,24.2804689821777,22.8370888187186,20507.0800108193,613,30642.4024512814,9.6506174871853,2.65994946089423,0.636496989072834,76.171875,1.40664754112575,26.6753022452504,66.9337009464958,61.4061836904881,0,886,102,24.3690344123045,16.6541689819598,24.3760309558575,23.1745107635615,20777.1561013092,563,28928.2915216642,9.27096234076222,2.62069563982311,0.713990910687825,83.984375,1.16529000343012,open
270.75952498763,336.981914432795,200.630828541313,353,4352,892,14.1082750185584,10.6064711923404,14.1094381959169,16.0111626230914,44897.7473547424,1817,64307.0348391596,4.07604825556077,2.257958657314,0.680782498500288,49.8046875,0.368112977941551,74.1733514615908,100.534516396527,67.8696233186978,89,3662,942,10.7035854815674,7.21555885414095,10.7044943602794,7.83902415342595,34499.5109704151,1900,42456.3482977654,6.07759295071076,1.75668553929481,0.818406025278235,49.8046875,0.172857611754559,close
201.873113015096,284.984865424485,201.165969885128,99,5077,1265,28.3491877659086,15.2903005500389,28.35063341318,7.64000035340563,123778.087888839,3264,149906.106592582,9.60599336022253,1.82377178987167,0.818190240380337,75.927734375,1.24279130575705,55.7656425436358,105.994086396005,90.143046745775,0,3914,837,18.1761298074798,8.96188758201366,18.1770574900007,1.35450342523074,73231.4713495898,2881,87799.6126409879,11.0740251231002,1.04516093252495,0.833124368105705,52.490234375,0.337364969331587,point
56.1175818080976,66.4149379451024,35.5311299369026,49,1598,331,22.7751628202147,17.0676359979636,22.781480722536,25.9731236864075,22451.9515322582,641,30772.9477043284,4.93015427493063,2.77409395831617,0.692017275482937,87.890625,1.0931912193951,299.814128546613,320.573594743526,113.518190984501,347,2108,447,36.821939005067,27.9213905201921,36.8326025582388,43.2363765763917,35386.9952349499,597,48220.2414283718,4.23850209657083,3.46426854940209,0.719557548521039,91.796875,2.81791697773263,open
120.502187226597,157.765166526166,101.873207416167,115,1815,199,71.5957527832739,52.5301231895982,71.6270591941558,77.2687678077063,57249.4870046157,506,60041.9308057107,5.52271034677283,4.53044422391971,0.96416322333616,121.09375,11.3485980334295,10.8881453154876,23.5678711526777,20.911980335036,0,474,68,8.92445920404409,6.61112783735072,8.9287272806712,9.8267433345645,5886.95375775105,419,6915.23971786885,4.95394859838023,1.84427067750502,0.841852440695953,85.9375,0.170417399555441,open
0.570977917981073,4.56164690683407,4.52815275343699,0,104,7,61.3248838570853,47.0157979335551,61.357139589032,74.5724287183213,37524.6900781786,358,44712.0238348109,3.48177867273595,4.29613972689778,0.820693531913831,109.375,8.58809117166004,0,0,0,0,0,0,21.371153045103,15.6385834498408,21.3822898713794,23.1401423952345,13756.4175730484,414,15013.0401118472,4.83229887830826,2.58894235730711,0.928999702072738,89.84375,1.09559860132817,open
253.29242119383,259.120388211454,54.6656125691161,258,1666,369,26.5555368244598,19.9928460920596,26.564446581725,29.8227472985153,23894.7403472983,571,29809.3335232608,3.74290160216307,2.96607427808852,0.787721136737547,87.890625,1.69660881951398,26.7188146106134,49.3371151405596,41.4902670461327,0,534,108,15.9612867455975,11.7921340546411,15.9667885885477,18.2679623150684,15506.6473008412,575,17110.3865132842,4.71896109688002,2.30121098717299,0.928196082889219,123.046875,0.542266029876274,point
231.360843373494,240.722055141039,66.4976074695003,257,1373,308,18.1511959130887,14.0352375813935,18.1566638249103,22.6454513879755,18935.1219172429,630,23298.4943851132,3.35431977219939,2.58371504761982,0.781435412927386,58.59375,0.70556288680871,85.612389380531,102.613514379605,56.5856975633127,110,1026,262,3.28802619218357,2.4876872847667,3.28899646109196,3.83796634902211,3243.14998985588,523,4216.62994767955,3.97364262148085,1.19526264486803,0.782435841977753,78.125,0.0238548092853522,ok
177.559831312599,188.820151339639,64.2474262694624,208,1711,448,31.2763856209877,24.585523662202,31.2846004936946,40.3581460527092,35274.6312043231,737,46638.7383871973,3.12488680770783,3.31148403237606,0.723357049696639,64.453125,2.0998222934527,282.882534775889,299.842698757097,99.4394786095989,335,2404,560,13.9955095134915,10.2674533789114,13.9991158764396,15.7426763603915,16052.6731259422,719,19929.1270084669,5.83394714764468,2.2003908052482,0.784914362307195,95.703125,0.422077756339219,point
332.492837958818,352.012344512727,115.616551223804,360,1953,471,28.9875331070647,21.8357369534973,28.9940230833276,33.0586439203241,40018.1117546852,872,48781.036354113,4.34815759865139,3.10758596397107,0.799782685803858,82.03125,1.70749057374102,169.740807174888,193.712490944652,93.3621779433283,152,1946,487,29.4779710582985,20.649227587645,29.4845826876643,30.3033675903887,36049.3451226883,804,46047.7775204484,7.74296682502482,2.92532784530992,0.742615021552229,85.9375,1.72158618784155,point
127.836199484093,139.28962230619,55.3246861697961,139,2677,594,17.6879169654328,12.2437204709959,17.6917204092659,15.7736309266857,20243.7031654533,774,28478.8938155365,5.83287189339422,2.26047339318986,0.66858134873083,79.1015625,0.617466511801801,210.505430242272,247.943225236515,131.036174685562,263,2186,443,8.52349551176355,5.17232429029413,8.52527602636737,5.51840367352997,9858.62858820082,777,12382.5443509641,12.0487935899683,1.39422931059754,0.835877859338806,67.3828125,0.134203139694166,point
0,0,0,0,0,0,15.0384753350531,10.9310906807441,15.0435106943767,15.8097559460326,7419.70112662126,337,16331.0494770316,5.25032535506614,2.29152649466544,0.422074282375999,46.875,0.49156861436501,134.113147914033,178.411811089634,117.699594957172,120,1051,94,4.84637183843571,3.14927969301467,4.84790068809475,4.00880361585887,3366.1648536518,391,4982.16047434921,11.5477988372349,1.25079197282869,0.754415589123998,50.78125,0.0582930055562716,pinch
297.420157862781,382.554557779936,240.674903183387,371,1570,98,19.6099839950641,14.5815400518005,19.6159308795745,21.6107269994288,14902.7238791014,500,24015.7964653154,4.1091000471272,2.56554474170367,0.598546714725786,37.109375,0.8009630858338,246.492753623188,275.500863697232,123.091817877613,255,1512,161,15.5905560002212,8.44564581922901,15.5954695566713,7.50664361174725,7629.13912618839,420,13403.2399151164,17.5939512278707,1.6940168924004,0.533713154745591,74.21875,0.604097332357581,point
444.844947735192,457.184932097559,105.53436588592,466,1449,282,20.2746151730756,15.3260250947247,20.2804429561359,24.5784065514005,20193.0672971635,646,26391.4152131159,4.22537570569156,2.65532475206767,0.742883387568723,66.40625,0.840426120569607,332.305804907241,350.372284693736,111.089942342393,358,1192,261,7.6030897600098,5.26504717372625,7.60536498016358,7.34222074044412,8672.91191550595,676,8797.89382729657,8.45500886260289,1.61690364057162,0.986016037901002,44.921875,0.138985137788914,ok
369.081364829396,455.398916586707,266.946880972009,532.5,1450,67,28.0423276559242,21.0022063231675,28.060704819618,32.7640919302455,11163.9278286901,251,16003.6812182536,4.50652577703433,3.05869797517871,0.672192004637114,101.5625,1.92481168336901,183.368975903614,223.617624232684,128.083439297114,208,1144,126,18.3682282754149,13.0361713809731,18.3820607738051,17.2145656070535,7067.79574284866,256,8656.01779696611,5.03153885011999,2.36505672218613,0.862870556021659,148.4375,0.852973961090543,close
364.014844136566,373.97390410298,85.7514585930155,391,1665,382,12.7711770808482,10.0593702144574,12.7743295188545,16.7846766149638,11099.3920099568,507,20329.9872034184,3.11391777014224,2.24984720465719,0.510682054189684,66.40625,0.362597023429661,353.074642126789,375.576924989897,128.080874990121,395,2504,438,12.5714493576645,8.85658793956573,12.5746639879127,11.9029294507306,12413.2538499147,612,17323.4860097906,5.35076227294623,1.99369332309441,0.694095114832945,68.359375,0.333934474317772,point
135.566830332788,144.349971763292,49.5972868636795,114,1558,436,27.090464768915,20.5508369418708,27.0978460794662,32.3112361242511,29951.147262231,709,37669.6841144492,3.93028436608886,2.99904008243821,0.782781762044017,82.03125,1.63093415679791,45.6678301337987,68.4661884766068,51.0253157454098,12,1080,159,5.83927235762349,3.73282849181009,5.8409669806826,4.77142473278522,4977.3147926066,593,6416.73217742155,17.5742988175821,1.35260934018634,0.746834280348192,72.265625,0.069831328928683,ok
112.752377179081,130.548818673523,65.8149805664239,105,1714,436,72.2729854084497,49.2313902337148,72.2873039196073,65.944456624984,135639.540997371,1258,124260.028949896,5.73038752872637,3.84765825395795,1.12363131529399,125.9765625,10.4395308930428,0,0,0,0,0,0,6.28764373648604,4.45644150933632,6.28891508789356,6.28563405138391,9049.64215010175,820,11016.3234110794,4.71594950279833,1.3756618186596,0.807718403832991,47.8515625,0.0891445935815341,open
308.274350019402,345.432969978485,155.885507827617,378,2410,317,62.631937194828,42.7569334190019,62.6440818198894,56.7742584491691,107750.669901783,1102,110184.617420768,5.03652141745148,3.36769748723567,0.995329999207726,73.2421875,7.42275757898578,0.730451866404715,3.23736777308847,3.15450473918012,0,102,21,9.67400576303771,6.67162544853045,9.6759066147467,8.80320067924412,13675.2233317826,898,16979.28676651,5.87375519810296,1.70909364000027,0.756834796485239,86.9140625,0.199703320806242,open
350.067231638418,350.621249287572,19.7082020360293,350,1982,470,39.6962553050941,30.2029820366621,39.7074663129375,47.9471020896847,47956.9228149057,745,53459.2782048919,4.01910986463535,3.54475789125452,0.871168985688824,95.703125,3.37839716122856,22.9549180327869,77.8337228166181,74.3935509764291,0,874,42,20.2719338921193,15.4314728997195,20.2778680826912,24.3023778762054,20394.1290467219,654,26356.955712721,3.75138591551742,2.65578496968515,0.730533216419546,91.796875,0.920533710558251,pinch
201.272486772487,217.878088737781,83.4649077291207,229,1412,268,51.02936020526,38.0573184745705,51.0518705746943,59.7722579478669,36610.9603455329,459,43156.999150163,4.25246588063337,3.8510259973449,0.82363635322646,78.125,5.77882470214789,244.019014693172,269.748427886893,115.023344936335,298,1356,253,10.5634584586886,7.2648448112542,10.5680228970615,9.91303630468907,7465.72244953724,462,8405.42544662111,7.3761749294046,1.78951408804901,0.883488191872046,80.078125,0.272671045012784,ok
148.653439153439,154.93114474499,43.6652644191599,148,2405,693,41.9811674828016,31.6413042225048,41.9904111451744,49.2217194502696,56818.3151426142,841,71762.4779766408,4.14224975182274,3.62833083117388,0.781460002976884,68.359375,3.67041683187561,254.372679045093,275.547596425132,105.952729589051,279,1948,445,6.75221035388773,4.82769937952951,6.75370301975893,6.8240002774949,9204.81190643859,825,10920.2559964958,5.84661642706643,1.53672575123044,0.799128324170609,72.265625,0.0928963341689216,ok
329.88767550702,359.061793142701,141.828006099044,344,2053,310,43.2750282876535,31.6902936138454,43.2919014389056,49.1776055205979,36573.7000249046,534,40626.9564129498,5.57916028947447,3.59100204427112,0.899813164671579,123.046875,4.02049641212837,8.95873015873016,23.6860752073905,21.9352041311817,0,286,57,14.8515061149742,9.43136494817275,14.8574027388157,11.6100414232016,9569.7303212641,465,11883.5198346977,8.97085691304367,1.97194538919129,0.727054523639743,62.5,0.496547828468975,open
455.926007730536,506.901667918649,221.603007345705,580,2132,261,10.9667165464813,8.12526046905883,10.9697455575143,11.6600142912266,13324.6127057872,710,14714.8467094655,3.79523574911839,1.94753981430715,0.890446069878634,93.75,0.255268757304409,248.080323450135,293.843269186757,157.522685532227,345,1380,265,15.2280833500465,9.99411284722543,15.2321896106408,12.2439150086062,15402.0785356231,688,18539.0793316032,6.51112971601521,1.84730579526851,0.814339421337135,105.46875,0.489211405535229,pinch
286.093171880256,354.233295131543,208.917700017693,437,1350,326,35.255531115588,23.3098783393205,35.2614479536347,28.6968682243169,56268.679385662,1043,69300.2683027999,6.28513889732065,2.62886598855584,0.79118045928106,111.328125,2.70151440628878,42.6531986531987,54.3119049135507,33.6290164395041,43,3321,591,13.1584051929571,8.91300168512724,13.1608658231143,12.006955621676,20796.5614389511,946,23824.4535043451,5.20686907884525,1.67853646249327,0.853111844577349,93.75,0.368482956454745,ok
147.489846153846,161.166736403877,64.9927813463272,167,1790,281,22.453318988223,16.9105062268795,22.4602212453992,25.443030362471,21380.9848479816,619,27479.5726186792,3.95260631935074,2.76710480029592,0.767500010702764,82.03125,1.06911085683991,113.756637168142,148.02008738865,94.7367246580273,99,2132,316,19.8360100380112,14.2250381872483,19.842278464708,20.6619600805748,18368.4086569693,587,22504.0104122269,5.76650992797747,2.49813263135767,0.839805169507981,117.1875,0.926347044771532,close
479.860052562418,514.565217769054,185.834290232358,574,1642,187,38.2588118251889,28.3864909786504,38.2713841782248,42.6096129307987,33262.6262686312,585,43204.239269506,4.19401217098752,3.37828727341212,0.727330190493167,85.9375,3.2131262110858,57.6027568922306,99.0094613336723,80.5534700352167,0,1038,162,10.3144788057902,7.34098836616648,10.3177113111281,10.6210484566433,8455.99838133593,491,11716.2174324017,6.00717463927954,1.84279132337406,0.721784807934674,50.78125,0.232059829827683,pinch
253.688768418126,339.329266328346,225.373956549787,260.5,4047,816,5.8441680629628,4.02505130222495,5.84457393823847,5.62119050553683,15893.8176850465,1737,28956.2190682063,8.96674584438995,1.45970198054471,0.554444196669687,49.8046875,0.0644339893116435,154.008042151969,227.728523391464,167.766820140427,0,4628,931,4.80295922356639,2.79486272989958,4.80329223721553,3.15956796715188,13594.1261994567,1851,20156.5500080357,31.7515936933833,1.1486733260037,0.701884487931449,49.8046875,0.0336441421440643,close
73.8291956305859,102.499759003762,71.1370210723375,63,748,128,78.2565357491656,57.6901191061761,78.2954209848463,85.9960336359747,55729.7184372031,454,58093.9499399193,4.18658375771803,4.58288988668285,0.960550898950006,85.9375,13.5082756672348,76.9396929824561,95.2655050234261,56.2073322317699,100,1060,169,12.0879905283145,8.74690941655064,12.0946208611557,13.1679338460093,6588.38427180205,344,7977.18138789418,6.32923482881925,2.03310520560262,0.802848525483039,109.375,0.321519055220271,open
164.537839124227,182.506171451272,78.9858945870041,208,1698,454,34.0022839977422,24.9276408405919,34.0103764201579,37.1113891254889,42305.9050324377,792,52372.9734060835,4.9404284240261,3.21938938735612,0.795615532633968,156.25,2.38894575974242,81.8464419475655,95.855262105991,49.9054827161598,103,1874,508,3.97417964727374,2.87360270172856,3.97510870405193,4.13190789226678,5276.1320319037,728,6138.01537089221,5.22467227795035,1.24421337618662,0.875276516856827,64.453125,0.0314883734992291,ok
256.353883106485,272.154004640375,91.3993056134098,284.5,2156,559,20.8930626761473,16.2421708477329,20.8972363704665,25.7996774922092,30260.482591939,870,40572.9427776368,3.31846449014057,2.76920092197379,0.735694214718803,49.8046875,0.961614078916433,97.634829443447,118.921169369616,67.9068507685473,114,2846,635,3.19655723184339,2.31860528745752,3.19713127112131,3.19270693676697,5378.64625570839,906,6457.3157255692,4.78395347714052,1.13359862960766,0.877862754171521,49.8046875,0.0206106910312963,ok
286.276533592989,358.095280331256,215.1755509909,433,1982,324,35.2559064254449,24.2179293510292,35.2644892206374,30.9877906185224,42673.681386084,750,49743.626887014,5.36049528229437,2.94661502342576,0.844346599190138,95.703125,2.58084481287859,23.4516290726817,49.2365066181578,43.3035174665719,0,1146,211,19.5565928705485,13.3426054959169,19.5614957509945,16.9187858131369,22620.0361589533,699,26618.4979643542,4.78276607382606,2.09605910838665,0.860294854823564,121.09375,0.908198572311017,ok
208.60761789601,225.996903436213,86.9599567957183,219,1874,393,43.7288377363236,32.4199533433905,43.742062000335,49.7032652605522,44582.3858318673,612,53622.602829968,4.73512588036848,3.6002016351129,0.797841310607785,91.796875,4.66536833418555,171.668322981366,193.6982413334,89.7440697967659,199,1912,339,11.7767088562428,8.36581588016579,11.7803674811844,11.8973125804039,12309.7697003876,610,13468.9635670669,6.32805407548661,1.95957856099185,0.938854116658758,76.171875,0.306938396680428,ok
183.823291601461,307.511853913536,246.536943013139,0,4007,627,8.40555572304061,5.96325078838254,8.40610320667668,8.26627047973267,29807.0227644668,2147,45726.2070453173,6.3096458813126,1.72212656937078,0.644996751504,49.8046875,0.142610580479834,36.5442672532307,74.2205737388625,64.6048287043732,0,2710,627,3.5450758419303,1.93166942646431,3.545319276336,1.47402884020616,10822.8282521626,1838,14050.9634081014,12.3700535094376,0.88292641797051,0.844009311590457,49.8046875,0.0269979085104967,close
276.947068403909,292.988494899241,95.6557923536032,284,1688,296,33.4783026534923,24.5185490243619,33.4919420248651,36.6783924115454,24817.447982301,490,30108.7782019164,5.67199790064438,3.23679442829002,0.804067041025534,95.703125,2.46567066010254,213.897278314311,242.503041625341,114.311644222661,232,1660,274,33.7048337114373,21.2351364039939,33.7196390531075,26.7893486498723,21086.1764533751,459,24186.820364149,11.656871387129,2.85628934359214,0.820266973172749,109.375,2.63520002172129,point
323.927887901572,351.294857486965,135.959986301082,406,2963,744,9.96417069194124,7.28333247566572,9.965873695832,10.8983322421744,14863.9649519464,943,21311.0308237979,5.03882283809149,1.8909616004695,0.658075239079602,68.359375,0.192875241230925,327.29199255121,350.108585975736,124.345213600065,387,2324,559,4.22186810756527,3.00789987103597,4.22265390226593,4.29452845346559,7719.6446241861,931,8076.21115373159,4.96690804720239,1.214053420294,0.993705990899337,102.5390625,0.035035637469791,close
78.041804180418,127.344119426361,100.655722519858,35,1337,202,27.6559981014306,20.6699425089281,27.6636017999485,32.1103437484371,25879.3185833542,602,37577.9554812312,4.93148789159079,3.01173482411822,0.662828860723484,62.5,1.61573701134891,303.293982808023,326.192793730868,120.094811996977,350,2132,414,39.3159941642744,29.6306741056838,39.3272639097042,47.0428288891433,36548.5183952561,586,51705.5263144183,4.57055862156541,3.57432047022373,0.691198525861396,101.5625,3.06528137085221,open
136.38687664042,139.255400852774,28.1265323757711,144,2469,555,15.9877929366059,11.7930721729631,15.9919750611808,17.9727319719628,15424.829377727,634,22465.8024894947,7.05811384039083,2.35524151787402,0.658135196251591,103.515625,0.526327340914767,79.7282157676349,122.185734578304,92.6132501721716,31,1340,271,25.0621331299008,16.9454252608483,25.0686336141962,23.3927186898739,23143.620187487,634,32670.7799029156,8.34829145052846,2.62055322125311,0.690515972358887,68.359375,1.30919584202937,open
248.972239358421,262.708771889871,83.8633506041231,276,1815,381,59.1746329452736,44.1759284878564,59.1928938775532,69.3206184429382,62573.4145797761,648,71609.1800788152,3.90172430337874,4.03965238550849,0.884691355895645,136.71875,7.55416248910792,183.797691039032,216.770273081709,114.956622493756,206,1650,347,11.4944892299542,7.87372707985852,11.4976489512325,10.7994735576775,11771.1780462006,661,14322.3095582626,6.46574093986997,1.83296048805249,0.801724194210271,60.546875,0.294307581462604,ok
448.129247168554,461.174780910269,108.950743996387,480,1347,237,32.3470125920301,25.0877994625544,32.3577777562652,38.8192531309204,30302.1587814391,596,37656.7869932941,3.30970384202063,3.32504854154781,0.777989811727662,58.59375,2.41431146008827,191.19193989071,203.343771007745,69.2647701460414,208,1775,415,19.8981961083303,14.9771257131827,19.9049871023346,22.7443450398179,19010.0758908251,597,21926.5120440995,4.43608788311314,2.63121055758502,0.863941101502963,87.890625,0.898650959680886,ok
16.1444652908068,30.9107836821133,26.3720536452829,0,552,82,77.5068694356202,51.1404531320994,77.5432468983477,60.2162879720237,48601.9778463255,423,54515.723038818,6.52207027743738,4.02122887403671,0.886613628993999,85.9375,13.5907673284499,26.6859813084112,59.5219271620477,53.2293736625258,0,658,86,25.0640749258601,15.7350789961213,25.0757947699635,16.3542904231252,16073.0470324862,412,16836.5345258498,7.32980537742857,2.19476431084542,0.973566289389792,101.5625,1.39273898746292,open
479.842245989305,492.125192215186,109.293236220039,518,1601,309,29.1185348495664,22.3106384128535,29.1263154271324,34.769850363616,33663.4560206908,700,41720.893832036,3.61639498932365,3.14761005735932,0.784425212061525,82.03125,1.96071194525368,182.390334572491,195.674487466151,70.8868075275658,201,1345,370,6.73023856129126,5.07659020635743,6.73202314958624,7.93091994895322,8194.04731433914,727,9559.21935857104,4.21595566007531,1.63516909420994,0.844125201485411,50.78125,0.0977046020184144,ok
203.298097030531,309.709509441338,233.656954588612,34,5891,1029,9.4756329182005,6.93020415931713,9.4761282647242,10.2986767502511,43485.8387857925,2734,66280.472579709,5.64012763270657,1.85464035677368,0.632238241561817,50.048828125,0.155469272478679,20.8095639351169,42.687872710074,37.2741581593813,0,3886,923,2.81770741079183,1.71437732211911,2.81785577722892,1.68001484559921,12078.3775024127,2430,16276.2982961989,9.860217940604,0.90221407044166,0.788326280465424,50.048828125,0.0153925865413372,close
325.863563402889,362.713053569257,159.31254543617,371,3048,724,8.15203124765284,5.76892477518426,8.15312151934046,8.09463077388951,14083.759291247,1058,21564.2408096387,6.36507706457495,1.70580600327988,0.666405656888531,49.8046875,0.131414177265615,179.469559787699,215.538539487422,119.381693274007,132,2858,714,2.96383564648494,2.07401820232362,2.96429812955367,2.81356077814845,5607.56370079255,1022,6643.08030204255,6.31371101879992,1.07537879228762,0.906106730735116,103.515625,0.0156119643543969,close
494.557876905703,506.537098082148,109.54046492635,521,1144,205,9.22446797178354,7.06965910287414,9.22707295530875,11.3396698407324,8103.35001168833,515,12520.3662711901,3.72028780101252,1.91081757693226,0.616921675849817,50.78125,0.187536699015298,340.616430260047,356.241787263802,104.379584272004,347,1560,364,5.74967033887445,4.0627664816533,5.7513695703745,5.78498515596478,4721.96601764849,497,6874.20088695739,7.71830659817816,1.45570205230245,0.669854423294648,50.78125,0.0714357552980306,close
380.443245778612,391.19580647756,91.1097649499478,421,1787,377,13.4639713132766,10.3298144015215,13.4671227193921,15.9513811313012,11885.3665715754,553,22023.1643040438,3.5383715918908,2.26060716879611,0.498845984079492,68.359375,0.351757808094281,340.670856610801,364.938277605714,130.886551557036,393,2430,512,17.4226254507965,10.5210279786966,17.4266822343345,13.7058976232069,15565.4621987744,676,22599.1680982403,24.9023700090866,2.07897791025257,0.637551223391932,76.171875,0.673760652241933,point
234.316764132554,258.621463539879,109.509834959405,287,1442,217,19.7400412003419,12.9215185893443,19.7496670068465,12.6184518427531,9855.14285984338,341,13257.4780726673,5.22217040881548,2.14264884304363,0.712906357798201,89.84375,0.847571312151756,189.742673992674,242.087799666263,150.415887532448,211,1098,138,17.1199151733908,10.1678133784813,17.1277592729695,9.41207008767914,9747.81804450196,359,11103.2522093016,8.93116962218058,1.68730478171543,0.85566538079108,97.65625,0.65091008237581,point
226.172853828306,235.255535648716,64.7567728820918,241,1491,375,23.596045957644,18.1291644741444,23.6028674678539,28.7776046088734,25732.7963911346,635,31254.6795534249,3.86036073534305,2.89110746310601,0.818893541761334,93.75,1.24919772836166,113.799738219895,129.343104738735,61.495798888009,98.5,1450,302,10.1406285540824,7.40674574955788,10.1439462286747,10.7375216888,9090.34352324553,584,11317.5075053244,5.72981818862128,1.89527501625547,0.766195704398515,80.078125,0.18877058085704,point
301.037351054079,378.790775258209,229.923947505927,439,5302,1270,9.22976417729327,6.52413183505819,9.23029201865491,8.97962940926297,37546.2921572587,2440,56942.6226563879,6.19857314348514,1.79365950828028,0.671629456497331,49.8046875,0.147599344594666,246.613701236917,316.646416590914,198.623582738891,371,4840,1149,4.69854656198335,2.98777831606037,4.69882547384684,3.12576181976823,21746.2688159835,2532,25121.2400814356,10.5666233464535,1.18055985972133,0.942949194128547,49.8046875,0.0416363610612399,close
343.103281853282,352.192634142739,79.5162944945353,367.5,2211,331,87.0031237135204,63.2392366430795,87.024126263927,96.729779848209,130458.446377234,989,131031.698324461,4.32395487503009,4.42763214504317,1.00286374466582,171.875,15.0212744016043,0,0,0,0,0,0,6.79941988669649,4.80587209656595,6.80088383823274,6.31256981139431,9560.51574789647,788,11164.0408803227,4.49175182651437,1.47338765235082,0.855454610106656,98.6328125,0.0951867601870285,open
504.399420529801,517.851987422549,117.292795249621,558,1476,294,7.7812832432396,6.01298578684707,7.7828924205741,9.88571382113946,9831.83123102423,729,14527.3736610225,3.64432463906902,1.78799276514938,0.658901500152338,49.8046875,0.125166385915033,349.954439252336,393.113937868422,179.117145899977,413,3260,594,8.37747270055146,5.0319251843561,8.37910398872293,6.14205274961857,9646.82463934773,827,12921.9838734265,17.3643451425457,1.50388847068567,0.637205346786903,49.8046875,0.12426700273906,ok
164.388121546961,279.183838618671,225.686134863898,0,1140,205,5.76784213044973,4.20734972984596,5.76863888604059,6.24499181914143,8602.0727842256,939,15230.6060220424,6.02809815987062,1.49749129122112,0.556397436904496,49.8046875,0.0702577384208602,102.337610493299,197.270811387234,168.673943177391,0,1156,217,5.90855711955106,3.68162201403939,5.90939955532925,4.19492902946651,9594.78108587799,992,12911.4484032362,12.040726285497,1.30812724894263,0.780954539688918,49.8046875,0.073655550318071,close
217.485873287671,218.439087266658,20.3889117724006,219,1280,396,19.6193326882562,15.067215515784,19.6235323787485,24.4561505900181,19196.833030157,628,35197.0154448715,4.05442976360403,2.65831412922853,0.507277750974699,46.875,0.770096412561744,243.143768768769,264.605923345774,104.41022235007,283,2574,656,8.91212921739038,6.53450471340842,8.91380219768398,9.88073975787705,12418.026497107,861,17407.92055652,6.4995506433897,1.84199768406588,0.7014836004735,49.8046875,0.141165185639701,point
271.788174807198,318.076283877058,165.280838328371,366,1756,349,18.2100482195585,12.1772713464626,18.2147302459578,13.8342189759704,17176.0522633173,668,23684.7927688697,6.34339365857375,2.25328994372665,0.701515231898817,48.828125,0.72912643152321,135.97691984893,207.741570751288,157.089760971004,0,2402,339,14.8141913691525,7.81142900365421,14.8173003633652,6.73686122312422,15755.9392315276,818,18614.635315708,22.5942982394424,1.61204840634428,0.793010661476692,53.7109375,0.457137364694435,point
388.576891781937,465.835828944137,256.978374990267,575,1836,200,36.3835579470343,23.6312620700533,36.3909612552694,28.6002167063274,45545.3592167661,869,58085.642168191,8.12910794774066,2.69610627653398,0.74918677318866,83.984375,2.54580258089018,57.803343166175,78.8602936804746,53.6575711534615,40,2322,417,13.8197424314768,9.55890539268088,13.8231408679426,13.0875925584105,16246.1991728741,739,19442.8135687129,5.50347725578949,1.89513113985988,0.824937294780473,66.40625,0.383444686091607,pinch
452.909812409812,464.908088016363,104.97706033256,496,1113,190,38.0843552109926,28.7033140767662,38.0981000231191,42.3687789324446,34079.9149052981,532,39782.7933103979,4.01099213175687,3.48788668572562,0.845463956882148,152.34375,3.0598139565328,6.21868211440985,12.6062752324125,10.9696537274246,0,1014,168,15.2589782504948,11.5238452071065,15.2645023626287,17.9930851112417,12508.3044539829,570,15914.4302310141,5.0067545392639,2.35038914044791,0.764120650089943,56.640625,0.487347199183422,ok
122.848218417399,149.397151992935,85.0362891370743,138,2008,412,45.0112718279107,33.0362624772081,45.0216897083337,48.4481462139634,64106.9673601033,882,71391.3632132468,4.58634611483434,3.55013778931497,0.891698906430299,105.46875,4.08273954059915,7.05344585091421,15.7222880727003,14.0546024986288,0,580,158,16.7204941211918,11.8757807315503,16.7244113014041,16.9276236073137,21454.5870921739,766,25331.0403003967,5.54926502313009,2.21677483831144,0.819778042940794,76.171875,0.5729746282451,ok
386.784995425435,394.795197465022,79.142153908848,390,1851,424,29.8792450417386,21.8839644340001,29.8860797677321,33.8658386720456,38047.9353203541,800,47838.3462527243,6.20367910233599,3.10645315316027,0.758783611324113,85.9375,1.7392211848197,36.9678089304258,66.454701973075,55.2376024953157,0,1222,262,12.1517820883396,9.11713974868251,12.1549335920773,14.4468410798566,14219.1374053428,693,17559.6111559625,5.71425851128003,2.14179849115473,0.80847964575421,91.796875,0.262959614353667,point
372.126410835214,409.141390231913,170.118745653516,421,1591,285,7.55599414383554,5.42513739288718,7.55883792127829,7.7693744216578,6699.63802163976,550,7210.00759514706,6.93132710859655,1.67629662829121,0.935066731830954,95.703125,0.130077103348754,68.8069868995633,82.8322237572819,46.1371316422632,79,824,197,7.24627625029768,4.91235210987153,7.24943934446433,6.26777997782202,4110.43298959795,365,5624.6431658029,6.72949926208874,1.53648155468783,0.725268614475685,58.59375,0.100514036190842,point
228.374703087886,243.295338496172,83.9154235759695,233,1706,378,19.6576859919245,14.8876094491048,19.6635109040846,23.9285252476589,19131.7173001726,603,25070.7343122926,4.1872586330274,2.62904481469308,0.729980126700887,50.78125,0.823621670194545,57.4179190751445,73.7147878121923,46.2416318505235,60,994,257,12.6489100771086,9.2911645567018,12.65256497511,13.6509008238667,12267.4818903736,638,16073.7146830941,5.59307440819294,2.12272723809096,0.717074607774923,80.078125,0.345830389232537,close
344.231418918919,443.15079670434,279.116747253647,556,1578,317,11.3055183491321,8.60335791619931,11.3068825477918,13.5246845479128,24702.985971126,1363,35652.31520473,3.77961643019409,2.07410774359464,0.671550447112906,49.8046875,0.250786242179625,316.796862946773,397.874311633789,240.745963006958,477,2114,446,7.03041953152227,4.45937102197783,7.03132052193315,4.60184287353302,16619.620173799,1432,17342.4939044718,6.65898098752309,1.21980297615575,0.979726253921239,107.421875,0.093610320700006,close
127.167073766488,139.176552795614,56.5704124468314,129,1762,465,45.7899478772607,35.1391292981639,45.8011193093841,56.632786357893,57385.2051506118,779,71929.7976733416,3.7656630833948,3.83822817795187,0.774581783325153,72.265625,4.32848503286639,136.234456573327,157.999035760907,80.0431690817165,129,2190,546,6.60942247183714,4.85245729936193,6.61099114649232,7.07117590367303,8907.77073019366,813,10224.1275297556,4.86641775399754,1.58736677348135,0.84899790816939,80.078125,0.0871720990803629,ok
296.012605042017,314.795238237186,107.166428390933,354,1438,260,26.9185411724229,20.4283391693575,26.9326804916753,31.4257674672246,16257.9813815178,333,19447.7788892283,3.8473091335371,3.00699995626369,0.819170236787575,140.625,1.71094468380072,0,0,0,0,0,0,16.0282107548249,11.6782095137412,16.0372778478574,17.2751906730177,9492.32827971737,369,10311.8590006335,5.29542102828762,2.31721752490385,0.87322165320849,78.125,0.569227852203593,ok
240.061235356763,242.898865564331,37.0296139025505,248,1136,309,19.0071479050486,14.7756981448448,19.0122101398496,23.5892658006657,22756.2394835389,731,27748.7611160186,3.66236247096951,2.66643189453982,0.789195242035633,93.75,0.730720051449868,59.9249482401656,69.0326047429643,34.2798677164164,60,1426,371,2.56581687906606,1.82906590322594,2.56648083048989,2.5785632415919,3045.69266315986,628,3533.75532503252,5.78325693204281,1.00795015628166,0.87154149287506,66.40625,0.0125835998547979,ok
65.539260220636,80.9521373399687,47.5323053148411,45,1585,316,26.9011591923688,18.4673625747411,26.9098919121922,25.3844442965896,19230.0192294285,483,28458.205727676,8.77247026830563,2.75665993579255,0.612871124567967,64.453125,1.66260798337004,181.244977316915,215.498741788088,116.613803287192,182,1442,300,39.3444884856564,27.5695380681974,39.3572395509187,40.2278426009061,32048.2580772839,536,42539.7972392286,7.87152226245539,3.21673149390817,0.705005302616688,83.984375,3.49024054097482,open
396.661738616203,468.324053073475,249.04530197257,556,2330,272,14.6373358038089,10.9932969051282,14.6416546726935,17.2728132261384,13033.4843132553,531,18589.6650665718,4.58009660547656,2.29278111398109,0.682550689082375,83.984375,0.474375989677,107.628406275805,118.347226672645,49.2361049981803,127,809,162,5.739812206567,4.27362853024261,5.74217726923499,6.28528991611147,4011.54792928911,390,5175.3641501238,4.09996042919544,1.49807599654579,0.762386301815316,50.78125,0.0741755041367529,pinch
322.528207461328,337.976053902978,101.034710032632,367,1577,397,3.12758889457115,1.91334626335999,3.12829897295091,2.36560966086148,2775.45216125713,601,4205.53508686527,15.1663608276046,1.00035031252816,0.609957086049265,60.546875,0.0139346085970307,86.0993733213966,96.549345861135,43.6981562270722,102,1684,466,1.95907012328708,1.15011029959381,1.9595065736072,1.31777397117714,2187.65558409095,662,2569.34640929258,16.9801944878417,0.765257312229489,0.918596371069624,50.78125,0.006044946595652,close
375.750851305335,433.761981813986,216.765822273004,497.5,2376,352,8.02937024975228,5.85649337965048,8.03164034745029,8.46309063528607,8618.03827569688,654,10319.1413349441,4.50564124810034,1.71198676898419,0.822750990268663,126.953125,0.156298797785517,223.371663244353,245.387692806652,101.623267434921,265,1194,238,15.1284777695418,10.4723511775676,15.1336576763382,13.7767153415274,12110.7101368428,506,15300.1050704263,5.56695741136085,2.09057472903707,0.785178004171987,68.359375,0.499104698376081,pinch
182.557788944724,196.57705280231,72.9236839261509,180.5,1956,355,19.6145063728867,14.6307065388293,19.6194357517164,22.8674661109012,23126.3083832312,745,29115.1060122702,5.45265959361521,2.60487397016387,0.765432112435225,50.78125,0.821767483212732,18.7290640394089,41.6762445477746,37.2399607915261,0,1100,172,14.9806294555,10.9205430058151,14.9843200904129,15.9124770571035,15608.2463195135,735,22168.7023018047,5.55674705918567,2.28261967105041,0.6652480659071,89.84375,0.372862433101528,close
228.046918767507,239.522460541055,73.275998858558,237,1472,334,17.0481523641952,13.2090337232618,17.0541246347037,20.7249326567456,12523.5249197998,509,18862.5001568179,3.21548362217388,2.49574215849219,0.63335758661206,60.546875,0.6751966092102,111.985283812193,124.789316493288,55.0799030133566,126,1098,343,13.3720502596196,9.2375410934128,13.3767380885598,12.6344598199262,12136.1271719062,549,13181.9711403001,6.26495084241309,1.98349109139194,0.947280609989785,93.75,0.444422847983018,point
112.072607260726,128.338345879563,62.559498421442,108,1841,333,39.9873388153303,30.5371849688467,40.0038304783077,47.5570795379237,29204.3081106285,449,37011.0681822421,3.69567950239948,3.57177312110452,0.770086773940017,82.03125,3.92029613779841,153.254483347566,166.219651885477,64.3861491977498,185,1264,288,8.93423596751686,6.17656885628694,8.93805313693457,8.55924216004836,6292.83177439359,424,7232.762130712,7.08895275160326,1.69373357206926,0.881173732829585,82.03125,0.178823694819624,ok
325.708771929825,358.537788265108,149.942866825746,344,1907,241,76.8925749975884,55.2927403556069,76.9263215978173,76.230887306758,60651.4204457119,521,63033.7240053919,5.12481162803733,4.54594701521095,0.991189846087604,125,14.8641975643533,88.3400921658986,119.773315077309,80.9179206132688,83,934,173,23.4096107093668,15.7429357545103,23.4204053444837,19.723984862173,13636.0734206678,409,17081.0852936437,6.1915246750464,2.41209557490765,0.768286647601851,93.75,1.36574083783588,open
23.8468950749465,45.7485563362632,39.062638377831,0,726,71,71.6693413517941,51.8236385469727,71.7077388730623,72.5829312162,41877.9198995519,391,48403.2784028725,4.73758201408078,4.39000456207185,0.869577735000063,113.28125,12.8576400492455,49.0297131147541,100.518996451124,87.7955208151284,0,886,78,26.0103283859517,17.7929294441364,26.0236635934671,22.7380293024067,16992.2017912278,426,17365.8991374771,5.87325048063665,2.54700291536543,1.00330868074312,93.75,1.50300719015466,open
221.133118625872,246.879264912847,109.799756677189,254,1916,431,11.9543836479503,8.61671987526628,11.9575863995244,12.5656346545373,11832.626955099,615,16052.9491276211,4.87455683199208,1.98594119611904,0.701294380479948,91.796875,0.285952755687149,134.951076320939,144.999885282362,53.0566678844426,149,1204,293,5.54983068749195,3.68859121205951,5.55164033655675,4.79154808977114,5226.14040890663,561,5654.61032808723,10.3010373163807,1.29441728597427,0.886938923332796,64.453125,0.0485967118068964,point
369.417498081351,466.362246924929,284.669801662725,591,3318,389,13.9430279742699,8.76245498292192,13.9440979287631,8.97326336030159,38307.3450258627,1942,57087.3942137363,9.62512422731307,1.86335083283205,0.633983884368989,49.8046875,0.334129002417666,325.948709830616,432.708065268373,284.616464535028,455,3837,653,10.6795422400035,6.44341326857622,10.680387365758,7.10652887529916,31275.3874362313,2062,40703.041617596,17.2171628755367,1.59540363634142,0.712712540824695,70.80078125,0.163128184698941,close
95.5016835016835,116.879776500822,67.419671282307,116,1178,176,33.4822926539367,22.989896969103,33.5010976489168,29.593947730765,17750.4659585556,323,20483.9981994708,5.56915970186586,2.86833436067654,0.856641437589368,82.03125,2.47126517326775,0,0,0,0,0,0,7.35897034176473,4.66406439843361,7.36284587548856,4.78509651064324,3774.15632572863,329,4430.86117851193,8.33469045022983,1.3473166730619,0.838036794353552,70.3125,0.128942450466775,open
407.619223659889,470.044083943493,234.122487156354,549,2495,405,18.3786147879831,13.8099217230846,18.3828268386957,21.1893800266353,20896.2388539425,727,29884.6706087551,4.38451439697428,2.53216648306238,0.675508095420896,52.734375,0.726904008924939,105.236653824986,119.165482493638,55.9229835351742,131,1254,293,6.54421635078757,4.87536598855572,6.54601243868741,7.33664494045671,6426.6583284116,602,8858.54000120575,4.58602426277304,1.62215633659631,0.711490118048697,50.78125,0.0887514486931086,pinch
238.710234824989,244.072173677518,50.8900501532381,258,1878,521,31.1942098964661,24.1082760221495,31.2011171772131,38.1075076312882,40836.6018363558,834,54412.3789819913,3.34705025214106,3.23983538333819,0.718871173329784,62.5,2.10574472714028,140.238095238095,152.911626006545,60.9659826327751,168,2256,605,5.85664340875995,4.04229218938828,5.85790998564466,5.62855808483645,8160.25112913167,863,9337.69495748692,9.42603056207004,1.44115571164394,0.888917642254374,49.8046875,0.0755780161037165,ok
378.757444504602,397.769691058868,121.538154229214,430,1921,342,45.6439905813041,33.9348754303649,45.6563505917466,51.9851914868284,55637.9539277051,790,62677.714919884,3.67148870428234,3.60454766315647,0.898282280911206,72.265625,4.44089487001306,0,0,0,0,0,0,28.5095921528071,20.4056396825474,28.5174397806129,28.5421041523454,23795.4172374723,598,37077.0473031886,4.7354345711004,2.74529058630613,0.586691578171339,62.5,1.72174289446659,pinch
414.150723025584,425.302205582589,96.7799256506077,450,1845,360,29.2135454148982,22.2764458246407,29.2216724439123,34.9096236482173,32851.0667334519,690,40053.0495927039,3.74025854824997,3.13221659339962,0.784234548685233,97.65625,1.89988777601222,220.250679717238,247.277551755022,112.439763674583,259,2166,445,18.9277443283665,14.2702016268154,18.9328910143565,21.9938320669542,20783.7539168335,701,26242.9007917135,5.08863861344709,2.61272811788383,0.762710119193309,76.171875,0.747518255562272,ok
83.8446346280448,116.634188400675,81.104510294436,58,2170,289,48.5817059330451,37.4153661928482,48.5976801228265,58.9297203416363,46847.4629708462,608,56833.9412469364,3.71945509622387,3.98296490737499,0.828558332897631,89.84375,5.63164373943147,247.759485530547,283.309086661916,137.446079394968,311,2436,390,18.8906740062704,14.1654551771051,18.8967511005447,21.7440111897014,17498.7624015438,586,22027.2828003985,4.46987276233254,2.54209341871307,0.790765350686186,89.84375,0.783377248367589,close
240.260010678057,254.109830965417,82.7682971443739,273,1540,345,21.2802724609881,16.0701702900111,21.2859263878665,24.7111636482612,23194.9308232233,703,30099.4289531909,4.27579773596252,2.71284892035599,0.735497101035181,89.84375,0.919803841386294,88.0849114233354,102.532838132672,52.4949013551194,115,1212,327,3.03508429861002,2.19842039960151,3.03600951333577,3.27806556392582,3147.54101485403,568,3598.81419414767,5.22665968724031,1.10527499327358,0.878876386532311,103.515625,0.0193926465059358,ok
126.883489461358,132.082524678804,36.7037077727365,127,1304,320,12.0815407784072,9.07961815005155,12.0850780987122,14.1996651936538,8122.95938930864,400,15507.9878002881,4.46527668549601,2.1138175779079,0.47993394068062,48.828125,0.300966538654489,11.7719419488597,33.9976420988162,31.9055567427867,0,918,83,5.76761595835425,3.21392590239129,5.76960994785851,3.74669902364404,3010.40785077605,396,4650.5507807602,21.1635030049682,1.22990828260175,0.605547920053609,70.3125,0.0908098060210196,point
475.320754716981,486.001430314894,101.35418607291,517,1547,257,40.678037068968,30.6460550351489,40.688138902375,47.8325372215275,51246.5946134974,835,61721.1548407899,4.24930855211699,3.58189874067882,0.808898183129976,109.375,3.26153614511007,12.045183714002,27.9961782751486,25.2787823028595,0,880,77,15.9157235412004,12.1088998465258,15.9196728253569,19.4401780310435,18571.4028193032,715,24387.324290903,3.94411044236658,2.40089169219298,0.723760970007902,74.21875,0.514564111502331,pinch
299.033573141487,396.003804513856,259.68897935558,285,2150,277,10.1979538788425,7.15206346760955,10.2010004703565,10.4841540807335,8256.45416266294,555,11929.6418639727,6.87055280028914,1.87200770029817,0.683311901035969,50.78125,0.223324313123035,115.810298102981,165.964774072881,118.919562284248,79.5,980,174,13.6430617582154,7.97735372369792,13.6476845894664,5.9744756179613,9194.62190127753,453,11774.5740961781,9.77065839376381,1.61442357450073,0.794991641765296,128.90625,0.436193290472049,point
184.763489208633,307.739888589011,246.212930608073,0,1562,40,35.4288309135136,21.8492688912286,35.4447602957743,24.837446494452,13346.0774717133,284,24296.3870070462,10.1322476195986,2.80705018429279,0.495692058804353,50.78125,3.26386755041329,41.7211155378486,72.3364024048875,59.1316084681493,1,798,86,10.5119800334975,5.66369609603999,10.5189669410092,3.88947653271665,2897.52187802859,185,4264.76316031811,9.02479640192948,1.3685015323867,0.757749245950837,50.78125,0.293483451748706,open
214.507482993197,218.514816820434,41.6659601505591,230,1320,381,18.5220706477995,14.2771491915889,18.5262690922321,23.2317441262593,24252.9978033282,804,31481.1139674536,4.01737775745619,2.6134753383525,0.754189965934866,78.125,0.667612200913208,0.844433641225085,4.15867813035945,4.0730333372964,0,134,30,2.20859700397634,1.58221913787016,2.20913401680319,2.24665662124387,2836.68162937043,707,3254.62476659891,5.28798295247725,0.939268492825727,0.931946868819217,80.078125,0.0100613133108475,ok
492.257215189873,508.022469352576,125.609124450534,542,1553,228,38.5189716533385,28.1851739049042,38.5287236474735,42.7241973721466,43934.1730747382,741,55665.7184621857,5.6657711263872,3.38539646257313,0.747161837901382,89.84375,2.87934713246667,91.7727967396842,102.45310545872,45.5571057182074,102,1290,358,12.3550130778188,9.53749100557541,12.3581589009719,15.1773043606265,14407.6896349351,732,18722.0948439445,3.61871185296074,2.18008524982719,0.759308751599312,80.078125,0.302932761753656,pinch
401.886513994911,404.246807563073,43.6311825176959,405,1836,470,69.8310563072702,53.820940174093,69.8487609115556,83.0414194112003,88967.8745263607,812,105758.147442093,3.42113642795111,4.64866930618132,0.812326796376201,78.125,10.0955173963287,1.02622107969152,3.38011727637615,3.22139698284107,0,230,59,23.7784865545505,18.166362393653,23.7846014650758,29.3892332554969,26155.5302202167,774,35333.5748556551,4.09631062925762,2.86929928264328,0.675478861954688,42.96875,1.1755780874554,ok
373.906148867314,424.197045190564,200.389345756689,504,1981,374,9.93504850926003,6.65582161628765,9.93733466499853,9.17846035182098,10039.731542584,688,14396.5421560302,10.7388656106097,1.71498716017176,0.677453483174809,72.265625,0.212419188152012,316.51242084754,366.2454653194,184.315425001289,436,1569,303,2.9966611865338,1.95154810827649,2.99738873867678,2.2496694476119,3688.98079804447,627,4006.52826629164,6.00098504265836,0.885996888544696,0.953143821422146,99.609375,0.0181004092801041,close
407.82504145937,446.205130228377,181.08381729848,510,1876,396,11.4408665781169,8.60482150369176,11.4432349515431,13.1138744132776,15179.4564836813,805,20754.8294669045,3.77239087217351,2.03601090756169,0.698761417324891,76.171875,0.269405369728111,299.28131252501,356.960278260905,194.593136790656,429,2078,445,6.1884522800125,4.44085471508752,6.18969083675895,6.16244446111068,10449.0768436834,906,11097.6959330037,4.70687809240827,1.4911132713117,0.991739877925737,198.2421875,0.0849380129938035,close
421.126860382707,440.704911791449,129.942115569108,470,1395,247,36.9595682961558,28.057181585746,36.9726476748159,43.7120959155824,33847.0602361137,571,39588.6832174876,4.25945663766592,3.48259204758732,0.841006717305712,89.84375,3.03289087217362,176.910545454545,196.726135436135,86.0768249536319,211,1395,307,17.9199701312748,13.5524924483299,17.9264875132307,20.9113916895688,15561.075612916,535,18634.6771164536,3.88316512573169,2.49805539953387,0.820185817500021,83.984375,0.738889199868875,ok
337.332018038331,383.699379256063,182.896636398718,454.5,2036,322,33.7072000831301,23.6330464115841,33.7166983179786,31.1344412636802,39987.5911416598,756,41925.0243341502,5.03178140384521,2.95859059242618,0.961444287173663,113.28125,2.43406953428692,132.4592760181,182.365769144475,125.375143425173,148.5,1768,306,18.2743597287759,11.5728264534475,18.2784955506299,11.4170631728078,17690.6949487119,693,25575.946462119,5.27873680530352,1.72985312087937,0.666060147892004,50.78125,0.768437431784487,pinch
110.106153123532,128.328825518279,65.931512117718,144,1418,396,21.2983179649662,16.0317131174081,21.3033210262802,24.9390890575657,26312.3492456044,819,34131.5172269618,4.6610707835795,2.72116956341441,0.732329255141991,50.78125,0.990433456794457,0,0,0,0,0,0,2.79953560576651,1.91480973632381,2.80021410060965,2.54799714287092,3341.83722920022,675,3942.59324709073,6.93302024365125,0.981264676302932,0.854550680205932,85.9375,0.0149624211002074,ok
270.769446135119,378.461267315674,264.43401787399,98,5091,1001,29.4963938439208,16.836945416625,29.4981890173741,11.1372708958903,102018.285113321,2654,138315.506597574,8.98380094076139,2.06790492344029,0.705376104441881,53.22265625,1.39225368971863,87.0787353515625,149.319068454439,121.306530540663,0,4036,788,26.489733367115,13.0537016469708,26.4913503187021,2.82529210287745,94031.1781705863,2479,106935.923891985,12.9752934285486,1.40015834842379,0.876173956137384,93.26171875,1.19994774897256,point
322.488522238164,329.342038954441,66.8620866666698,338,1359,309,30.7184632426591,23.5810104956232,30.7294837101261,37.3099406059659,27052.0767298486,536,32871.9286308987,3.78121115323399,3.2358913560756,0.795199734581389,93.75,2.09842886781893,149.551598837209,163.349067575873,65.7295745611313,181.5,1341,237,20.9947152713412,14.992492984686,21.0023457883542,21.7214613471639,17721.0404570921,568,20629.670346928,5.78536833748486,2.49670742827827,0.787431297122013,54.6875,1.00698086461607,point
430.84128256513,480.408759237281,212.571108106351,551,1730,355,26.6356187185528,19.046742485111,26.6409579623663,27.1041028291394,33730.2785696222,850,47521.622500352,4.67193602225768,2.70061260347225,0.676745183389691,91.796875,1.44068685016016,20.0736418511066,52.969331698669,49.0282195661325,0,666,119,6.48998946916013,4.62002231567356,6.49129562001523,6.47982277840886,8227.30357583071,751,11480.7554544488,5.19967899885634,1.4829372144358,0.689684810564637,54.6875,0.0832921139471198,pinch
15.1631097560976,50.7114926599965,48.4099350466633,0,764,47,53.7013987642234,36.7608810888704,53.7218688240252,51.2854674921058,43702.3717501183,546,48230.275988598,9.57691100471987,3.74218974266419,0.886468165965661,103.515625,7.19437040187142,4.96964725184578,17.0077914876665,16.2722091997366,0,402,51,16.2016166758705,10.7989299484249,16.208266214372,13.7032979895775,11561.5382479125,491,13163.89560713,6.56509721995666,2.10265824146835,0.847973894428404,48.828125,0.579179401455485,open
338.870566727605,356.500248839048,110.741367136463,376,1900,474,31.2665403112366,23.4515187875934,31.272255685475,36.9301534862764,53106.8312156829,1027,64139.903884068,5.32085819362103,3.18367129279453,0.811365741194405,98.6328125,2.02197842261361,0.00402046783625731,0.0634071591877235,0.0632911350114886,0,22,11,10.9129123238261,8.20423671622552,10.9149061824931,12.8660206326908,20126.8887475896,1032,22446.791655593,4.03623181557871,1.95988735620163,0.920413209414956,62.5,0.228740193485462,ok
385.560148056755,467.733170663495,264.879168102728,542,1855,313,12.8852853862945,9.08601236353108,12.8892517931635,12.0934374275531,9698.16067932889,474,14728.4260412839,5.01372650204568,2.00936326218539,0.635116921373614,95.703125,0.360303145507017,82.7833056937534,121.267146582424,88.6396548720508,36,1004,187,5.05729287817258,3.22944312350788,5.05869124808223,3.21422738971835,4873.53344766774,546,5842.06261042576,7.24587475924634,1.15380579614345,0.847389128059471,111.328125,0.0518253216110222,close
383.713533834586,402.755125327343,122.420926572615,423,1413,273,40.5616133596058,31.0382891510216,40.5768392448529,49.5049631488375,35867.5978256523,520,41280.9245708587,3.61311263443279,3.62631032773626,0.858170901413294,105.46875,3.72821887203011,183.683754512635,214.588502186762,110.983769202329,254,1742,315,17.3584656830905,13.5612021446116,17.3647344756663,22.247525359458,14732.3586527617,508,18782.264970287,3.72898371538811,2.60310042818583,0.780344323406988,80.078125,0.63944651325728,ok
110.116461366181,120.436734812094,48.7879136346662,128,3582,756,20.3899913017077,14.7951518798338,20.3937978805825,21.4576299040983,27887.3039131893,898,39636.2118860748,4.51376432668517,2.48142431349416,0.686930589965819,50.78125,0.890798390612224,246.220142602496,262.733864926024,91.6977221461469,280,2182,441,29.3519551698259,21.4988184711771,29.3584964515412,33.1551483701449,34159.1606139844,744,48243.3486493214,4.89993029682753,2.90062663109539,0.684938948750911,74.21875,1.71534014001436,open
379.041427660931,420.544695202356,182.226784423217,489,1837,299,36.3081595355294,27.2192081743137,36.3197306188126,41.5137839642303,36051.3812938307,598,42706.9376254983,4.26659547153054,3.39069164751005,0.838621871674787,82.03125,2.92672466686466,235.444132115249,275.110280066327,142.358591491278,312,1888,347,19.5918873475045,14.3904215141043,19.5987725687475,20.4801222777089,17333.8088894971,516,20477.5698145705,4.13540546853039,2.51568509015089,0.847018065015767,99.609375,0.833195851201109,ok
357.870744010088,361.238219284559,49.2250897948761,362,1716,400,57.805986293723,45.646378907737,57.8242152408558,76.2928985335738,64301.9796164138,647,72395.1569476708,3.14096377686253,4.38319245541878,0.875619314322013,105.46875,7.02416179957862,92.9898203592814,141.066126677556,106.109789810726,7,1036,187,21.1293155474985,16.1467869797045,21.1356444253728,25.695842818044,20119.6384059453,616,26965.1342561064,3.77756463240213,2.72196693805697,0.702299942656263,54.6875,0.958727761551394,ok
162.50166481687,209.942172683942,132.99833435675,129,1380,131,62.273089315308,44.8493703258212,62.3076747901795,64.8467212021646,38139.0944105444,381,40409.2826635649,5.43494255739896,4.07721407316939,0.942551056740557,121.09375,8.69975859575878,32.8944174757282,54.5320672560953,43.5201356215776,0,308,46,8.69466134030284,6.27830642811029,8.69994203164529,9.10153770012742,4548.0319477183,330,5173.32449676288,5.77412230344745,1.77939878080053,0.84351751432937,74.21875,0.176370978265372,open
222.481431465226,317.409614860155,226.463032809554,124,1546,81,19.0441081040717,14.135784711249,19.0505141661781,20.6945662330093,11720.1383979491,393,20935.0971573597,4.37694877311812,2.53087331998773,0.554428385956446,41.015625,0.892626151984708,188.183691756272,219.392385504156,112.833173187103,220,1306,110,17.3802661829741,8.59554821206507,17.3880579362711,6.42298137194558,5335.31502140769,295,9592.63180466461,20.2145694098361,1.60177245285424,0.512366902101141,62.5,0.622093789734944,point
199.537857543466,211.732937428081,70.8399232213491,193,1609,317,29.4848782208082,22.5010952117533,29.4931474680971,35.4992750974484,32871.7257703564,658,40119.4527625561,3.66258588672027,3.15237670218724,0.803736760744948,113.28125,1.80839712726086,219.420871559633,237.48767230198,90.8824055319278,259,2122,431,18.0344620695196,13.702318318959,18.0396339607162,21.037863692762,18532.5154354352,650,23896.8431482645,3.95154876793673,2.56699787045668,0.746476160161415,99.609375,0.749138843890348,close
26.7788740568775,45.8007494229896,37.1672206982736,1,1664,253,71.9778435251831,53.5526119010765,71.9987399448209,80.3982271824834,88715.4584884761,730,92271.1503055548,5.26577764131294,4.61654725154398,0.983202432891642,128.90625,11.0434866242481,12.5891701000589,26.9393952835996,23.8238930548405,0,490,99,9.58451204655703,7.25250184402061,9.58733125012447,11.4068250604786,10819.8361851138,654,12322.000632991,4.05230141471529,1.92117486121876,0.875246456936083,89.84375,0.207383069108112,open
510.653594771242,524.886487764457,121.433706332304,563,1625,231,38.2094126184271,28.8361794847395,38.2190121788264,44.1839193089339,42148.8054365555,749,57355.1609951468,3.89640843742008,3.48898998950503,0.699194404095687,58.59375,3.06628582378213,43.52880859375,64.7857082100771,47.9953705444042,17,1456,253,11.0538672698716,8.37605594276054,11.0565668100725,13.0924868351762,13850.465442647,740,17154.1625707736,3.88719755256554,2.04312451079052,0.792821275583499,76.171875,0.248187169707159,pinch
0.00416666666666667,0.0645497224367903,0.0644598828352342,0,6,3,22.435359882257,16.0526291134898,22.4508965258017,22.6033890425697,4776.48479751688,169,11557.8929617127,4.80258503678315,2.57877271171288,0.401186108069051,31.25,1.1220470477792,132.128256513026,170.144074278313,107.250433797798,103,949,110,4.97247570207263,2.93776887464778,4.97496856124185,2.94098334863002,1993.17593306711,205,2931.89333689848,10.5546606619601,1.13051689517779,0.771638714010908,58.59375,0.0548445585581767,pinch
409.101749375223,454.837322963481,198.813633121061,518,1925,489,20.0849225902862,14.6914127744625,20.0885035191331,21.1975723065966,27692.0400029326,892,41150.6471812695,4.26098182229664,2.43947621598285,0.649799110685742,52.734375,0.845591186302587,16.4044089699734,38.3812616607931,34.7055386647959,0,892,181,4.5881118316264,3.37573729311955,4.58897848876431,4.89974397230463,6201.56751539312,770,8881.56481819755,4.11022255776416,1.32935541955531,0.680902246715882,49.8046875,0.0419226761816897,pinch
298.474074074074,384.675578285262,242.733809100153,401.5,1244,154,23.077836020007,16.0296011762173,23.0839414021126,21.3833496572138,21128.7083813882,624,30295.9462230507,5.54631743745774,2.56135984532078,0.672691520213058,99.609375,1.13992243059213,207.814086294416,270.10126062247,172.588808567416,306.5,1918,299,18.1503258008081,11.0134516867567,18.156086893385,9.64102670143597,12459.4101816971,508,17357.1998583286,7.58520439281908,1.8939243845999,0.697638030311313,117.1875,0.697602455483552,close
459.045867589788,496.725943905892,189.813448104713,560,1748,274,39.4889383072719,29.3461691489552,39.4974846653972,42.7954457857437,54701.338751294,894,67818.9969032354,4.01733095283272,3.41701962862229,0.78656552965061,117.1875,3.51952871855562,192.469072164948,237.294579276375,138.82597827714,172,2142,396,30.1619838200737,20.4715652477953,30.1684638351394,27.4647498812086,42419.6701820971,951,47657.8038968674,6.44283699233929,2.62429079694849,0.921937286793002,94.7265625,2.07956908864018,point
99.6153846153846,118.934961866437,64.9897774947814,95,1842,487,64.0557457943124,44.3257038033705,64.0661181550655,61.6647077419895,150869.582813872,1469,136567.493418184,5.19378421982637,3.44600719902014,1.14682107460075,130.859375,7.91703865543772,0,0,0,0,0,0,6.53934163665016,4.47604315568233,6.5404041582,6.25764926844256,10928.5962083744,983,13777.2608331902,6.46448089717055,1.3383389323693,0.777313456513904,90.8203125,0.0814134457074271,open
411.003613369467,461.443133149671,209.822973144596,519,1461,297,12.5648593638559,9.68919100681023,12.5676964906544,15.2341944437519,16153.9150124457,741,21451.8688890778,3.41051005329642,2.17434056972396,0.730138456079343,62.5,0.335006340805361,319.234793704806,369.341697129666,185.787829564843,409,2082,370,7.00190289565874,4.74985796022531,7.00339064991761,5.95752216853185,10950.1827457334,877,11166.9160644897,6.13828638516574,1.41864549247381,1.01538583087842,115.234375,0.100278500952835,close
62.0808796123742,80.7298449418242,51.6165212710988,63,3902,691,17.7322558518007,12.1822837058309,17.7355608867452,17.3453679007667,21702.9050318564,867,32685.0671827443,10.2760667783737,2.31641776131858,0.625044170222821,71.2890625,0.540603226420345,6.89765100671141,27.5233214106966,26.6494643883197,0,718,68,21.0737497326179,12.8148906242633,21.0772863523792,15.0112528990496,26079.1643966397,846,38188.3740603046,15.8511556425432,2.14372562256486,0.68388939464273,49.8046875,0.712647540799063,open
7.93404255319149,20.5620493224879,18.9747292979391,0,1703,281,18.8871147372321,13.6331622367185,18.8921349497017,20.6487846254585,17885.181959287,647,25630.3450050308,8.48727292679892,2.496476808788,0.669056321578887,78.125,0.741354594859895,3.01627906976744,17.9301292489408,17.6797433277134,0,318,17,25.2142991551647,15.7579905054072,25.221631779255,20.6510378383987,17638.1674525146,518,27103.7436693003,13.3748530776616,2.48905315918259,0.638403407141002,76.171875,1.38302004988604,open
238.93657736468,308.309176618369,194.896455484674,371,1355,191,17.5447408859826,11.9068227767268,17.5495384234666,13.7928055576787,16410.1122878614,565,21777.5788586332,5.42037205113188,2.20036461451571,0.755370993412753,68.359375,0.67219685500716,174.853168469861,250.418427785887,179.310689237283,73,1916,265,15.7119789613761,8.54799028074883,15.7160279175361,4.84647694998959,13422.296677994,633,16591.6491349335,14.3732386834427,1.45280440093675,0.774597684503992,60.546875,0.58292108662105,point
178.860382809679,295.043279047966,234.656082620208,0,10232,1576,7.28771816877691,5.30693280320058,7.28798132768858,8.29177184123677,44982.0094846108,3642,73474.4846603121,7.00776875875274,1.69183605117437,0.636532374854806,50.048828125,0.0985363815141386,56.4458020989505,116.454711261986,101.864365888067,0,4460,764,9.35314946917489,4.31529651524657,9.35350005432335,2.53285924671833,42369.9052057869,3416,57566.0555133893,28.12426837341,1.16546640791554,0.735696524611272,69.580078125,0.156862661846303,point
269.208661417323,325.317531133802,182.687211367469,327,1986,111,40.4677314518378,24.2803408643169,40.477666024049,31.8171350094007,32605.4340883108,647,49337.6526362919,23.7337534918185,3.10181112454521,0.669815306514194,68.359375,3.94157696406659,17.792664289353,46.3169164547106,42.7739394397046,0,682,63,29.0937874138937,17.3234274077946,29.1012007778843,20.6255255383475,24123.9685203455,581,34005.8880015008,16.3473038862117,2.41046822087935,0.714675745436904,74.21875,1.82968277766739,open
75.8388009049774,113.475760861813,84.43492740344,31,2712,389,40.3295260434797,30.6223828011727,40.3409359106173,48.283788791815,47020.3480653864,710,54140.3727924734,4.21418174733313,3.61322127270764,0.864926411986204,82.03125,3.47499703839086,280.957051961824,313.321750103655,138.72223171119,344,2432,448,19.9609624106787,15.0854659324418,19.9662563900265,23.5969874362786,22022.2016722829,658,28451.1887485852,4.35633197628395,2.61266211218077,0.729231897412035,46.875,0.831760593847158,close
177.870518994114,191.206361450596,70.1753946153494,183,2134,323,31.8792917545493,23.727863966938,31.8878235616026,34.8761137239322,34163.6778395133,688,44347.3777542071,4.45061355707719,3.18795803429449,0.7564920241526,99.609375,2.22783109657679,179.369660460022,205.221144044078,99.7381104369262,208,1966,353,18.084255087515,12.7787304607602,18.089208995755,19.0230835747395,19637.5040124303,703,23333.9618213482,8.280765535762,2.3657684169225,0.849484085971437,87.890625,0.682857541446739,close
392.662452591656,397.52675966825,62.0173699407928,404,1872,365,38.638936682791,29.4885923378421,38.6511528566637,46.408761825302,38826.5428348155,637,46650.9530784662,3.81979106460721,3.52195389562586,0.803250630952732,56.640625,3.50483564276524,2.01959583588487,8.06206785822614,7.80740021523589,0,236,31,21.0790880823765,15.923590807336,21.0855281415835,23.9096699238918,18741.1801212449,586,26003.2237883797,3.92779229197102,2.67888638649589,0.677863866326358,72.265625,0.937712969352615,pinch
231.66452074392,253.215420849962,102.241566207824,278,2408,642,24.2497803672906,17.3009515216791,24.254117103776,23.9166600004278,37633.3290261086,976,48373.4604546148,5.88939058275648,2.72473515287446,0.754788291815347,49.8046875,1.32013243677355,94.0611828687967,118.965801803041,72.8502560407081,126,2002,525,3.79919296099827,2.75261855096448,3.79983827891894,3.9522567569265,7439.69350509858,1060,8098.20377693749,5.76781715196838,1.23217864935874,0.975944548836265,49.8046875,0.0268047486280542,ok
428.736666666667,439.614765068994,97.2311193207155,469,1134,242,38.0251086609077,28.3685992167334,38.0409546089638,43.8888275006893,27643.8737650667,454,34042.3190600801,4.38919528172171,3.46174077683875,0.783422341977595,80.078125,2.96366627742148,55.0099173553719,65.0931436894232,34.8141928526273,68,1470,310,16.0741099182206,11.5787374498782,16.0807437621083,16.7872899286425,11209.1598277541,501,14010.2723143527,5.67126299664947,2.3159930136739,0.780826756594721,95.703125,0.54064390557577,ok
449.815517241379,463.896621955872,113.477651217654,499.5,1002,174,40.4055170509183,30.4463160401083,40.4229439566681,47.7554816333568,30705.5914160334,462,35317.7266065257,4.35168473016128,3.56875153158899,0.867323170686864,93.75,3.53533354541269,128.994318181818,150.643462027116,77.843797695926,158,872,232,16.3565897858976,12.2991421175678,16.3643077854571,19.2226202900129,11291.3080619939,445,12987.8940761516,4.50723012723262,2.38630157512873,0.834810683857672,54.6875,0.582480423580208,ok
270.222797927461,315.054599147696,162.014673685188,365,2053,468,9.51135504915866,6.49426724337572,9.51310434187638,9.01647530776021,11840.2230851397,751,17547.5100916012,8.97808908567043,1.7474068640421,0.642279890196833,61.5234375,0.204230192087087,299.975609756098,333.876129025219,146.617835638951,369,2097,498,3.96410167980428,2.73184131795914,3.96492129342601,3.68664200529434,5461.68661762439,757,6608.32414814315,7.11767750844525,1.14322702405053,0.85467086459538,95.703125,0.0389672302985865,pinch
197.668279198341,286.370000996314,207.279331202741,134,1708,78,19.5023032755453,13.5242759975614,19.5090407113729,18.5720711055482,11284.1408256411,393,19569.6273684714,7.23413077344046,2.43676772299964,0.562459100104014,48.828125,0.955353155876924,189.161406672678,224.680231645633,121.294827242175,195,1206,81,17.6571962563264,9.59725113663486,17.6651619812933,7.58748241793895,6076.70241932106,306,10643.3515105281,13.559040380172,1.73053404075492,0.51018655047968,70.3125,0.716029628801683,point
20.9559376679205,62.8246239077988,59.242450573387,0,1016,56,36.4862824040439,26.863685857183,36.4960693952211,39.5349915677604,29183.5487315311,572,49993.3193802175,4.73708265845778,3.29670060581907,0.558019465058152,72.265625,3.02982331531904,72.9399548532731,109.766849156815,82.0461043577759,60,1862,168,10.5135136547127,7.12423801839928,10.5158876267234,8.6381387502833,11458.7728634947,672,15780.1872107544,6.52391581381573,1.72865239591624,0.70065876938944,103.515625,0.229660540868121,pinch
482.680861478218,518.067388843633,188.229507941721,564,2357,400,24.5478557465473,18.9728853107781,24.5538446124936,30.0266119963183,27971.4272228549,705,38761.6046899197,3.46782498591689,2.92925192451086,0.691799959352363,62.5,1.26992804459657,142.54164427727,156.757190473611,65.2455660033795,177,1516,369,11.8287797755122,8.73734350460271,11.8319583803277,12.9537473470134,14263.8972895119,735,16260.1962620656,3.84016729442556,1.97151918121121,0.860613892402881,72.265625,0.330495702453789,close
267.251211631664,278.518878626228,78.4349431156908,289,2143,565,36.2135458625579,27.4424412511152,36.2208456343092,42.7814984323462,53651.5432797294,928,67947.4845377612,3.71785350366848,3.37985690726074,0.780396046665164,99.609375,2.70267723898969,138.666022419791,159.953328378542,79.7449662708666,165,2624,659,5.14273071861921,3.66044053186953,5.1437236044357,5.24920313987893,8818.10834837242,966,9469.55965594648,5.69136016762587,1.3581810975971,0.927721243670502,122.0703125,0.0500536880470708,ok
352.897467828975,400.0120006502,188.381817506822,460,2304,392,17.7511783333485,13.3464712597558,17.7548612946171,19.837236362666,22346.7812997,748,32151.6492647518,4.02524296180189,2.48973354821051,0.672459947382021,82.03125,0.644235597407455,82.4718153573014,96.4358839640842,49.9938871053447,94,1910,509,13.4862750031625,9.83946271428241,13.4892685131624,14.2849456699102,17705.5254623729,811,22168.3094952783,4.20552253907481,2.07788632389317,0.793715184680692,89.84375,0.389924086748712,close
233.948818897638,311.760971458238,206.110253909544,358,2076,130,19.1553909009674,13.6389252328711,19.1595772159335,20.6159154572176,18735.1365622517,636,31178.5830823432,8.65791292042127,2.51678201793766,0.575263763932264,50.78125,0.745207449601718,332.243423799582,443.195538309506,293.381204145163,526,1812,96,27.9129046346712,14.4675090732203,27.9187336811948,8.55099157048415,23240.2806909993,692,34649.6842303625,22.4185600952734,1.90384243100015,0.665778183446833,39.0625,1.37678631996832,ok
230.091472868217,239.090361649297,64.9946016742575,248,1485,327,18.1741429763549,13.7814525268885,18.1788358301857,21.9363746073108,14679.8874477022,501,26667.1106395293,4.77056101432567,2.56476093814176,0.515634607281718,44.921875,0.665746769721424,283.736784741144,301.532182727994,102.082187970717,297,2048,475,8.60777873881891,5.50243167284447,8.61012129545902,7.14946699271836,7219.19910773853,633,10096.9621196696,14.0645558657018,1.6050247503043,0.685988432501901,44.921875,0.166062401908436,point
353.722345132743,407.764848239984,202.917342888595,419,2082,303,11.4762396544908,8.52795701404964,11.4794145171942,13.0907997550358,10146.1412599274,532,15418.5462814018,4.81569668906136,2.04566638870314,0.657872823785493,76.171875,0.283634105410527,35.0624016780283,70.1379194152893,60.7609389069348,0,702,121,5.24946460299706,3.2389419150868,5.2508415109652,3.83832976742122,4908.45314331636,577,6176.66223207052,17.2365585120025,1.23391297072436,0.808853379988559,93.75,0.0573950453922494,close
430.797752808989,453.274546881911,140.99937305252,490,1886,332,25.4210639564487,19.3414774795987,25.42727526124,30.1760703055482,25280.9499504995,630,39592.0044007386,3.6688595908307,2.91539100747705,0.619799522062347,50.78125,1.364654559155,17.6256062075655,34.4554985060961,29.6132516200928,0,608,149,5.60477144468479,4.19981044023079,5.60613065871553,6.35534996970494,6436.08892076991,664,8660.00912775589,4.37082567884554,1.49118574877212,0.720281987687192,39.0625,0.0654635376087195,pinch
444.441901408451,466.758701835795,142.632521723435,504,2133,426,34.196110410235,25.7218196958227,34.2036384122239,38.9717665364927,45216.4651883217,811,58439.9743489091,4.06474103480934,3.30876906469199,0.764177652037548,60.546875,2.39673155516697,139.819642857143,153.48430294333,63.3221032572863,150,1326,370,7.02112768986346,5.22218492923691,7.02269523238322,7.82397010050671,10035.0797742426,852,11697.6942414907,4.01360838501795,1.62807444029465,0.849845803549266,68.359375,0.100119020368101,ok
445.166309012876,457.021148823665,103.445776555519,479,1616,273,40.2050214335451,31.1490138165437,40.2157963601479,50.161615195312,49734.1357162365,747,58061.7617540374,3.60598684794963,3.67263817034332,0.843675340891251,72.265625,3.2062868614727,232.235125858124,249.024190557539,89.9139522613739,264.5,2072,468,17.8736685026353,13.5882579543126,17.8787794707483,21.5396832462858,20040.3226242745,711,23752.2749041384,3.70853628991349,2.50728204212687,0.802781092557176,101.5625,0.668161730649593,ok
205.040584415584,257.363448852386,155.608347250985,287,1106,89,15.5843029175324,12.129798076336,15.590574246063,19.6634658166695,8631.53868682018,332,14943.911230046,3.59323635103613,2.47736890129093,0.552911089952732,50.78125,0.516650507438633,303.892733564014,406.766757682716,270.479261182277,440,749,31,13.7958074760089,8.61623854258512,13.8005668063447,8.05432319844933,7915.48920839558,405,12450.4646940355,6.66485652952523,1.70716958500496,0.620832449773976,78.125,0.443506740070251,ok
478.504631217839,498.495427169689,139.777363281848,531,2674,556,7.4375994176977,5.74904689984398,7.43887403303375,9.3028576561773,14298.9722223762,1098,16758.4717130452,3.89394598556117,1.77077327376703,0.861399817055753,49.8046875,0.107974162572786,176.283169756452,188.077394024962,65.5660954811243,194,1671,490,5.38209211590151,3.40223182411228,5.38306945212554,4.52615231218974,7702.35401968236,954,9359.53974813289,21.8754334486088,1.31290952582449,0.747974332123836,98.6328125,0.0514197798140514,point
281.904152357165,373.913091924056,245.663326780437,351,3773,689,4.92515980355887,3.50463165659884,4.92554367400682,4.91687661291942,15478.6963605428,1935,22450.6703921721,6.07818253974174,1.36023650647613,0.677561232505806,49.8046875,0.041441786323105,203.417306787898,290.552379472478,207.482127037565,131,4762,834,7.86881985792321,4.20014246530405,7.86943669299185,3.83772556099759,18586.0296829506,1837,26792.7087861745,27.1197791688594,1.26582665249488,0.658531961908266,99.12109375,0.0939499914915391,ok
174.353154278576,224.074905774556,140.758715790786,230,5169,1258,11.3426425950956,7.18762246052821,11.3433507288386,7.23652787345005,30555.6021268811,2127,57536.9177965283,8.29558549824346,1.68904380073256,0.486215171356647,49.8046875,0.210470808136818,87.5536786786787,134.147819633837,101.642921866168,0,6716,1230,6.7864114791293,3.64563141146907,6.78683609422476,2.77870907425161,20700.5902852413,2152,29135.8862404608,19.8841195536695,1.15098870157824,0.70336454736717,71.2890625,0.0721720271364703,point
402.285123966942,423.132693174444,131.206206913871,459,1995,450,7.05528354827001,4.68412167911438,7.05674117269451,6.06678344681548,7931.17434883052,713,11335.5744634568,9.00185869278426,1.50224755999357,0.693367899822116,84.9609375,0.0929900318089057,339.280995106036,370.305255786757,148.40273118086,415,1900,460,2.64100018887931,1.85748000122175,2.64153889116885,2.63353233808746,4056.70945488558,772,4554.54096299573,4.85988619902012,0.967191259357064,0.932631978197499,76.171875,0.013400847413705,close
222.967811158798,259.410946291389,132.615769374341,299,1789,409,13.2053425106445,7.20651609180204,13.2081757686859,8.38792735847221,11194.4164462211,704,16791.1824938987,21.5532375346675,1.73397433275096,0.610388340306276,69.3359375,0.429987475649941,203.663845792196,229.811761444375,106.488567372576,248,2436,576,2.64679589056853,1.80867961693859,2.64741810533069,2.40870610722028,2651.34567550033,567,3847.06154522837,7.82421827265251,0.974897865147332,0.661983551784821,68.359375,0.0132841910451761,pinch
397.075501376327,408.277835301244,95.002032161245,433,2046,465,20.7229433100788,15.5707100517388,20.7270185623291,24.2292744963431,29538.797907777,925,39596.3156615718,4.21471424139867,2.65977576401828,0.715423527215101,57.6171875,0.877617603328758,239.15905511811,266.02358991958,116.519706325086,294,2636,591,4.06915923956922,2.92362947456688,4.06996045207763,4.25085336546325,6327.83026848793,862,7426.01886539988,6.28040273354838,1.26969007447002,0.839420956465234,113.28125,0.0306405264232818,ok
123.909295774648,221.977085481527,184.187651815604,0,3996,252,25.8280989712199,15.8941528535638,25.8299170443369,20.6662914293693,69340.5349186642,1925,112848.485260303,23.9547590820574,2.58076186126408,0.664059344113952,49.8046875,1.10469421524042,9.80489560835133,34.9505688168183,33.5494910781908,0,1452,129,22.4319754618195,9.68624967779512,22.4335905988345,4.08709168239113,46930.912785951,1673,67271.0040122871,35.7693435110499,1.49032862888322,0.687873389679764,77.63671875,0.907437045851369,open
383.062051282051,386.972824196566,54.8905879954369,401,1768,405,60.984417222605,46.2002490542037,61.0000592885891,71.5286843534029,80180.3889832467,820,90090.4856556972,4.09219143048649,4.30702181777271,0.891586907425168,83.984375,7.53446819195573,63.5311542390194,109.533974281778,89.2499421371385,0,1116,184,17.4419520461745,13.3872533866818,17.4463922351031,21.0241713244963,18907.1863219069,697,26212.242131123,3.96389843590927,2.56304621911342,0.677184819745949,70.3125,0.558819862337883,ok
606.712802768166,607.474791528879,30.4245766721848,618,386,46,16.2118545130821,11.7690805645119,16.2158591855999,16.2638221570547,16563.2796740137,670,23808.8499820076,4.29875194247633,2.26704037044427,0.639102007096513,60.546875,0.633087766978912,546.356526155409,564.661553845364,142.644841021469,612,1617,310,11.891983053346,8.14868143864091,11.89500084812,11.7738436954209,12679.1237386414,729,16044.753752684,10.9589253424864,1.9581131813271,0.725667008385712,74.21875,0.298589733993471,close
119.707146426787,123.576738890467,30.6900666975986,127,2452,605,17.1019722845157,12.4795773385285,17.1062468357763,19.695823461018,16640.6283879161,651,24971.6342543956,6.29384064179359,2.36266964534453,0.616974913740634,72.265625,0.542369813869678,82.590794132524,92.6663155053517,42.0321350968061,83,1306,302,28.3316636724599,18.6494744540641,28.338830923603,26.7035778610803,26475.1287169622,640,36870.0109956848,13.008530682093,2.76973121065506,0.696533678217623,62.5,1.77573228974719,open
496.661055853099,535.995088136546,201.617537886127,614,1611,190,68.6647208193158,50.4367028874432,68.6909770768212,71.7556014339696,46391.6719467124,451,65920.7706738883,4.09856574048404,4.33607283798843,0.707309061887808,103.515625,10.272366322236,486.382694023194,525.319430455673,198.563719586308,580,1888,215,67.4433623379852,47.0306002310735,67.4734641705999,62.4973214993532,41798.586982721,465,52721.3028590334,6.33745707566009,3.97973363742533,0.76129276836013,101.5625,11.3543879480727,close
10.4105558150397,45.7633220395061,44.5738708582625,0,572,16,30.4975164251527,21.1359694860343,30.5046395839708,28.1739905245094,26309.3630469742,584,45252.1106695995,6.6795844620729,2.90168500862814,0.544464561705677,41.015625,1.90354105498158,97.3275577557756,136.141206905998,95.2129960556207,115,1554,151,9.37472770962369,6.04189997695186,9.37666189436997,7.35071014270342,8902.59219510873,624,14645.5655441313,11.4835480751111,1.66344843179854,0.585941591721653,45.8984375,0.168142464328496,pinch
313.291666666667,342.278526559277,137.878706630686,380,2236,510,8.06072064518663,5.90430947241538,8.0623358195508,8.9044758934691,10747.8656498552,828,14737.1564431488,5.43761583682443,1.72599184460849,0.717897403619913,98.6328125,0.131418587961624,282.780517879162,312.069590155588,132.021860724301,348,2280,511,3.86837282386449,2.7384583744473,3.86916763604385,3.81930586805167,5259.7059074469,755,6662.66922503027,6.66886960122746,1.18170595953475,0.809281729440368,79.1015625,0.0286235555975982,pinch
62.6323006602336,115.011658384034,96.4862921139234,0,2260,150,31.5631574861812,22.989639596641,31.571170361445,31.6004005817441,23111.1427554907,572,45266.6003657862,4.30081527810217,3.0416032647398,0.465228069744087,50.78125,2.3707945137745,31.766018035121,66.758861657999,58.7307651601928,0,958,89,8.29967185176714,5.30899691043742,8.30164102951024,5.86624141039563,8202.11112218803,674,11186.0564902916,8.95953987012716,1.52983662054846,0.709516999320132,52.734375,0.143048149974157,pinch
174.305304010349,210.215676019076,117.534030914907,196,2136,362,27.5960738736975,19.0109304029441,27.6020246965371,24.4407904196765,33132.2108013253,789,44086.3476044274,5.31668990004745,2.68504767043204,0.757223948433302,91.796875,1.74227848828366,121.788791300711,161.273358599804,105.741490927644,147,2530,392,20.7883414214384,13.9058833322365,20.7926899723296,17.4758829650937,25645.4422169877,783,33248.9670473774,6.10927265414333,2.16112934402905,0.777514433303443,42.96875,0.974761431039311,close
453.894435777431,489.152517776844,182.369609362323,516,1710,415,35.2854582889784,26.2937155254492,35.2900462329633,39.6738536418295,78857.63513316,1388,101125.629910877,4.06102145499127,3.2466364328878,0.756458340530651,61.5234375,2.50911425454665,159.864398040732,182.535430244826,88.1167363484123,195,3940,988,17.2159835215454,11.9233825125611,17.2182020501504,16.818031422889,41467.3498165483,1490,46250.8007662246,5.47826986325078,2.02590993709278,0.898276605870223,97.65625,0.549715911614598,ok
332.167821401078,391.613318889881,207.505849352152,433,1818,223,25.8686752000458,18.7478328836389,25.8786233238259,26.1598614201148,18970.4412143942,479,24353.4349158469,5.02529354760658,2.84017457200553,0.755514187255136,113.28125,1.4990012168622,148.496797804209,170.121734036492,83.0446569854986,154,1072,207,15.5796058105346,10.6394905420534,15.5867373519256,14.0736861772583,9923.58038275022,436,11628.9631624643,6.99492857110004,2.12301953602617,0.787321699427654,62.5,0.511411478615406,ok
147.746548020865,163.955232291518,71.0902698889717,172,2615,643,49.6006814669055,36.2429176965824,49.6082706323467,53.4824371706939,95343.5214895823,1239,118115.668773162,3.67174501881161,3.48767727311208,0.780373180919783,113.28125,5.14366440438094,0.336728395061728,0.899416820658781,0.834133893302895,0,114,44,23.7188803474909,16.6669584941586,23.7225380154257,23.4260333644772,46709.089517533,1205,54000.9455210738,4.56671501480042,2.43088991049792,0.844666108752042,84.9609375,1.1945319333941,point
467.808338937458,499.35024695346,174.718505339513,554,2321,355,18.0546644369408,13.8737367715918,18.0607278976598,21.5603267817573,14712.3783376132,483,20630.246579357,3.38384572440041,2.54418913819156,0.694648548066804,50.78125,0.714982840557681,88.3713261648745,101.605625955488,50.159899651335,113,742,205,3.49819297372497,2.5198701023308,3.49944155935857,3.66041967839938,2533.22545379047,424,3515.21879275146,5.74580799842394,1.17738296017731,0.697696634212882,50.78125,0.0265755966389435,pinch
5.49492900608519,13.7000614440221,12.556167196442,0,384,68,23.0674802887042,16.529200873679,23.0791821197876,23.2676324750177,12222.3861530567,340,16297.7920614475,4.66994384267358,2.59083730961411,0.709850289737108,85.9375,1.34193415993723,153.013078470825,184.755270724172,103.596838584645,195.5,1028,204,14.4495260619246,9.88149494626534,14.4567980827019,13.5416843577329,8938.98475106291,367,9822.20597658775,5.55407119903136,1.94336078905108,0.928908078841352,62.5,0.488405389473541,point
244.34630569656,257.446449893736,81.1003522672259,275,1878,464,20.6361076232198,15.5094250440812,20.6419286023991,24.3471649513532,22554.7992007992,655,27498.210603156,5.12818957170255,2.67079936518217,0.811438412443491,50.78125,0.939978948596857,76.3145933014354,99.4851639536768,63.8421364503809,92,1578,311,11.544517668703,7.72821650660363,11.5479689323802,10.0321370087072,10229.1723143058,621,12921.5779990413,10.6301769095747,1.84378516806552,0.794992119082657,62.5,0.306918301614582,point
141.84022556391,143.457876328565,21.4895798547001,140,1969,455,22.0948757389438,16.5384465584698,22.1018005678561,24.7463718776355,18962.3384736714,588,26395.3607073179,3.63430955061951,2.68539168173039,0.674147158772312,76.171875,1.0141350216525,219.868175765646,234.180703441127,80.6406637792903,259,1186,326,10.9466903308766,7.94636983149081,10.9503276821118,11.6501093162099,10210.3204845101,575,11935.4474868992,5.00283150948218,1.94959944842555,0.845110464406472,74.21875,0.260742165204264,point
163.28231292517,181.159943613559,78.5051090469634,186.5,1460,283,44.6509990213307,31.621720186337,44.6699953893858,45.5016203483871,33567.9242321398,503,37187.1429391323,6.17532284171391,3.53673277262229,0.920395887774475,130.859375,4.67802391850333,5.98415841584158,12.339664773918,10.7968788636295,0,486,83,7.74168115716098,5.66599614112879,7.74549922330281,8.23008308249351,4911.98630108042,402,5722.65610254008,4.8731906954654,1.68287267470987,0.858673136095999,113.28125,0.125559494431593,open
254.940070505288,288.563552132405,135.262646222281,268,1119,181,21.6058014842722,15.8855461700708,21.6184858422544,23.3269111078337,11550.677990805,329,13518.5997907302,4.24144617435507,2.65114429434107,0.850179210951873,82.03125,1.15279808521059,121.750849377123,143.664861044657,76.3080431240565,157,1038,160,14.3732433520371,10.3006668622385,14.3813882759486,14.5855742153796,8619.92917802564,358,9095.4888393566,5.14646201569062,2.16502382347297,0.93053043301393,74.21875,0.469589084472174,ok
79.7656351439082,112.036021505111,78.6777182756983,54,5756,1305,56.6513029821923,32.2368248513104,56.6543634327954,16.357187730773,327520.932694169,3825,297932.735275811,7.3844228914218,2.17265633421839,1.16397862754942,108.88671875,6.06531970646208,0,0,0,0,0,0,7.14524494452532,4.25394834223139,7.14563028388594,3.72305173209505,28941.9195604446,2628,39442.6090291695,9.98448934487864,1.16450928424271,0.703997241615779,59.326171875,0.0909320769099842,open
332.747102931152,356.531924168933,128.062360084308,373,2393,629,24.3620960493235,17.0072444522886,24.3662406013284,24.7770003890704,38565.8687597875,1002,49899.2552230148,9.57718604242124,2.72132569495126,0.776532965603631,96.6796875,1.19933955049454,73.279211469534,95.4767569155505,61.215287305378,81.5,1845,561,28.3895554537611,21.1492648207271,28.394644297444,31.5452010226298,46764.5775388321,993,59006.4488498287,4.35798354074662,2.99230039826399,0.780110898280306,94.7265625,1.57014286440872,point
106.960800461171,191.280261054196,158.586243263867,30,7380,1509,11.1387394962447,5.93939851894907,11.1391981647239,7.32969882221372,43304.4013454978,2630,72122.1162155985,31.1387711770292,1.65185932624669,0.695387717202466,50.048828125,0.125863444550553,54.9783390550924,141.698840743458,130.603744048951,0,4452,711,7.90106784493316,2.7429159374293,7.90139075109009,0.986142796004449,26860.7623050743,2780,33556.8335785101,37.2769289774638,0.768307965008016,0.84219376455126,101.318359375,0.0807028582521486,point
92.6354631005448,99.5412234997622,36.438767765317,96,2438,535,27.6680424177436,19.1215707718495,27.6748965624089,27.9687109976234,26451.2099293446,690,38606.4513883641,11.1411512516866,2.85563573955122,0.646346468292481,80.078125,1.56968528531322,240.920063525675,271.917298952385,126.114869219024,290,2060,426,34.7371668275224,24.1246651679982,34.7463650144729,33.8169719728473,31471.3493117551,625,45571.4925023485,8.75633794710847,3.13834907565591,0.67166822134101,89.84375,2.62430276310925,open
284.271694214876,330.636013697418,168.892010341001,352,2392,167,19.7079732965758,14.8326072127373,19.7130641966369,23.0906153146625,16967.137109151,556,28715.9275638594,4.5341713851312,2.64084218427826,0.565083858358972,50.78125,0.780530386677056,386.048922800718,469.911430689868,267.983609458152,583,1752,106,37.6423003838236,17.7095094396375,37.6507507717089,13.6483025959261,23510.1096946384,644,39456.7870315124,31.2191147435045,2.08338708675928,0.528146793523547,41.015625,3.34191156124805,ok
218.900178253119,250.088212601067,120.995347261141,307,1234,217,20.4475375512009,14.1019445832072,20.4566550136315,17.2577691106142,11802.1134820009,381,15822.3818223585,4.82062202579357,2.31965758845607,0.72750969442544,66.40625,1.05263138804923,86.2947462154942,109.464709870509,67.3779046215945,125,874,178,2.44394019694716,1.5126363847973,2.44502898896326,1.51166092875497,1541.5837577611,299,1698.69066012736,7.68571650578812,0.775652922893431,0.953942928027624,89.84375,0.0151440442083182,ok
324.641110195109,403.07321650297,238.922604201408,487,4676,1140,11.2024336489446,8.10844338249879,11.2032026362,11.4718249758501,41694.768201509,2285,59013.2509378262,5.0331213864958,1.94869930199158,0.673930186226224,49.8046875,0.23283768569083,250.978782802903,330.124100229301,214.471426648549,390,4532,942,5.59911996522449,3.77468382050845,5.59951043889717,4.39972943734084,24231.5186276001,2319,27041.8348901225,6.1397766857139,1.3245995236052,0.954905484947848,49.8046875,0.0576372475581615,close
354.764735017335,406.572107568631,198.651471079148,475,1714,280,34.1453149406427,24.5885645288172,34.1537740167858,34.6318326567396,42493.6842984035,745,49644.311783682,4.55954295256774,3.05927615554238,0.857714970855566,82.03125,2.42471645670093,77.9356897398135,118.741248288724,89.6072213252512,0,1276,236,14.9914978548579,10.2540665300624,14.9951790078433,13.5557665991313,18199.356402668,718,20887.533521737,5.5244689555726,1.9570299962345,0.878539570729515,111.328125,0.456140855436895,ok
307.196753566158,376.979319432621,218.556760878441,459,2424,387,5.96093456709144,4.17177107334759,5.96239645659569,5.49264216305076,6915.07942454777,697,8481.21059211566,5.94136555026353,1.44448596214483,0.817457239993059,68.359375,0.0777595167016311,150.947368421053,191.511257532153,117.893673446194,214,1122,210,7.43069943492311,4.13961666473518,7.43269549838538,3.57926892471824,6116.37515217862,560,7707.96622973691,15.032386065681,1.24624601523003,0.772736421820618,109.375,0.110805514022932,point
427.484261501211,446.30587075048,128.273553488108,454,1853,359,17.7365642858176,13.662285604953,17.7408603889311,21.9175957175423,21839.6077781051,743,28212.619774228,3.7411827890639,2.5683688007462,0.748882593789431,87.890625,0.608312222861219,324.674882013634,339.967421092522,100.843448291915,351,1872,414,6.1308017881835,4.24184196422253,6.13240986325963,5.81538390674483,7670.61663765289,723,8089.19262577236,7.00577085398401,1.45296770052541,1.00512674949689,97.65625,0.0781134958559297,ok
461.675291073739,520.739230998745,240.936308567429,613,1750,164,26.0689689096612,19.3102344705114,26.0745884975,28.4587117126693,33422.3401195081,768,44780.4337371158,4.34512526978698,2.90642947719219,0.728781907196867,84.9609375,1.57502912370721,131.25501002004,143.331973436559,57.6006874780568,149,2386,583,19.7911329818511,14.4210902956756,19.7960924503261,21.4142310152903,23504.2345053287,760,28784.4962301684,4.3908004404556,2.44971561202021,0.780216961102091,76.171875,0.914861912786259,close
317.158747903857,393.594388630376,233.146425118711,482,1359,157,32.1515572556941,24.0396775399637,32.1605298123243,35.6136967621786,29331.4077720706,587,43006.9831189951,4.08317512565597,3.19675094393638,0.661693992792625,56.640625,2.49823302858756,243.332585530006,321.851261355837,210.71874726072,402,1966,274,21.9233062770317,14.1250479443347,21.9294566897769,15.5992119149962,20856.8800120261,651,25184.9604847488,8.46040155899496,2.23101014535586,0.85703326738112,113.28125,1.05258540393138,close
125.490881458967,131.388907774285,38.9339397623237,136,2262,496,20.6890961587646,14.8634491239231,20.6943379254287,21.2555946944281,20124.3206742213,646,29340.4485706241,6.40377464235069,2.54325992986919,0.657044231713221,56.640625,0.852363854571318,170.50180319423,202.432110600986,109.151420512239,199,1638,342,30.1413306789599,21.5808490154016,30.149097474465,30.6147685217494,28046.191467516,584,41888.4279388944,5.10869677501114,2.93348912088828,0.666588654110419,82.03125,2.082166474791,open
427.554142919772,468.798964942231,192.317808021438,541,1794,357,13.4154355552239,10.1022478465292,13.4183768704707,15.6570899751512,16489.6743658473,742,23043.2273379332,4.3773943376489,2.20115803539013,0.680710322528204,60.546875,0.372840796768318,347.965201465201,386.795667346971,168.950219075224,437,2122,423,6.87764513891914,5.10221542787903,6.87921211308627,7.61480266106993,10175.5461400178,789,11143.2384944878,4.29716783495576,1.62607977548355,0.938022568545269,113.28125,0.108550688430292,close
483.828749351323,529.813043368805,215.953243717503,598,1946,212,25.5343672270317,19.2153346819536,25.5409916203502,28.7860246172407,27418.562534113,675,37027.9499321246,3.97027537951573,2.93321925376844,0.713150495199504,97.65625,1.36072231458731,165.686059275521,189.99996822462,93.0207868743456,180,1606,347,16.0840947301964,11.8351259430707,16.0885102320844,17.7749755577755,16935.3982595605,643,21563.5994682749,4.45716012482738,2.31735620140398,0.757059701300019,103.515625,0.551258063633129,close
33.3462062698773,83.947028471993,77.0573286905225,0,1076,67,27.9134739659388,20.1885310489138,27.9198125947403,28.8799979326571,25631.8527348167,609,44434.9568386594,5.2886384966652,2.92904911245661,0.546802411605638,50.78125,1.74562574222059,92.4795046968403,127.676789240154,88.0466569748869,105,1446,138,8.29161830779888,5.56126237660315,8.29338903561897,6.61133295717889,9049.43252232297,677,13024.4764860046,7.43360474614215,1.56945987338197,0.713850188427327,49.8046875,0.132661127096693,pinch
184.965744944284,193.515861815632,56.8981377807678,192,2807,692,25.6689565408853,18.1392051819089,25.6742531039668,25.4789265769623,31069.0719891044,865,43951.2941557652,5.68735846534484,2.61462809624613,0.665176114517563,72.265625,1.2422138647805,174.385392385392,222.276517065681,137.854880256006,227,3578,615,10.9784222255944,6.82065629875461,10.9805554051436,7.99692525517906,13965.4489215872,927,17556.3693129944,13.9430294315992,1.59234395212942,0.759191635969137,62.5,0.228858975075979,point
354.487894350697,392.645982964771,168.908651532705,454,1632,286,19.4058413812025,14.7562981793337,19.4129621158411,23.2698250190433,16526.4827251226,519,20112.8344184318,4.07573126303281,2.62895829563835,0.819294052215734,89.84375,0.834771700499864,115.731292517007,124.814515443141,46.7631341289484,135,1087,305,11.270799696214,8.54068794082952,11.2755887173941,13.2853219414073,8619.15955681312,468,10043.8490184155,4.03297834476743,2.06681141078371,0.85386778257786,115.234375,0.281373606763275,ok
65.8727995457127,81.8230455881731,48.5502171321462,52,2856,492,25.4353441350344,17.2355624882112,25.4425683198105,23.1501253385917,20359.5893155895,573,30351.82554174,9.6315518418637,2.67223722294222,0.651060146220916,97.65625,1.56368345859796,59.3494788473329,120.273041605731,104.642044820458,0,978,104,29.478458344482,19.6048641311354,29.4874942451719,26.7305166163679,22091.5353304333,511,31975.5333978818,8.53429823239874,2.70839382941793,0.682067041513195,62.5,1.85284660120782,open
183.101573033708,193.626187986433,62.9817228415736,204,3001,806,21.1745444897987,14.8635461794418,21.1793044023579,20.0187899677062,25306.9458059104,841,33071.3902492581,4.99800739269032,2.40499157558884,0.729881507831352,58.59375,0.896659971677043,226.891400888171,280.164625172815,164.388013974452,316,2756,486,11.4254116766658,6.88749110987146,11.4277185563998,7.55029555846189,13474.5265899773,855,17060.3154791516,12.076179880982,1.54516735682871,0.776023083236355,96.6796875,0.23598426788592,point
35.594886136636,107.198065388633,101.122653785561,0,6205,594,19.2163792108614,13.270904447473,19.2176588327718,17.9165230658465,53234.7075662597,1815,99651.2214960751,6.98932709315158,2.43211466879575,0.543050766535612,49.8046875,0.680557406076611,223.401382243488,360.588620327996,283.066467447907,0,3396,206,25.9497809270777,11.5387891133533,25.9515055584623,3.60920271525756,52940.6695534623,2036,86817.8492888701,23.1094213402253,1.45780065874654,0.57218641226751,86.9140625,0.957629046219975,point
428.184077079108,459.6441426034,167.168492882762,496,1814,230,37.3550942454989,28.3318054404536,37.3645575899497,45.2617057431542,44996.4230284686,747,55870.3203285746,4.50276859996647,3.49796257875123,0.789788677026163,103.515625,2.90701388453876,97.5544388609715,115.961390598061,62.7086213910493,111,2176,389,71.7872183254765,52.6319244256213,71.8070092754518,76.967796074491,74210.5347625622,635,94263.7766462878,4.35811574141572,4.3776835409007,0.773619002662335,113.28125,11.0649930121386,point
387.5439453125,392.831019601224,64.2488598851543,394,1950,523,54.6731281861646,42.1135112773156,54.6864753749793,69.3263867236646,72128.6169949368,798,86248.4710959424,4.48357877164951,4.16867119327935,0.821248284032317,76.171875,6.21230486624639,0,0,0,0,0,0,20.1324805453665,15.6370218278452,20.1374272360829,25.4037127594263,20993.6617369767,745,31758.7913323535,3.81671323413367,2.73691664657255,0.599319922884567,60.546875,0.848995639036333,ok
98.0278564683664,105.488921946556,38.9765221076861,109,2397,506,20.0752225576395,12.8910609004597,20.0799632743081,16.1392128878631,18241.1392142111,677,27303.2669871737,12.2841032596057,2.27819908430014,0.620775518142203,60.546875,0.83211210712771,108.080226521944,151.8815918174,106.733587574266,79,1548,310,26.9178956817395,17.123873366472,26.9242494811597,20.4531780698455,25694.9706540109,620,36285.4876635542,8.67702298783265,2.42982003302794,0.70928508367286,85.9375,1.50849545486341,open
433.104075691412,453.159608752112,133.369548084571,492,1140,205,7.68258005161525,5.74157599777132,7.68537401705317,8.9158418709925,4667.72560120096,386,7888.92542093779,4.50917379680949,1.70434650837267,0.569894352352439,50.78125,0.143687059869335,336.046816479401,357.474516521873,121.96103691728,368,1156,217,5.72531405430965,4.11683466099449,5.72799162825341,6.01714168303454,3026.66874387609,328,4396.77941794211,6.60161857366695,1.47512233098699,0.676717307742134,82.03125,0.0723188307502872,close
93.8836463582226,108.403836015379,54.2088437243904,98,1400,269,14.8403428525652,10.7359059335033,14.8437428865043,15.662279993809,16769.289605712,702,23436.4826528377,7.04034989319498,2.23315450402814,0.722830049290324,50.78125,0.484622059737144,2.8943025540275,10.7185827289382,10.3224462210016,0,356,53,10.4513762929995,7.02602259850513,10.4534302080398,8.70302706910604,12992.8653131429,779,17881.2275131956,5.46352686969782,1.63613165963086,0.687156516020799,107.421875,0.240980203599625,close
375.467664350615,424.789212355011,198.72346329243,497,1343,199,21.7069529497567,16.308665361227,21.7127557569947,25.199273759249,20288.4492793894,558,30513.5128908558,4.48550776070784,2.73246027107976,0.650184883567633,68.359375,0.977540565625441,263.032352941176,308.576028385417,161.395381685178,374,1924,368,15.2816403649245,10.3486882342322,15.2861369287793,12.9841295845556,12499.9130312408,591,17592.7699981947,6.27725792395441,2.02756939564552,0.673674738974175,64.453125,0.421429278751982,close
456.833752093802,474.805487370903,129.422517755006,517,1709,387,21.7309273101914,15.59001477326,21.7354429254967,23.7815384526663,26091.1219578803,809,37228.9552785449,8.47497888838695,2.60247598622924,0.663650565725073,81.0546875,0.939942135137709,0,0,0,0,0,0,4.752523011735,3.50877784117869,4.75358088167176,5.23921668507909,6117.93901651925,716,7884.22380912852,4.87788123597863,1.37886473829258,0.757239728123436,58.59375,0.0396459365843446,pinch
193.372294372294,310.079528429724,242.403300891675,0,8058,1554,9.22921221962728,5.90717838804209,9.2294392316038,7.024982438451,80056.5191778882,5660,120081.12227212,13.3937386275262,1.63770803490332,0.669428389942515,50.048828125,0.146688090067832,167.70755948198,273.919398113725,216.583392153732,0,8066,1630,4.45002544228789,2.26443413400824,4.45013712661644,0.729543258277783,41073.8694827993,5307,45112.0568177122,11.5526658458516,0.701803307488692,0.940431748235544,94.6044921875,0.028649976486572,close
416.35675253708,437.270776796755,133.666504207097,477,1487,250,31.0571412915647,22.8558894462225,31.069265559085,34.8834691469894,25287.0815198587,508,29278.394380611,4.79624814851469,3.07590362280284,0.829788985266901,80.078125,2.12681621011383,210.909164639092,239.85657886871,114.276393078217,252,1766,290,18.3784891034966,13.7580485696597,18.3859463608611,21.0158087481451,14139.7098166197,468,16963.6738863904,4.41194069920169,2.52246096297577,0.82657924811191,119.140625,0.694293315867322,ok
302.312252964427,366.616799220052,207.459590135152,440,1288,165,22.5193783270321,16.1356494918027,22.5257387483472,22.1565730506654,18819.9876765482,553,28576.2352499826,4.51707465143714,2.61614034594815,0.637571788622735,50.78125,1.17133055455582,208.02258953168,279.085903617141,186.103805122444,343,1882,304,23.1952135524968,13.7523874420007,23.2016053095162,11.6479482713486,17633.3955144122,579,24960.5832072313,9.00841058768066,2.06252529567154,0.700649609789831,78.125,1.32696886604005,close
280.597581552306,311.539507503716,135.377308998288,327,2926,617,37.7504847476277,28.4123717365377,37.7557935271386,44.3934648640635,83436.825224244,1369,101034.393895128,3.98654982023207,3.43395864250533,0.805892280198737,79.1015625,2.83198043934437,13.9564309161444,24.6181339998655,20.2828332598995,0,1132,227,19.2973615133315,14.0900470984922,19.300240888795,21.1139197180495,46288.4950957808,1443,47215.7478270475,4.32695419777104,2.38883027775006,1.02440284758528,125.9765625,0.750671996754224,ok
173.87550901687,194.036483858224,86.149764549049,152,1996,276,35.0469557668279,26.7093415307122,35.0571539221766,43.2449812188337,36458.6414748777,630,45913.3580912943,4.42355912631781,3.42467960224683,0.782784201153174,62.5,2.62380118822343,222.263962375073,247.759867196168,109.5022011084,262,2078,375,19.5109541589227,14.7335459909198,19.5166835519124,22.7550242843183,19443.7422195593,633,25061.7617305546,4.45374375765862,2.63658477920015,0.760596694669221,64.453125,0.794414989594509,close
413.79942556247,435.096136133516,134.489187132678,411,2285,372,48.0939611497067,36.925140595909,48.1054741021297,58.3897270922451,60564.5989250794,803,77136.6187048539,3.49834882390628,3.88226527289455,0.757300031939024,76.171875,4.78243509229861,66.408245755861,110.648057932948,88.5217769972134,14,1764,327,35.683337011125,23.3913917710936,35.6905506741243,29.8863770658668,51096.0538701239,911,57870.3032416856,6.20164715653292,2.48399630216074,0.895756472803009,86.9140625,2.49114714043617,point
189.375061461304,306.813919337796,241.407535307873,0,7938,1209,7.35055479551569,5.33980604129937,7.35091624026781,8.2112386821287,33901.7866026564,2738,54300.4876339733,6.73211063483168,1.69320724591962,0.64026476495297,50.048828125,0.0991314275565559,68.4335650040883,130.615976510171,111.259362272434,0,3490,630,9.75688392270636,4.60006227068083,9.75738257388508,2.78118531375146,33335.9685819671,2552,45007.0092563413,27.4707451977184,1.2121568732671,0.729844657009607,103.02734375,0.167995821321127,point
148.471721186182,241.376127724258,190.326351843747,0,4020,647,20.8388760635335,11.8415777364239,20.8404688001286,9.19482339837786,61219.0688180347,1818,77467.601551685,9.6707127490301,2.01230527241904,0.847288104661098,49.8046875,0.78194100652542,22.4006366530241,70.2098729122767,66.5455407440924,0,3692,274,12.5039270807799,6.38553230671026,12.5048746227731,1.36056974914163,28201.7455227607,1637,42125.3566273676,9.77814366831712,1.01553276305356,0.646558722840337,73.2421875,0.287461017009484,pinch
130.763604447045,201.501561207611,153.320571538464,0,4209,786,25.4138014731751,15.1606402802104,25.4156598580255,10.8311479917078,80877.3563914127,1910,103638.136955519,7.41049420170097,2.2267651693252,0.79829049630874,49.8046875,0.964853275613047,1.13868613138686,9.60965147442164,9.54264581181095,0,444,50,12.5541571192133,6.83346653702595,12.5550734351667,1.97384644236654,36500.1424225909,1934,46809.2457786278,8.41644714752721,1.12267306356428,0.771879724297395,66.40625,0.31596756232818,pinch
168.377958079784,192.684103195023,93.7121370412889,202,1690,325,39.7079805648235,29.3504412486485,39.7213972039334,43.2436662910386,35479.335059187,562,43409.3026067511,4.08889621719026,3.44839708625105,0.78348315462895,89.84375,3.52927928486735,209.568213783404,229.438478619362,93.4308193462079,238,1334,300,5.10053670582605,3.57789824912415,5.1023307643137,4.99552217466359,4801.72207015901,530,5087.77131025454,5.44619350195597,1.28169799247411,0.952948909178237,82.03125,0.0559199626053921,ok
299.336949969861,330.932665619762,141.158883193952,310,1852,294,39.666414291551,28.0790629449971,39.6783667593189,40.2519946620066,38351.9877651349,631,46583.1654257502,5.77931520302755,3.34713500892049,0.793863629115246,101.5625,3.40780563944116,119.279158699809,170.869599439886,122.386473135043,66,1752,302,44.6645969548453,28.335462671921,44.6788361949852,34.526952674428,36221.9806824827,584,44458.3409322441,10.310332582803,3.01956564775483,0.805733232994586,111.328125,4.52891376015816,point
203.448166591218,210.556125170914,54.2591753873146,217,2140,564,48.2794199252581,36.5156533214776,48.2903511343385,56.6581721954765,65657.3703155726,849,80663.0781871441,4.47191803561826,3.88682845302838,0.79938822904507,121.09375,4.56868263034233,181.94700923324,209.43233286045,103.737688591102,224,2974,724,7.43259202921045,5.24648987678253,7.4340842552796,7.09666137055196,11222.0976765006,931,13069.0062830653,5.58175692786994,1.60433767476091,0.870696016513433,117.1875,0.113586939831007,ok
413.323847695391,431.992682989322,125.647931534515,464,1996,417,7.23445298536824,5.4139343798063,7.23590229993562,8.23918789489687,9664.34731268063,760,13507.7662776167,4.36839171905135,1.67064092120282,0.710172806621593,71.2890625,0.102197667639521,253.137469157561,295.992932948246,153.432513186154,345,2280,534,3.37662290928805,2.2450096788712,3.37721683091532,2.80290193158652,5589.40495223708,869,6369.0924589576,7.20385280882279,1.03019423944513,0.927943761981056,108.3984375,0.0234160788932803,close
444.585125132182,462.317527189293,126.835456266174,507,1545,429,7.04810714771271,5.44088758199656,7.04934168045077,8.66174679533598,9252.42394003895,789,15435.7980701243,3.35328962574382,1.69873078872292,0.574766028792247,49.8046875,0.0991514683747722,259.551437889119,311.330961178104,171.955764061712,328,2900,645,5.76205942901378,4.1800134767092,5.76291371948676,6.03550463886363,10580.76608651,1035,14099.1854569401,5.93725512885169,1.48892510468654,0.725773829218638,97.65625,0.0637803340725011,close
86.959135373935,144.499967516192,115.414258511275,36,5940,944,44.0570893400606,20.2918246706197,44.060564555443,6.01822565146091,121527.131242587,2173,128609.584762387,15.8054790848537,1.81698591628197,0.976031497792145,121.09375,2.79694635667808,15.1349752118983,39.2961442162443,36.267476165329,0,932,164,5.35966143085501,2.6185408766161,5.36008993504567,1.42661648671583,13896.7120659162,1684,16373.7361014805,14.293825499178,0.89847650043862,0.867764479506265,72.75390625,0.0260851999955289,open
289.99608801956,324.155506163383,144.876929971331,357,2548,462,34.3590434040041,24.6554306631508,34.3674447005398,32.7252844753578,41531.9164810267,753,50420.3557061433,4.34086558999171,3.06639291338687,0.81203138806578,87.890625,2.46223476394076,86.5925058548009,122.332294035281,86.4316326515823,85,2186,271,17.1252406712928,12.1334690952473,17.1292526316475,16.3942017601839,19772.9068459266,688,25904.9565183531,4.35657362101286,2.16391636939211,0.749498041576201,72.265625,0.596781136395458,pinch
190.859212313264,207.104197165284,80.4228668153953,194,2020,384,59.7087235177227,45.6190282956186,59.7222428071161,73.6577585051135,87569.7383177935,901,100772.433505021,3.58763178802093,4.19827613779638,0.849758353350255,136.71875,7.00699688780463,20.8260869565217,30.9400320543471,22.886664473754,15,1444,333,23.8148915827818,17.6944980501638,23.820340034516,27.1978785053758,29905.4087789715,813,38662.4782396079,4.66549908239626,2.79226434958653,0.743404154673003,123.046875,1.23609135909672,point
304.745366639807,322.257094525158,104.82724473435,342,1176,223,27.185387543539,20.7362439277821,27.1963259989393,32.1329309839112,20906.9294867344,478,25733.6787143776,4.31160404232003,3.06321790364911,0.773954824038406,83.984375,1.57226006268093,266.490360435876,294.310028926253,124.957469741705,318,1862,282,31.9629845794747,23.2835408956994,31.9763850175709,33.9275654694909,22207.3148330861,468,27777.2642885694,4.19307422855979,2.9970381767187,0.761917232622598,87.890625,2.45466001160312,point
292.771305707584,314.29014982959,114.316970119699,337,1876,436,12.3218171365972,9.46868589046977,12.3242154670283,14.7510708893212,12743.7598041187,628,24220.8985078217,3.52567760964543,2.15964487850476,0.483310067893611,49.8046875,0.298115473692998,297.416901408451,325.391977828914,132.023256030545,352,2426,523,11.0865254882821,7.96154663852839,11.0887567767198,11.5439597029773,14983.2768723914,817,19784.4433967431,6.40584496357794,1.91219057242332,0.767849224093265,84.9609375,0.230446115271743,point
457.648011782032,504.430068163227,212.229023117077,563,1660,152,48.296654116159,34.081323279957,48.3144452939096,47.2536184639098,36791.2560054056,497,46282.4370141816,5.24004187015527,3.52272760203286,0.781401084108769,74.21875,5.25002931848101,119.041118421053,139.038296977185,71.8686842296732,156,1094,262,18.2958206472286,13.3013056276929,18.3033474551244,19.7375551564335,14275.2003912705,485,16174.3876432745,4.5768326227362,2.38403268196141,0.850954969202167,87.890625,0.763757072006196,ok
95.7144463181563,110.414432136648,55.0617453733531,92,1504,399,30.5022323917302,21.5884892144966,30.5108062108972,29.0575657003181,29665.3614524041,632,38405.9223125895,5.04058034969308,2.92987011714283,0.759478841255445,58.59375,2.33047571325609,99.6691301876066,121.135160534341,68.8657224787445,130,1458,346,6.04773301845574,3.60325645037722,6.04945279798651,3.73824197176123,5397.19835798452,558,6338.12809621352,11.5107143699525,1.13023767139137,0.870072077852227,83.984375,0.0829360264389694,ok
362.081422018349,427.227660181142,226.891061168987,452,1874,177,29.9618768354112,19.9506721378276,29.979065713822,24.2370167204741,12534.9468370797,286,17396.9861041857,7.32717633813477,2.73681230891811,0.691723164894227,105.46875,2.08686969776427,218.359281437126,250.27217519462,122.383854142633,284.5,986,123,26.1670339437261,18.1009886005948,26.1866356485929,23.1092650359068,10241.5112963888,278,12091.4603851973,5.3333157178033,2.65952994533683,0.841399041296867,85.9375,1.55237410581535,close
218.341789713606,288.920298621445,189.223016745144,294,5568,1295,31.373365489226,19.5532718349927,31.3749183706942,16.9490151511085,163907.785602282,3500,197312.066086911,6.65835036242475,2.34561962411381,0.82280325019615,109.130859375,1.81853925384195,0.0226575640645097,0.489425126639336,0.488924576011519,0,80,24,13.8326411151408,7.948010876079,13.8333224450251,4.54124883809174,77847.0627821013,3271,80330.5459245304,7.8103630902405,1.14142970477742,1.01482333862545,72.021484375,0.35376857920658,ok
182.806832560101,190.645770435383,54.1175292709624,201,2491,642,39.8296376702166,29.4111441441475,39.8380380747188,44.7557882073715,52366.8893122136,823,69733.8227657736,4.19645432496467,3.41218811816597,0.734873620010963,97.65625,3.17859087887983,217.771695052717,249.45917088771,121.701984403853,264,2726,574,7.79557014675871,4.95926609155807,7.79715099399078,5.8893651280353,10028.7310885248,867,12229.5501817822,10.7842565302025,1.49733345292773,0.782433594890157,49.8046875,0.112108420249654,ok
274.952697708795,295.055154126053,107.084234431577,291,1319,216,27.1661389518751,20.3103851399987,27.176166172098,31.0263558364434,22396.7045275869,516,27479.9510944183,4.7568590789354,2.99374670734007,0.792938557506399,91.796875,1.52476256762073,211.130038022814,245.674965336633,125.667438085814,247,1532,253,31.535077543627,19.3953568825442,31.5470747148151,23.8504910252283,20806.9398810649,522,25504.8943005456,12.3422461868991,2.62083195192544,0.741386005918055,107.421875,2.32529103293019,point
0.00286806883365201,0.0535543540120876,0.0535030812822742,0,6,3,15.257067593126,10.6420604153283,15.2643111909343,14.0929984581307,5258.65983163358,255,11131.5951944334,4.96221249096431,2.13895708504152,0.415773726858015,39.0625,0.513158443707837,163.748819641171,183.80011312946,83.5188147985472,216,997,118,5.65892562398742,3.63056751135104,5.66159376310157,3.87045223415427,2572.36860787867,231,3844.77099452075,7.32769089684504,1.24586924941162,0.713302915409209,93.75,0.0808247106805088,pinch
379.243029739777,389.894461341951,90.5329996919095,380,1845,438,39.8996120005944,29.7309765627811,39.9088853084142,44.8062147805592,53173.2848049918,817,63981.061563105,4.53440428961486,3.52673681689733,0.801455568883303,97.65625,3.1663249455095,80.4667959282598,119.559498084267,88.4497629187802,57,1582,256,37.8418274997122,26.8974115116371,37.8509989914352,38.0111132038583,43904.9363397367,781,55489.3599485074,5.32569387020646,3.26603920311426,0.767118707493218,109.375,2.91964661813613,point
417.256144890039,425.428030913394,83.0017460078506,433,1982,412,39.7859848414921,31.1129445350839,39.7945646701243,51.2366105385093,59960.505877697,895,72150.9183768595,3.27127589910878,3.66478610892621,0.809105535653423,90.8203125,3.35184910706973,264.548059149723,271.650524375926,61.7259464489988,288,2384,607,18.936889543214,14.4670059260245,18.9412577121825,23.5549522332083,24500.4709043624,807,31306.600823917,4.15943354330447,2.59952219427035,0.762622717922345,89.84375,0.708755967637816,ok
0.135903250188964,1.80722493905648,1.80224396373527,0,144,10,11.3489165378368,7.86599636967608,11.3497743427736,11.0347707025823,25755.8740545348,1594,52033.5659854073,7.49418857942327,1.93512880823877,0.456096674646118,44.43359375,0.215314751080491,76.06184084372,123.222176809948,96.9525825914463,33,4601,493,3.28950965473525,1.94689433245443,3.28977249716935,2.3032073209599,7797.75391403524,1563,12183.6647324998,17.4953807979381,1.01437349183677,0.684014297141679,49.8046875,0.0167245476370026,pinch
282.328678839957,345.662998743461,199.486335062596,345,2112,172,43.536782257223,27.1691029479889,43.5484770306359,34.0898699136838,33419.9569998793,599,50588.8696891553,14.1810930242343,3.19169436491742,0.669819919760514,48.828125,4.3738866609769,23.0609756097561,62.0854123933775,57.6562023956694,0,876,59,33.5905798782211,17.1654672969724,33.5978972899868,13.2761825278403,27371.8417249493,644,39411.9129138486,27.1788229390503,2.10806577894349,0.64645727034317,48.828125,2.31737643877483,open
175.117912694431,217.932454999933,129.756385289326,254,1376,116,29.7577648274913,21.6303926950891,29.7652295102158,30.1670701686124,23417.1584405517,559,43109.3726413126,4.9414048182619,2.99241634570909,0.505178754727112,50.78125,1.81922194318079,43.1188630490956,81.1850376357449,68.8056728105276,7,1618,158,9.06793457678736,5.75150518507766,9.07027710081203,6.69718515004286,7848.14144209608,613,11129.1625331253,9.74366526452676,1.5445498730461,0.668856564432482,56.640625,0.178441906396988,pinch
182.436682725396,290.904369218274,226.627188493379,0,1310,170,18.6489660273429,13.0608543254793,18.6521747347297,17.6159921245429,26659.9946552819,894,37954.8426698427,5.7427962792559,2.34723188578056,0.679373315614741,64.453125,0.686689253861491,85.0565843621399,150.24552722105,123.872345711635,0,1594,266,12.8274436396962,7.29531819073582,12.8296433675791,5.51405098575859,16265.0243509996,889,21273.1478441856,9.6267917942279,1.52824781079457,0.777979090359587,103.515625,0.301198701163783,close
132.983034872762,173.793183663889,111.943709298627,150,1448,213,68.0872499775694,43.8076786157734,68.1193524003726,45.1290817192406,45431.4509400919,459,46479.9470113356,5.92847792227603,3.38444645792329,1.00367405041089,82.03125,10.232578089677,120.907766990291,165.028679472823,112.374539644075,141,996,141,8.93495064763469,5.83975517658217,8.93929086558146,6.49202165487131,5485.47542630949,393,6014.94783187963,5.44122096891355,1.4937915045115,0.902103721277891,66.40625,0.174547072004164,open
359.806412825651,361.02958260929,29.6994669812683,365,1921,499,15.7795229098858,12.2039486866827,15.7826859827314,19.3956055873777,16821.0135921141,657,30448.8519732733,3.49956677171733,2.43526276863493,0.502411342907479,68.359375,0.502533918262781,351.397691082803,370.624383330493,117.845766719957,403,2654,616,10.7279541118178,8.09235612330114,10.730088975962,12.2339006223796,15258.5923676959,792,20327.9985817325,4.39456936624264,2.01975170481379,0.732140725521674,131.8359375,0.212521348752755,point
443.589075630252,495.751958343768,221.449647148107,564,2074,226,13.0452111243759,9.5691967225956,13.0506544077052,13.7526120289295,8844.60892390186,469,11387.3440998888,5.31011580313371,2.13970260198,0.738550286066721,50.78125,0.376123296219913,259.829545454545,292.73271981098,134.9068347377,323,933,164,13.9142995570217,9.88358181615713,13.9214916844835,13.2724490548009,7770.69310259108,380,9567.3071980401,4.69527861177137,2.04954695013031,0.775105081010702,66.40625,0.492768390951965,pinch
158.281921618205,165.390891742012,47.9786454502423,176,2193,475,16.5312849746671,12.5665863573149,16.5347670336188,19.8981239745245,16687.0792056131,635,29820.5094259082,4.49968506635891,2.45147978594844,0.519092446195208,52.734375,0.548541063959604,147.989727556945,160.956296654659,63.3068712546204,170,4611,838,7.46473100942114,5.03149039536368,7.46639792293764,6.67639281834542,7431.77146185245,684,11265.5069952193,8.37080036967892,1.56620232399078,0.588102769258576,50.78125,0.107561960278235,point
102.770972886762,128.795213488483,77.6418510756907,105,1996,471,63.7918198553266,42.4910150046764,63.8019950985644,51.2295415095496,142749.814057463,1434,133209.332039661,5.14769903400349,3.27635387360216,1.1290304410419,180.6640625,7.74485235017224,0,0,0,0,0,0,7.7079461639351,5.10571854556904,7.70917263146269,6.39770750272652,12197.8051252298,980,16047.2733887235,7.29971562908497,1.42959060358633,0.720391765538645,59.5703125,0.106535195662038,open
239.093046523262,274.991804871296,135.883202020208,254,2264,158,46.9649303228096,34.4479042207255,46.9766815017072,49.4440014040356,37303.0545895188,582,68861.3605372303,4.188613013455,3.66335412958527,0.496495172194752,52.734375,4.73421987375382,117.459114479458,154.788678210887,100.831278636592,131,2112,188,9.34546464521839,5.9669483932392,9.34732891892315,7.1252338492107,10255.1200704108,731,14959.1396218507,11.3071832058305,1.62249600197581,0.640996406239011,49.8046875,0.187022248620489,pinch
133.871805792164,137.019320874887,29.2061156895261,143,1459,458,29.8873117418,22.6388332433774,29.8936780195167,35.8454893864659,43846.0560327401,900,53155.98045545,4.46534869206109,3.16962216954463,0.788561257532864,74.21875,1.80613558471133,0.602244389027431,3.24728929732918,3.19161765176401,0,54,8,3.40177495110182,2.49893246215338,3.40248134124104,3.83399007679762,4973.66325675545,799,6012.43150394103,4.97052996467342,1.17678586332043,0.844446854119677,89.84375,0.0223468179641785,ok
458.84733201581,477.483432549951,132.1294056771,496,1668,241,39.6486783664951,30.1309675564488,39.6584766096495,47.8790948487186,47958.0303846435,771,60985.0783342524,3.6886003825467,3.50044734068094,0.759580230833457,72.265625,3.27592489770206,199.533894343151,231.33191093195,117.07726593419,227,2178,410,25.2185887701256,16.2710799847982,25.2244857465092,23.5058075038785,28104.8363116624,783,34803.8400874834,20.5313980481634,2.44372918080797,0.804196776404722,101.5625,1.41543317651568,point
140.118475559238,146.130200935733,41.4917050712334,154,2195,547,16.9840187395172,12.0284113610683,16.9875373752706,17.5538021587098,19030.3973451466,782,29036.5850256188,9.24334501721004,2.31594106125349,0.624692221962186,59.5703125,0.516408632423928,90.4467178175618,129.892259767413,93.2475025582944,89,1540,311,26.7977903382665,18.1381026762167,26.8035035274001,23.8773566801567,31586.1020801679,769,42551.9888784044,7.12978595269749,2.63415936343038,0.75836544261579,38.0859375,1.55842642141286,open
418.652759948652,426.745419143485,82.7400349693296,428.5,1294,255,21.4653908330395,16.3571645878607,21.4722666667079,26.8452813577459,17265.4093655411,526,25484.4624278869,3.64309916798661,2.71548137355342,0.655709962144177,83.984375,0.944963469451519,14.2961586121437,33.9792742427927,30.8350453612825,0,494,110,4.55785440662365,3.38789842201198,4.55926614355512,5.21005156681773,3755.91858549721,488,5468.06805312734,4.59883831171373,1.36909820026689,0.656790114808698,66.40625,0.0410982496005957,pinch
122.33316168898,137.578396338349,62.9639112404489,108,1523,391,88.7590722386018,64.9876775367914,88.7819334084316,94.3290776600629,137969.474463185,930,126206.069776449,4.5564352458637,4.8242854331164,1.15341991706789,156.25,17.4565613805888,0,0,0,0,0,0,12.1684966208309,8.686329531704,12.1716114283058,12.2564995239208,12347.3612580186,638,16973.0879049496,5.23994515833299,1.99474959357483,0.689580121137576,72.265625,0.30663684477914,open
127.958854166667,135.780749663443,45.4314717923943,132,2658,546,18.0962510904288,12.0560724402987,18.1009654240372,16.0083489635642,15685.6251145432,601,23147.6590853735,9.57999595219879,2.27059433610902,0.684844522215655,50.78125,0.694546963987541,64.085516559565,105.423611747981,83.7296241083819,0,1414,255,27.4631169874212,15.0549762678453,27.4699066783735,15.5640159032264,21328.650889934,568,30456.216989851,18.1072772833667,2.12888172269576,0.683672120893461,80.078125,1.87184032913261,open
434.084514721919,444.638829454502,96.3295509110951,451,1871,351,36.061601828763,28.5610075893853,36.0714356110997,48.4056862346439,43695.0438263933,720,52380.8879189326,3.24449697559551,3.56801063218799,0.822536171005539,48.828125,2.69192798237607,226.460574412533,245.100776417624,93.7794823676772,242,2852,580,24.762293457372,19.2860037836875,24.7687534441131,31.3747316065063,29912.6851714129,760,36932.6972457615,3.44668319447635,3.00401054567879,0.790149654536277,78.125,1.11581350827495,ok
437.135899450118,459.948129696162,143.082243758252,499,2438,487,23.5147681142888,17.5919183205202,23.5193797146694,27.2224719844124,36374.9978316342,974,44789.0240440444,4.60094397945673,2.82500016814199,0.812588173906542,71.2890625,1.06852366212028,183.038532961931,191.011429750328,54.622769172809,203.5,1397,435,11.1260789182187,8.51305609011309,11.1286624590782,13.3832578359015,16737.453343035,907,18337.1228181036,3.96214972945195,2.0886741495031,0.917478023861623,87.890625,0.248362642480635,ok
123.332816737699,141.305889876375,68.9798114225069,154,1736,410,77.6158551283717,54.0236203387957,77.6308910448763,77.2852339465233,151352.596018552,1297,139434.964094432,4.72969028452178,3.84481934946182,1.1319350071889,124.0234375,14.2381172012478,0,0,0,0,0,0,7.97506256178929,5.60471466078523,7.9765624228617,7.61068133752559,11802.3010381724,860,14902.9362830279,4.16507437183893,1.46283629698037,0.778967135233645,74.21875,0.127618604954535,open
250.583879093199,332.05966885122,217.934096241275,364,1956,122,34.5932010456545,22.6278792581642,34.6019057755762,28.9570740244537,29737.8869515352,594,44916.3403274559,11.03588520654,3.00736820306727,0.679948831490642,50.78125,2.89952352888695,23.970189701897,56.0297491635284,50.6572173157854,0,870,73,32.9737269268189,17.840036562113,32.9826661560203,16.234079095302,23984.1701873689,532,32914.8674570984,17.6919350535343,2.22820418746111,0.702081698113666,78.125,2.54959495288528,open
247.126875,311.928504428499,190.39526254672,351.5,1448,215,15.0007427880389,10.3086788933053,15.0054326799783,11.8596362498713,11589.9471461853,496,16493.8862292884,6.23889512836992,2.12627445914949,0.694396230874092,50.78125,0.542355876240303,161.755214723926,226.927513358381,159.207088636899,161,1740,263,14.6824373968554,8.61854282627601,14.686943179713,7.36602273091221,11456.6084740067,512,14048.2248068299,9.04532748975201,1.55835558564246,0.796305926763264,101.5625,0.449779272432489,point
64.9624553039333,71.8232128040581,30.6433173926286,60,2400,554,16.6411266964715,12.4290480189399,16.6460866941522,18.5535873294677,14400.1371034416,552,20855.9425757811,4.05819334427437,2.40573287049324,0.638338560577498,87.890625,0.578603038883734,18.7327422419253,25.6618903352711,17.5445696650377,27,542,180,11.1503812342283,7.34571504176592,11.153913740635,8.96033766356074,10571.1797660159,553,11598.8840509484,6.8984133751139,1.69245340861688,0.942196664549447,95.703125,0.272538516195829,point
0.00186725513495162,0.0432117476498188,0.0431750497683373,0,22,11,9.85518585190823,6.47024120951946,9.85602148610129,8.49524760242516,18421.0906214815,1383,38116.1909652791,9.14502164787813,1.75202767142967,0.442259568973978,49.8046875,0.0933802997259643,84.9420364637083,116.682368838649,80.0045408421088,63,3421,502,8.06267546771407,3.47569030794208,8.06336880849168,2.62793900717582,10833.4673549073,1048,20207.6634503752,73.1242464378029,1.10368152158173,0.747316130530244,50.29296875,0.107236811412242,pinch
333.381472349419,381.857548095739,186.236940426349,452,1769,433,13.7888633585151,10.0328194266783,13.7912921907036,14.2546565801037,15435.7249409412,707,28483.1743523396,4.18528508887144,2.12848834737552,0.506423456007627,61.5234375,0.394959198415074,400.125,456.49021366393,219.773748611862,534,2593,529,14.727527527356,10.2995730422715,14.7301284531636,15.0567036000818,20058.6854381991,865,28921.2011026984,7.68542115917304,2.13870737029129,0.687012606121269,60.546875,0.391904382736037,point
445.158898305085,457.858658926172,107.127080995431,479,1360,278,28.6043579465864,21.0525364606608,28.6144614129879,31.2711961606206,24585.5178819771,550,29810.3916282957,5.16937334639153,3.02834988793961,0.782185504856596,87.890625,1.80682036917437,208.325650557621,227.042108339197,90.302852570299,199,1309,255,17.5036805125544,13.5980881075136,17.5101795177406,21.970556911377,14620.3949415157,533,18289.4285046058,3.51123140813155,2.57570456054783,0.756436183312808,80.078125,0.66604559038341,ok
0.00172366869273338,0.0415170891649857,0.0414831745868281,0,36,17,8.68108548985688,5.85530091816249,8.68147928785987,8.18635690352523,31122.0596313039,2538,64542.9820209052,9.41008317157922,1.70121206300779,0.444744622410048,50.048828125,0.0996262080315763,70.395878920496,100.746488030472,72.0746051615525,60,6239,934,6.07721235563988,2.52297599333043,6.07748938358763,2.20607329683644,14644.325753665,1916,27672.0006948482,120.222095725884,0.999698915501392,0.737273364052374,50.048828125,0.0755124583512231,pinch
131.504615384615,234.498832756375,194.204994837243,3,3217,279,27.1134670022777,20.4634529049684,27.1204129526872,31.8958841795413,23891.6096797637,588,39903.7331646884,5.01235824143826,3.03173657748613,0.552240622454147,41.015625,1.58045913643949,356.01780655605,445.721669381297,268.231700264766,513,1978,175,32.7695071579414,15.5920680714475,32.7761387611362,11.5519736583126,22660.9991982449,671,38528.0002045467,28.6356602578007,2.02741126882263,0.540636193429622,50.78125,2.09931846486826,point
342.480633802817,370.910146763109,142.437692618807,402,1711,438,50.4147914207911,36.9954837683765,50.4236688328337,57.1592259974078,86978.1574527161,1107,105067.173902189,4.956373526598,3.77651873463635,0.808729940105358,84.9609375,5.5712753410202,99.9078091106291,135.816593772227,92.0197704429723,114,1994,453,17.2338973238766,12.3776540797777,17.2370134788932,17.8608675832598,30919.2056859588,1111,34236.591184665,4.94054065400167,2.26177819528678,0.895884301964135,84.9609375,0.589502944879969,ok
75.6980627922512,81.163491534368,29.2897374434588,83,2248,486,20.4729421523014,14.7891402618922,20.479783245015,22.1457031889279,15599.7136971447,497,22139.3429720526,5.84138801786855,2.57370561158705,0.652285904928252,87.890625,0.928370212112363,69.8827292110874,92.7505960264146,61.005920767156,78,726,149,25.1188950980454,17.2902213641269,25.1278229906832,23.4389197937426,16695.2542307808,463,24327.3414593265,6.88195328368463,2.65404099135094,0.669675784107309,48.828125,1.41675243340493,open
275.059519541054,306.673961997708,135.638402477316,342,2422,615,8.70315296894149,5.80923180078579,8.70471135476506,7.92711292063036,11426.1526619864,856,16201.9474923916,11.9234844056032,1.69205325316056,0.687438593665065,50.78125,0.136318926722394,292.489076274435,319.197180702849,127.840700124754,332,2216,516,3.70026985219936,2.42772618433546,3.70097898960049,3.31928418166681,4989.58531109765,791,6333.93761493122,15.7855338698374,1.11853611432253,0.801969787253841,104.4921875,0.0238340088601542,pinch
465.664504971898,488.839567531376,148.762425923755,519,1728,315,24.2717435686436,18.47394637867,24.2769594035252,28.4408800394722,30581.0527136732,787,42730.2379738638,3.41233190599403,2.8194194126236,0.681201419619402,59.5703125,1.25903718548266,18.3518181818182,33.5152475476733,28.0506727594702,0,586,159,5.56083997334491,4.23915023958475,5.56210054935535,6.57895969681299,7382.85789970765,760,9326.13052708644,3.71376783884488,1.51446578268802,0.787231267543888,82.03125,0.0636823223062429,pinch
373.616653875672,391.90874341093,118.357232830245,433.5,2084,517,19.7137081108043,15.1113782230348,19.7174900920788,23.7934868980096,29737.4529248423,904,39380.2516492287,3.91714055730323,2.68968861938997,0.754684115636449,65.4296875,0.813508352377281,69.7687788501888,75.0118608609862,27.5574935000335,81,1122,366,4.70754281813477,3.55125413463301,4.70853059234742,5.57407824609325,6763.18344127067,781,8462.63860283046,4.00487466845158,1.40084493538447,0.788484302393009,49.8046875,0.0485419072600321,ok
355.3203187251,446.978949030594,271.286369807404,503,1494,103,11.6223827373846,8.11263942186567,11.6270148122522,10.8968798595618,7949.39071228871,458,10181.3624744414,6.33241332451459,1.92678772993835,0.773131348304712,29.296875,0.300338587576571,214.865563598759,257.373828286936,141.756332079178,295,1138,208,12.766118566609,8.10740875801164,12.7727240052544,7.90667111478911,6197.12420093801,304,7839.86426899726,6.73684851479197,1.67918751800892,0.772133458229433,101.5625,0.339915639766363,point
233.359726688103,249.773874422549,89.0697197464963,271,2096,548,21.1667477915556,16.3441551953882,21.1709839171699,25.2474056411483,30282.8263624454,908,40664.2581261259,3.4329079051798,2.77019412686668,0.71652300666359,49.8046875,0.940265121533022,50.072680632749,60.0380027860507,33.1324276291992,64,1818,482,3.14071558758862,2.29781228352768,3.14138697610665,3.27018368953545,4815.88164940528,818,5374.58293117124,4.3911734718973,1.13284787741443,0.920695296433079,50.78125,0.0189452266416166,ok
411.260997067449,443.755670733251,166.744929965335,496,1923,285,20.4164060882986,15.7239647779447,20.4238941408878,24.8440135214363,15191.0017546712,466,21447.4879571166,3.68565678407266,2.71603911647396,0.685977619444494,50.78125,1.00562363068196,177.044056525353,191.105372786578,71.9789710058317,203,1135,251,14.4453096351447,10.9266547850396,14.45131577411,16.983132962372,11480.7798022891,457,13144.7657064026,3.69282795217737,2.24427336383416,0.834742341799777,107.421875,0.486806931982493,ok
221.588566350711,263.36666849368,142.360501720013,212,3158,575,46.2316385878668,34.7101502568202,46.2384664611869,55.0172441883792,100082.837925165,1356,117181.467267025,4.32927191343916,3.69422976280573,0.830326238768455,47.8515625,4.19780767312252,19.3350225225225,46.9335895103318,42.7718806188064,0,810,184,19.0354472428739,13.4550916178721,19.0381258764419,18.9938218874358,40786.3804039334,1327,47792.4854266818,5.14315612684306,2.23693562635619,0.85098029133946,121.09375,0.795848731679275,ok
444.190635451505,445.191199388957,29.8433922813654,447.5,898,210,31.670921330132,24.2778208509299,31.6841628612962,39.132739018758,25388.8922353028,486,29036.2737377122,3.38801689558542,3.2027537909047,0.834832883518081,85.9375,2.06074749676889,127.028317152104,152.035762165835,83.5723062478157,161,1055,248,14.3685514301147,10.8674936231584,14.3743674023105,16.3014369793801,11627.264450454,487,13432.2221182237,4.08982639833993,2.29554780090797,0.858831957045006,68.359375,0.415728616175779,ok
251.010217113665,262.648996818973,77.3445956548584,275,1619,406,21.2864761667305,16.2171957383059,21.2932534653238,25.2904587111378,20301.3197286575,588,25396.128526187,4.1392307560399,2.7452749031762,0.787914434085862,74.21875,0.968240047862124,32.8478260869565,45.2706586403725,31.1637750720435,47,762,125,10.8908617705266,7.7516251126874,10.8949442115406,11.8372316360849,7857.48761670116,496,10340.667900325,7.32940514321741,1.96820923647532,0.704924671688491,54.6875,0.226717458175272,point
294.733668341709,331.030097936442,150.750387419569,384,1743,408,16.7076902959853,11.7849188726199,16.7123260085538,15.6976085577858,15329.9620841417,551,21106.7897008622,5.78042617002644,2.26740498478928,0.711412962262797,50.78125,0.509571290421039,44.2210242587601,60.632319493121,41.4934612286371,51,1074,235,9.88378821542046,6.53924504717112,9.88645155765674,7.82352231618089,9099.09418881639,584,12130.2995625024,5.94925433606562,1.54539533369323,0.744408954352234,72.265625,0.177173064793782,ok
315.316858868753,350.931104787711,154.081005119707,397,2650,531,7.94658943269031,5.99095009788219,7.94877151858876,8.88030962472534,8659.37118434032,665,10909.5201282435,3.96345939387353,1.76611608907125,0.792595086439394,83.984375,0.129145665913589,91.5498327759197,99.0439954943169,37.8060473182193,105,760,227,6.80896742805834,4.69337588452706,6.8112457724307,6.36822885507268,5558.53965807994,530,7016.59694736796,7.02062433283296,1.49865841935573,0.779995051087899,68.359375,0.0868339933331266,point
2.53532608695652,13.0359383400581,12.7928124043781,0,218,15,90.1206436243839,67.6895817491827,90.1614614341452,105.143586392663,76505.821470861,507,74729.2982510977,4.48782076520254,5.07851559169184,1.05255287235671,113.28125,19.6554881306064,155.547332185886,176.542018616955,83.5351246569181,176.5,1504,270,20.6614191689385,14.8053983163256,20.6703057401176,20.3652682213913,11123.3030290279,408,17203.8728435704,4.72646658745928,2.45187188130123,0.599439620791203,46.875,0.961865573309258,open
0.565300896286812,4.96807992908912,4.93739403967282,0,126,7,75.8269430867055,52.7315397665469,75.8512270094955,71.1558787646794,77042.5510232557,700,82366.6651153463,5.04974757846142,4.12044274366894,0.947960606016947,89.84375,13.9233108431912,1.50835003340013,4.49760568678799,4.23855376093622,0,130,19,16.0116072232882,9.82533187740452,16.016955027874,10.6252721131167,12556.1694078875,593,14708.5218204746,8.91555628711216,1.79529285961999,0.856240246475491,117.1875,0.550585240029933,open
